cause_id,cause_name,sequela_id,sequela_name,me_id,healthstate_id,healthstate_name
300,hiv_aids_resulting_in_other_diseases,5051,early_hiv_with_mild_anemia,16321,860,anemia_mild_generic_uncomplicated_disease_anxiety
300,hiv_aids_resulting_in_other_diseases,5054,early_hiv_with_moderate_anemia,16322,861,anemia_moderate_generic_uncomplicated_disease_anxiety
300,hiv_aids_resulting_in_other_diseases,5057,early_hiv_with_severe_anemia,16323,862,anemia_severe_generic_uncomplicated_disease_anxiety
300,hiv_aids_resulting_in_other_diseases,5060,early_hiv_without_anemia,16324,560,generic_uncomplicated_disease_anxiety_about_diagnosis
300,hiv_aids_resulting_in_other_diseases,5063,symptomatic_hiv_with_mild_anemia,16325,2534,hiv_cases_symptomatic_pre_aids_and_anemia_mild
300,hiv_aids_resulting_in_other_diseases,5066,symptomatic_hiv_with_moderate_anemia,16326,2537,hiv_cases_symptomatic_pre_aids_and_anemia_moderate
300,hiv_aids_resulting_in_other_diseases,5069,symptomatic_hiv_with_severe_anemia,16327,2540,hiv_cases_symptomatic_pre_aids_and_anemia_severe
300,hiv_aids_resulting_in_other_diseases,5072,symptomatic_hiv_without_anemia,16328,360,hiv_cases_symptomatic_pre_aids
300,hiv_aids_resulting_in_other_diseases,5075,hiv_aids_with_antiretroviral_treatment_with_mild_anemia,16329,2543,hiv_aids_cases_receiving_arv_treatment_and_anemia_mild
300,hiv_aids_resulting_in_other_diseases,5078,hiv_aids_with_antiretroviral_treatment_with_moderate_anemia,16330,2546,hiv_aids_cases_receiving_arv_treatment_and_anemia_moderate
300,hiv_aids_resulting_in_other_diseases,5081,hiv_aids_with_antiretroviral_treatment_with_severe_anemia,16331,2549,hiv_aids_cases_receiving_arv_treatment_and_anemia_severe
300,hiv_aids_resulting_in_other_diseases,5084,hiv_aids_with_antiretroviral_treatment_without_anemia,16332,361,hiv_aids_cases_receiving_arv_treatment
300,hiv_aids_resulting_in_other_diseases,5087,aids_with_mild_anemia,16333,2552,aids_cases_not_receiving_arv_treatment_and_anemia_mild
300,hiv_aids_resulting_in_other_diseases,5090,aids_with_moderate_anemia,16334,2555,aids_cases_not_receiving_arv_treatment_and_anemia_moderate
300,hiv_aids_resulting_in_other_diseases,5093,aids_with_severe_anemia,16335,2558,aids_cases_not_receiving_arv_treatment_and_anemia_severe
300,hiv_aids_resulting_in_other_diseases,5096,aids_without_anemia,16336,362,aids_cases_not_receiving_arv_treatment
302,diarrheal_diseases,665,mild_diarrheal_diseases,2608,355,diarrhea_mild
302,diarrheal_diseases,666,moderate_diarrheal_diseases,2609,356,diarrhea_moderate
302,diarrheal_diseases,667,severe_diarrheal_diseases,2610,357,diarrhea_severe
302,diarrheal_diseases,668,guillain_barre_syndrome_due_to_diarrheal_diseases,2611,540,spinal_cord_lesion_below_neck_level_treated
319,typhoid_fever,7,acute_typhoid_infection,1249,352,infectious_disease_acute_episode_moderate
319,typhoid_fever,8,severe_typhoid_fever,1250,353,infectious_disease_acute_episode_severe
319,typhoid_fever,9,intestinal_perforation_due_to_typhoid,1251,546,abdominopelvic_problem_severe
319,typhoid_fever,971,gastrointestinal_bleeding_due_to_typhoid,3134,395,gastric_bleeding
320,paratyphoid_fever,10,acute_paratyphoid_infection,1253,351,infectious_disease_acute_episode_mild
320,paratyphoid_fever,11,moderate_paratyphoid_fever,1254,352,infectious_disease_acute_episode_moderate
320,paratyphoid_fever,12,severe_paratyphoid_fever,1255,353,infectious_disease_acute_episode_severe
320,paratyphoid_fever,13,intestinal_perforation_due_to_paratyphoid,1256,545,abdominopelvic_problem_moderate
321,other_intestinal_infectious_diseases,14,other_intestinal_infectious_diseases,1257,639,post_como_calculation_for_residuals_yll_yld_ratio_other_methods
322,lower_respiratory_infections,669,moderate_lower_respiratory_infections,2613,352,infectious_disease_acute_episode_moderate
322,lower_respiratory_infections,670,severe_lower_respiratory_infections,2614,353,infectious_disease_acute_episode_severe
322,lower_respiratory_infections,671,guillain_barre_syndrome_due_to_lower_respiratory_infections,2615,540,spinal_cord_lesion_below_neck_level_treated
328,upper_respiratory_infections,15,mild_upper_respiratory_infections,1277,351,infectious_disease_acute_episode_mild
328,upper_respiratory_infections,16,moderate_upper_respiratory_infections,1278,352,infectious_disease_acute_episode_moderate
328,upper_respiratory_infections,17,guillain_barre_syndrome_due_to_upper_respiratory_infections,1280,540,spinal_cord_lesion_below_neck_level_treated
329,otitis_media,18,acute_otitis_media,1281,365,ear_pain
329,otitis_media,829,severe_infectious_complications_due_to_chronic_otitis_media,2871,353,infectious_disease_acute_episode_severe
329,otitis_media,972,vertigo_with_mild_hearing_loss_due_to_chronic_otitis_media,3137,827,vertigo_with_mild_hearing_loss
329,otitis_media,973,vertigo_with_mild_hearing_loss_and_ringing_due_to_chronic_otitis_media,3138,828,vertigo_with_mild_hearing_loss_and_ringing
329,otitis_media,1054,mild_hearing_loss_due_to_chronic_otitis_media,3261,455,hearing_loss_mild
329,otitis_media,1055,mild_hearing_loss_with_ringing_due_to_chronic_otitis_media,3262,460,hearing_loss_mild_with_ringing
329,otitis_media,1102,vertigo_with_moderate_hearing_loss_due_to_chronic_otitis_media,3324,863,vertigo_with_moderate_hearing_loss
329,otitis_media,1103,vertigo_with_moderate_hearing_loss_and_ringing_due_to_chronic_otitis_media,3325,864,vertigo_with_moderate_hearing_loss_and_ringing
329,otitis_media,1104,moderate_hearing_loss_due_to_chronic_otitis_media,3326,456,hearing_loss_moderate
329,otitis_media,1105,moderate_hearing_loss_with_ringing_due_to_chronic_otitis_media,3327,461,hearing_loss_moderate_with_ringing
332,meningitis,111,acute_viral_meningitis,24161,353,infectious_disease_acute_episode_severe
332,meningitis,22857,mild_motor_plus_cognitive_impairments_due_to_meningitis,24036,568,motor_plus_cognitive_impairments_mild
332,meningitis,22858,moderately_severe_hearing_loss_due_to_meningitis,24038,575,hearing_loss_moderately_severe
332,meningitis,22859,profound_hearing_loss_with_ringing_due_to_meningitis,24039,463,hearing_loss_profound_with_ringing
332,meningitis,22860,moderate_motor_impairment_due_to_meningitis,24040,566,motor_impairment_moderate
332,meningitis,22861,blindness_due_to_meningitis,24043,468,distance_vision_blindness
332,meningitis,22862,moderate_hearing_loss_with_ringing_due_to_meningitis,24045,461,hearing_loss_moderate_with_ringing
332,meningitis,22863,profound_hearing_loss_due_to_meningitis,24046,458,hearing_loss_profound
332,meningitis,22864,mild_intellectual_disability_due_to_meningitis,24047,451,intellectual_disability_mental_retardation_mild
332,meningitis,22865,epilepsy_due_to_meningitis,24050,772,epilepsy
332,meningitis,22866,moderate_hearing_loss_due_to_meningitis,24053,456,hearing_loss_moderate
332,meningitis,22867,severe_hearing_loss_with_ringing_due_to_meningitis,24054,462,hearing_loss_severe_with_ringing
332,meningitis,22868,borderline_intellectual_disability_due_to_meningitis,24055,450,borderline_intellectual_functioning
332,meningitis,22869,monocular_distance_vision_loss_due_to_meningitis,24057,704,distance_vision_monocular
332,meningitis,22870,severe_motor_plus_cognitive_impairments_due_to_meningitis,24058,570,motor_plus_cognitive_impairments_severe
332,meningitis,22871,mild_hearing_loss_with_ringing_due_to_meningitis,24060,460,hearing_loss_mild_with_ringing
332,meningitis,22872,mild_motor_impairment_due_to_long_term_due_to_meningitis,24061,565,motor_impairment_mild
332,meningitis,22873,mild_behavioral_problems_due_to_meningitis,24062,446,attention_deficit_hyperactivity_disorder
332,meningitis,22874,severe_hearing_loss_due_to_meningitis,24063,457,hearing_loss_severe
332,meningitis,22875,complete_hearing_loss_with_ringing_due_to_meningitis,24064,464,hearing_loss_complete_with_ringing
332,meningitis,22876,moderate_motor_plus_cognitive_impairments_due_to_meningitis,24065,569,motor_plus_cognitive_impairments_moderate
332,meningitis,22877,mild_hearing_loss_due_to_meningitis,24067,455,hearing_loss_mild
332,meningitis,22878,acute_meningitis,24068,353,infectious_disease_acute_episode_severe
332,meningitis,22879,moderately_severe_hearing_loss_with_ringing_due_to_meningitis,24069,576,hearing_loss_moderately_severe_with_ringing
332,meningitis,22880,complete_hearing_loss_due_to_meningitis,24070,459,hearing_loss_complete
332,meningitis,22881,severe_motor_impairment_due_to_meningitis,24071,567,motor_impairment_severe
332,meningitis,22882,moderate_vision_impairment_due_to_meningitis,24181,466,distance_vision_moderate_impairment
332,meningitis,22883,severe_vision_impairment_due_to_meningitis,24182,467,distance_vision_severe_impairment
337,encephalitis,112,acute_encephalitis,1419,353,infectious_disease_acute_episode_severe
337,encephalitis,793,mild_behavioral_problems_due_to_encephalitis,2810,446,attention_deficit_hyperactivity_disorder
337,encephalitis,794,mild_motor_impairment_due_to_long_term_due_to_encephalitis,3482,565,motor_impairment_mild
337,encephalitis,795,mild_motor_plus_cognitive_impairments_due_to_encephalitis,3485,568,motor_plus_cognitive_impairments_mild
337,encephalitis,796,borderline_intellectual_disability_due_to_encephalitis,3488,450,borderline_intellectual_functioning
337,encephalitis,797,monocular_distance_vision_loss_due_to_encephalitis,2814,704,distance_vision_monocular
337,encephalitis,798,mild_intellectual_disability_due_to_encephalitis,3491,451,intellectual_disability_mental_retardation_mild
337,encephalitis,799,moderate_motor_impairment_due_to_encephalitis,3494,566,motor_impairment_moderate
337,encephalitis,800,severe_motor_impairment_due_to_encephalitis,3497,567,motor_impairment_severe
337,encephalitis,801,moderate_motor_plus_cognitive_impairments_due_to_encephalitis,3500,569,motor_plus_cognitive_impairments_moderate
337,encephalitis,802,severe_motor_plus_cognitive_impairments_due_to_encephalitis,3503,570,motor_plus_cognitive_impairments_severe
337,encephalitis,803,epilepsy_due_to_encephalitis,3506,772,epilepsy
337,encephalitis,874,blindness_due_to_encephalitis,3509,468,distance_vision_blindness
337,encephalitis,1151,moderate_vision_impairment_due_to_encephalitis,9462,466,distance_vision_moderate_impairment
337,encephalitis,1152,severe_vision_impairment_due_to_encephalitis,9463,467,distance_vision_severe_impairment
338,diphtheria,113,moderate_diphtheria,1422,352,infectious_disease_acute_episode_moderate
338,diphtheria,114,severe_diphtheria,1423,353,infectious_disease_acute_episode_severe
339,pertussis,115,whooping_cough,1424,352,infectious_disease_acute_episode_moderate
340,tetanus,116,severe_tetanus,1426,353,infectious_disease_acute_episode_severe
340,tetanus,706,moderate_motor_plus_cognitive_impairment_with_blindness_due_to_neonatal_tetanus,3530,778,moderate_motor_plus_cognitive_impairment_with_blindness
340,tetanus,710,moderate_motor_plus_cognitive_impairment_with_blindness_and_epilepsy_due_to_neonatal_tetanus,3536,780,moderate_motor_plus_cognitive_impairment_with_blindness_and_epilepsy
340,tetanus,714,moderate_motor_plus_cognitive_impairment_with_epilepsy_due_to_neonatal_tetanus,3533,779,moderate_motor_plus_cognitive_impairment_with_epilepsy
340,tetanus,719,severe_motor_plus_cognitive_impairment_with_blindness_due_to_neonatal_tetanus,3551,784,severe_motor_plus_cognitive_impairment_with_blindness
340,tetanus,730,severe_motor_plus_cognitive_impairment_with_blindness_and_epilepsy_due_to_neonatal_tetanus,3557,786,severe_motor_plus_cognitive_impairment_with_blindness_and_epilepsy
340,tetanus,736,severe_motor_plus_cognitive_impairment_with_epilepsy_due_to_neonatal_tetanus,3554,785,severe_motor_plus_cognitive_impairment_with_epilepsy
340,tetanus,737,moderate_motor_impairment_due_to_neonatal_tetanus,3518,566,motor_impairment_moderate
340,tetanus,746,moderate_motor_impairment_with_blindness_due_to_neonatal_tetanus,3521,775,moderate_motor_impairment_with_blindness
340,tetanus,754,moderate_motor_impairment_with_blindness_and_epilepsy_due_to_neonatal_tetanus,3527,777,moderate_motor_impairment_with_blindness_and_epilepsy
340,tetanus,756,moderate_motor_impairment_with_epilepsy_due_to_neonatal_tetanus,3524,776,moderate_motor_impairment_with_epilepsy
340,tetanus,766,severe_motor_impairment_due_to_neonatal_tetanus,3539,567,motor_impairment_severe
340,tetanus,768,severe_motor_impairment_with_blindness_due_to_neonatal_tetanus,3542,781,severe_motor_impairment_with_blindness
340,tetanus,773,severe_motor_impairment_with_blindness_and_epilepsy_due_to_neonatal_tetanus,3548,783,severe_motor_impairment_with_blindness_and_epilepsy
340,tetanus,781,severe_motor_impairment_with_epilepsy_due_to_neonatal_tetanus,3545,782,severe_motor_impairment_with_epilepsy
340,tetanus,785,mild_motor_impairment_due_to_neonatal_tetanus,3512,565,motor_impairment_mild
340,tetanus,786,mild_motor_plus_cognitive_impairments_due_to_neonatal_tetanus,3515,568,motor_plus_cognitive_impairments_mild
341,measles,117,moderate_measles,1437,352,infectious_disease_acute_episode_moderate
341,measles,118,severe_measles,1438,353,infectious_disease_acute_episode_severe
342,varicella_and_herpes_zoster,119,chickenpox,1440,351,infectious_disease_acute_episode_mild
342,varicella_and_herpes_zoster,120,herpes_zoster,1441,359,herpes_zoster
345,malaria,121,mild_malaria,9762,351,infectious_disease_acute_episode_mild
345,malaria,122,moderate_malaria,9763,352,infectious_disease_acute_episode_moderate
345,malaria,123,severe_malaria,9764,353,infectious_disease_acute_episode_severe
345,malaria,884,moderate_motor_impairment_due_to_malaria,3560,566,motor_impairment_moderate
345,malaria,885,moderate_motor_impairment_with_blindness_due_to_malaria,3563,775,moderate_motor_impairment_with_blindness
345,malaria,886,moderate_motor_impairment_with_epilepsy_due_to_malaria,3566,776,moderate_motor_impairment_with_epilepsy
345,malaria,887,moderate_motor_impairment_with_blindness_and_epilepsy_due_to_malaria,3569,777,moderate_motor_impairment_with_blindness_and_epilepsy
345,malaria,888,moderate_motor_plus_cognitive_impairment_with_blindness_due_to_malaria,3572,778,moderate_motor_plus_cognitive_impairment_with_blindness
345,malaria,889,moderate_motor_plus_cognitive_impairment_with_epilepsy_due_to_malaria,3575,779,moderate_motor_plus_cognitive_impairment_with_epilepsy
345,malaria,890,moderate_motor_plus_cognitive_impairment_with_blindness_and_epilepsy_due_to_malaria,3578,780,moderate_motor_plus_cognitive_impairment_with_blindness_and_epilepsy
345,malaria,891,severe_motor_impairment_due_to_malaria,3581,567,motor_impairment_severe
345,malaria,892,severe_motor_impairment_with_blindness_due_to_malaria,3584,781,severe_motor_impairment_with_blindness
345,malaria,893,severe_motor_impairment_with_epilepsy_due_to_malaria,3587,782,severe_motor_impairment_with_epilepsy
345,malaria,894,severe_motor_impairment_with_blindness_and_epilepsy_due_to_malaria,3590,783,severe_motor_impairment_with_blindness_and_epilepsy
345,malaria,895,severe_motor_plus_cognitive_impairment_with_blindness_due_to_malaria,3593,784,severe_motor_plus_cognitive_impairment_with_blindness
345,malaria,896,severe_motor_plus_cognitive_impairment_with_epilepsy_due_to_malaria,3596,785,severe_motor_plus_cognitive_impairment_with_epilepsy
345,malaria,897,severe_motor_plus_cognitive_impairment_with_blindness_and_epilepsy_due_to_malaria,3599,786,severe_motor_plus_cognitive_impairment_with_blindness_and_epilepsy
345,malaria,1056,asymptomatic_malaria_parasitemia_pfpr,3266,799,asymptomatic
345,malaria,1057,mild_anemia_due_to_malaria_parasitemia_pfpr,19391,547,anemia_mild
345,malaria,1058,moderate_anemia_due_to_malaria_parasitemia_pfpr,19392,548,anemia_moderate
345,malaria,1059,severe_anemia_due_to_malaria_parasitemia_pfpr,19393,549,anemia_severe
345,malaria,5018,severe_malaria_with_mild_anemia,16377,2474,infectious_disease_acute_episode_severe_with_mild_anemia
345,malaria,5021,severe_malaria_with_moderate_anemia,16378,2477,infectious_disease_acute_episode_severe_with_moderate_anemia
345,malaria,5024,severe_malaria_with_severe_anemia,16379,2480,infectious_disease_acute_episode_severe_with_severe_anemia
345,malaria,5027,mild_malaria_with_mild_anemia,16384,2483,infectious_disease_acute_episode_mild_with_mild_anemia
345,malaria,5030,mild_malaria_with_moderate_anemia,16385,2486,infectious_disease_acute_episode_mild_with_moderate_anemia
345,malaria,5033,mild_malaria_with_severe_anemia,16386,2489,infectious_disease_acute_episode_mild_with_severe_anemia
345,malaria,5036,moderate_malaria_with_mild_anemia,16387,2492,infectious_disease_acute_episode_moderate_with_mild_anemia
345,malaria,5039,moderate_malaria_with_moderate_anemia,16388,2495,infectious_disease_acute_episode_moderate_with_moderate_anemia
345,malaria,5042,moderate_malaria_with_severe_anemia,16389,2498,infectious_disease_acute_episode_moderate_with_severe_anemia
345,malaria,5606,mild_anemia_due_to_malaria_vivax_pvpr,19395,547,anemia_mild
345,malaria,5609,moderate_anemia_due_to_malaria_vivax_pvpr,19396,548,anemia_moderate
345,malaria,5612,severe_anemia_due_to_malaria_vivax_pvpr,19397,549,anemia_severe
345,malaria,5615,asymptomatic_malaria_vivax_pvpr,19398,799,asymptomatic
346,chagas_disease,124,acute_chagas_disease,1451,352,infectious_disease_acute_episode_moderate
346,chagas_disease,125,atrial_fibrillation_and_flutter_due_to_chagas_disease,1452,379,cardiac_conduction_disorders_and_cardiac_dysrhythmias
346,chagas_disease,126,mild_chronic_digestive_disease_due_to_chagas_disease,1453,544,abdominopelvic_problem_mild
346,chagas_disease,127,moderate_chronic_digestive_disease_due_to_chagas_disease,1454,545,abdominopelvic_problem_moderate
346,chagas_disease,128,mild_heart_failure_due_to_chagas_disease,1455,381,heart_failure_mild
346,chagas_disease,129,moderate_heart_failure_due_to_chagas_disease,1456,382,heart_failure_moderate
346,chagas_disease,130,severe_heart_failure_due_to_chagas_disease,1457,383,heart_failure_severe
346,chagas_disease,935,asymptomatic_chagas_disease,3077,799,asymptomatic
346,chagas_disease,5735,controlled_medically_managed_heart_failure_due_to_chagas_disease,20026,559,generic_uncomplicated_disease_worry_and_daily_medication
348,visceral_leishmaniasis,131,moderate_visceral_leishmaniasis,1459,352,infectious_disease_acute_episode_moderate
348,visceral_leishmaniasis,132,severe_visceral_leishmaniasis,1460,353,infectious_disease_acute_episode_severe
349,cutaneous_and_mucocutaneous_leishmaniasis,133,cutaneous_and_mucocutaneous_leishmaniasis,1461,554,disfigurement_level_2
350,african_trypanosomiasis,1454,skin_disfigurement_due_to_trypanosoma_brucei_gambiense,10918,556,disfigurement_level_1_with_itch_pain
350,african_trypanosomiasis,1457,sleeping_sickness_due_to_trypanosoma_brucei_gambiense,10919,570,motor_plus_cognitive_impairments_severe
350,african_trypanosomiasis,1460,sleeping_sickness_due_to_trypanosoma_brucei_rhodesiense,10921,570,motor_plus_cognitive_impairments_severe
350,african_trypanosomiasis,1463,skin_disfigurement_due_to_trypanosoma_brucei_rhodesiense,10920,556,disfigurement_level_1_with_itch_pain
351,schistosomiasis,137,mild_diarrhea_due_to_schistosomiasis,1469,355,diarrhea_mild
351,schistosomiasis,138,hematemesis_due_to_schistosomiasis,1470,395,gastric_bleeding
351,schistosomiasis,139,hepatomegaly_due_to_schistosomiasis,1471,544,abdominopelvic_problem_mild
351,schistosomiasis,140,ascites_due_to_schistosomiasis,1472,545,abdominopelvic_problem_moderate
351,schistosomiasis,141,dysuria_due_to_schistosomiasis,1473,544,abdominopelvic_problem_mild
351,schistosomiasis,142,bladder_pathology_due_to_schistosomiasis,1474,544,abdominopelvic_problem_mild
351,schistosomiasis,143,hydronephrosis_due_to_schistosomiasis,1475,544,abdominopelvic_problem_mild
351,schistosomiasis,144,mild_anemia_due_to_schistosomiasis,1476,547,anemia_mild
351,schistosomiasis,145,moderate_anemia_due_to_schistosomiasis,1477,548,anemia_moderate
351,schistosomiasis,146,severe_anemia_due_to_schistosomiasis,1478,549,anemia_severe
351,schistosomiasis,23060,mild_schistosomiasis_without_anemia,25904,351,infectious_disease_acute_episode_mild
352,cysticercosis,689,neurocysticercosis_with_epilepsy,3605,772,epilepsy
353,cystic_echinococcosis,147,abdominal_problems_due_to_cystic_echinococcosis,1485,545,abdominopelvic_problem_moderate
353,cystic_echinococcosis,148,chronic_respiratory_disease_due_to_cystic_echinococcosis,1486,405,copd_and_other_chronic_respiratory_problems_mild
353,cystic_echinococcosis,787,epilepsy_due_to_echinococcosis,3608,772,epilepsy
354,lymphatic_filariasis,149,prevalence_of_detectable_microfiliaria_due_to_lymphatic_filariasis,10519,799,asymptomatic
354,lymphatic_filariasis,150,lymphedema_due_to_lymphatic_filariasis,1492,364,lymphatic_filariasis_symptomatic
354,lymphatic_filariasis,151,hydrocele_due_to_lymphatic_filariasis,1493,358,epididymo_orchitis
354,lymphatic_filariasis,4946,acute_adenolymphangitis_due_to_lymphatic_filariasis,15811,352,infectious_disease_acute_episode_moderate
355,onchocerciasis,152,mild_skin_disease_due_to_onchocerciasis,1495,556,disfigurement_level_1_with_itch_pain
355,onchocerciasis,153,moderate_skin_disease_due_to_onchocerciasis,1496,557,disfigurement_level_2_with_itch_pain
355,onchocerciasis,658,severe_skin_disease_due_to_onchocerciasis,2515,557,disfigurement_level_2_with_itch_pain
355,onchocerciasis,673,mild_skin_disease_without_itch_due_to_onchocerciasis,2620,553,disfigurement_level_1
355,onchocerciasis,674,severe_skin_disease_without_itch_due_to_onchocerciasis,2621,555,disfigurement_level_3
355,onchocerciasis,875,blindness_due_to_onchocerciasis,3611,468,distance_vision_blindness
355,onchocerciasis,876,moderate_vision_impairment_due_to_onchocerciasis,2957,466,distance_vision_moderate_impairment
355,onchocerciasis,877,severe_vision_impairment_due_to_onchocerciasis,2958,467,distance_vision_severe_impairment
355,onchocerciasis,956,asymptomatic_onchocerciasis,3107,799,asymptomatic
356,trachoma,154,moderate_vision_impairment_due_to_trachoma,1501,466,distance_vision_moderate_impairment
356,trachoma,155,severe_vision_impairment_due_to_trachoma,1502,467,distance_vision_severe_impairment
356,trachoma,156,blindness_due_to_trachoma,3614,468,distance_vision_blindness
357,dengue,157,moderate_dengue,1506,352,infectious_disease_acute_episode_moderate
357,dengue,158,severe_dengue,1507,353,infectious_disease_acute_episode_severe
357,dengue,159,post_dengue_chronic_fatigue_syndrome,1508,354,infectious_disease_post_acute_consequences_fatigue_emotional_lability_insomnia
358,yellow_fever,160,moderate_yellow_fever,1510,352,infectious_disease_acute_episode_moderate
358,yellow_fever,161,severe_yellow_fever,1511,353,infectious_disease_acute_episode_severe
358,yellow_fever,1112,asymptomatic_yellow_fever,3338,799,asymptomatic
359,rabies,162,rabies,1512,353,infectious_disease_acute_episode_severe
361,ascariasis,163,heavy_infestation_of_ascariasis,1513,363,intestinal_nematode_infections_symptomatic
361,ascariasis,164,mild_abdominopelvic_problems_due_to_ascariasis,1514,544,abdominopelvic_problem_mild
361,ascariasis,165,severe_wasting_due_to_ascariasis,1515,563,severe_wasting
361,ascariasis,957,asymptomatic_ascariasis,3109,799,asymptomatic
362,trichuriasis,166,heavy_infestation_of_trichuriasis,1516,363,intestinal_nematode_infections_symptomatic
362,trichuriasis,167,mild_abdominopelvic_problems_due_to_trichuriasis,1517,544,abdominopelvic_problem_mild
362,trichuriasis,168,severe_wasting_due_to_trichuriasis,1518,563,severe_wasting
362,trichuriasis,958,asymptomatic_trichuriasis,3110,799,asymptomatic
363,hookworm_disease,169,heavy_infestation_of_hookworm,1519,363,intestinal_nematode_infections_symptomatic
363,hookworm_disease,170,mild_abdominopelvic_problems_due_to_hookworm_disease,1520,544,abdominopelvic_problem_mild
363,hookworm_disease,171,severe_wasting_due_to_hookworm_disease,1521,563,severe_wasting
363,hookworm_disease,172,mild_anemia_due_to_hookworm_disease,1522,547,anemia_mild
363,hookworm_disease,173,moderate_anemia_due_to_hookworm_disease,1523,548,anemia_moderate
363,hookworm_disease,174,severe_anemia_due_to_hookworm_disease,1524,549,anemia_severe
363,hookworm_disease,974,asymptomatic_hookworm,3139,799,asymptomatic
364,food_borne_trematodiases,175,cerebral_paragonimiasis,3617,772,epilepsy
364,food_borne_trematodiases,908,heavy_clonorchiasis_due_to_food_borne_trematodiases,3002,545,abdominopelvic_problem_moderate
364,food_borne_trematodiases,909,heavy_fascioliasis_due_to_food_borne_trematodiases,3003,545,abdominopelvic_problem_moderate
364,food_borne_trematodiases,910,heavy_intestinal_fluke_infection_due_to_food_borne_trematodiases,3004,545,abdominopelvic_problem_moderate
364,food_borne_trematodiases,911,heavy_opisthorchiasis_due_to_food_borne_trematodiases,3005,545,abdominopelvic_problem_moderate
364,food_borne_trematodiases,959,asymptomatic_clonorchiasis,3112,799,asymptomatic
364,food_borne_trematodiases,960,asymptomatic_fascioliasis,3113,799,asymptomatic
364,food_borne_trematodiases,961,asymptomatic_intestinal_fluke_infection,3114,799,asymptomatic
364,food_borne_trematodiases,962,asymptomatic_opisthorchiasis,3115,799,asymptomatic
364,food_borne_trematodiases,963,asymptomatic_paragonimiasis,3116,799,asymptomatic
364,food_borne_trematodiases,1341,mild_paragonimiasis_due_to_food_borne_trematodiases,10327,405,copd_and_other_chronic_respiratory_problems_mild
364,food_borne_trematodiases,1342,moderate_paragonimiasis_due_to_food_borne_trematodiases,10328,406,copd_and_other_chronic_respiratory_problems_moderate
364,food_borne_trematodiases,1343,severe_paragonimiasis_due_to_food_borne_trematodiases,10329,407,copd_and_other_chronic_respiratory_problems_severe
365,other_neglected_tropical_diseases,176,acute_infection_due_to_other_neglected_tropical_diseases,1531,639,post_como_calculation_for_residuals_yll_yld_ratio_other_methods
365,other_neglected_tropical_diseases,177,mild_anemia_due_to_other_neglected_tropical_diseases,1532,547,anemia_mild
365,other_neglected_tropical_diseases,178,moderate_anemia_due_to_other_neglected_tropical_diseases,1533,548,anemia_moderate
365,other_neglected_tropical_diseases,179,severe_anemia_due_to_other_neglected_tropical_diseases,1534,549,anemia_severe
367,maternal_hemorrhage,180,maternal_hemorrhage_less_than__1l_blood_lost,1536,545,abdominopelvic_problem_moderate
367,maternal_hemorrhage,181,maternal_hemorrhage_greater_than__1l_blood_lost,1537,546,abdominopelvic_problem_severe
367,maternal_hemorrhage,182,mild_anemia_due_to_maternal_hemorrhage,1538,547,anemia_mild
367,maternal_hemorrhage,183,moderate_anemia_due_to_maternal_hemorrhage,1539,548,anemia_moderate
367,maternal_hemorrhage,184,severe_anemia_due_to_maternal_hemorrhage,1540,549,anemia_severe
368,maternal_sepsis_and_other_maternal_infections,675,infertility_due_to_puerperal_sepsis,2624,401,infertility_secondary
368,maternal_sepsis_and_other_maternal_infections,937,puerperal_sepsis_without_anemia,28858,353,infectious_disease_acute_episode_severe
368,maternal_sepsis_and_other_maternal_infections,938,other_maternal_infections,3626,352,infectious_disease_acute_episode_moderate
368,maternal_sepsis_and_other_maternal_infections,23488,puerperal_sepsis_with_mild_anemia,28814,2474,infectious_disease_acute_episode_severe_with_mild_anemia
368,maternal_sepsis_and_other_maternal_infections,23489,puerperal_sepsis_with_moderate_anemia,28815,2477,infectious_disease_acute_episode_severe_with_moderate_anemia
368,maternal_sepsis_and_other_maternal_infections,23490,puerperal_sepsis_with_severe_anemia,28816,2480,infectious_disease_acute_episode_severe_with_severe_anemia
369,maternal_hypertensive_disorders,185,severe_pre_eclampsia,1542,824,moderate_abdominal_pain_tension_type_headaches_mild_motor_plus_cognitive_impairment
369,maternal_hypertensive_disorders,186,eclampsia,3635,826,moderate_abdominal_pain_and_severe_epilepsy
369,maternal_hypertensive_disorders,187,long_term_sequelae_of_severe_pre_eclampsia,1546,825,tension_type_headaches_mild_motor_plus_cognitive_impairment
369,maternal_hypertensive_disorders,676,other_hypertensive_disorders_of_pregnancy,2625,559,generic_uncomplicated_disease_worry_and_daily_medication
369,maternal_hypertensive_disorders,677,long_term_sequelae_of_eclampsia,2627,825,tension_type_headaches_mild_motor_plus_cognitive_impairment
370,maternal_obstructed_labor_and_uterine_rupture,188,obstructed_labor_acute_event,3641,546,abdominopelvic_problem_severe
370,maternal_obstructed_labor_and_uterine_rupture,189,rectovaginal_fistula,1553,571,rectovaginal_fistula
370,maternal_obstructed_labor_and_uterine_rupture,190,vesicovaginal_fistula,1554,572,vesicovaginal_fistula
374,ectopic_pregnancy,5165,ectopic_pregnancy,10485,545,abdominopelvic_problem_moderate
379,other_direct_maternal_disorders_internal,192,other_maternal_disorders,1556,639,post_como_calculation_for_residuals_yll_yld_ratio_other_methods
381,neonatal_preterm_birth,193,mild_vision_impairment_due_to_retinopathy_of_prematurity,1577,465,distance_vision_mild_impairment
381,neonatal_preterm_birth,702,moderate_motor_plus_cognitive_impairment_with_blindness_due_to_neonatal_preterm_birth_complications_28_32wks,3722,778,moderate_motor_plus_cognitive_impairment_with_blindness
381,neonatal_preterm_birth,703,moderate_motor_plus_cognitive_impairment_with_blindness_due_to_neonatal_preterm_birth_complications_less_than_28wks,3680,778,moderate_motor_plus_cognitive_impairment_with_blindness
381,neonatal_preterm_birth,704,moderate_motor_plus_cognitive_impairment_with_blindness_due_to_neonatal_preterm_birth_complications_32_36wks,3764,778,moderate_motor_plus_cognitive_impairment_with_blindness
381,neonatal_preterm_birth,707,moderate_motor_plus_cognitive_impairment_with_blindness_and_epilepsy_due_to_neonatal_preterm_birth_complications_32_36wks,3770,780,moderate_motor_plus_cognitive_impairment_with_blindness_and_epilepsy
381,neonatal_preterm_birth,708,moderate_motor_plus_cognitive_impairment_with_blindness_and_epilepsy_due_to_neonatal_preterm_birth_complications_less_than_28wks,3686,780,moderate_motor_plus_cognitive_impairment_with_blindness_and_epilepsy
381,neonatal_preterm_birth,709,moderate_motor_plus_cognitive_impairment_with_blindness_and_epilepsy_due_to_neonatal_preterm_birth_complications_28_32wks,3728,780,moderate_motor_plus_cognitive_impairment_with_blindness_and_epilepsy
381,neonatal_preterm_birth,713,moderate_motor_plus_cognitive_impairment_with_epilepsy_due_to_neonatal_preterm_birth_complications_32_36wks,3767,779,moderate_motor_plus_cognitive_impairment_with_epilepsy
381,neonatal_preterm_birth,717,moderate_motor_plus_cognitive_impairment_with_epilepsy_due_to_neonatal_preterm_birth_complications_less_than_28wks,3683,779,moderate_motor_plus_cognitive_impairment_with_epilepsy
381,neonatal_preterm_birth,718,moderate_motor_plus_cognitive_impairment_with_epilepsy_due_to_neonatal_preterm_birth_complications_28_32wks,3725,779,moderate_motor_plus_cognitive_impairment_with_epilepsy
381,neonatal_preterm_birth,720,severe_motor_plus_cognitive_impairment_with_blindness_due_to_neonatal_preterm_birth_complications_28_32wks,3743,784,severe_motor_plus_cognitive_impairment_with_blindness
381,neonatal_preterm_birth,721,severe_motor_plus_cognitive_impairment_with_blindness_due_to_neonatal_preterm_birth_complications_32_36wks,3785,784,severe_motor_plus_cognitive_impairment_with_blindness
381,neonatal_preterm_birth,724,severe_motor_plus_cognitive_impairment_with_blindness_due_to_neonatal_preterm_birth_complications_less_than_28wks,3701,784,severe_motor_plus_cognitive_impairment_with_blindness
381,neonatal_preterm_birth,725,severe_motor_plus_cognitive_impairment_with_blindness_and_epilepsy_due_to_neonatal_preterm_birth_complications_28_32wks,3749,786,severe_motor_plus_cognitive_impairment_with_blindness_and_epilepsy
381,neonatal_preterm_birth,726,severe_motor_plus_cognitive_impairment_with_blindness_and_epilepsy_due_to_neonatal_preterm_birth_complications_less_than_28wks,3707,786,severe_motor_plus_cognitive_impairment_with_blindness_and_epilepsy
381,neonatal_preterm_birth,729,severe_motor_plus_cognitive_impairment_with_blindness_and_epilepsy_due_to_neonatal_preterm_birth_complications_32_36wks,3791,786,severe_motor_plus_cognitive_impairment_with_blindness_and_epilepsy
381,neonatal_preterm_birth,731,severe_motor_plus_cognitive_impairment_with_epilepsy_due_to_neonatal_preterm_birth_complications_less_than_28wks,3704,785,severe_motor_plus_cognitive_impairment_with_epilepsy
381,neonatal_preterm_birth,734,severe_motor_plus_cognitive_impairment_with_epilepsy_due_to_neonatal_preterm_birth_complications_32_36wks,3788,785,severe_motor_plus_cognitive_impairment_with_epilepsy
381,neonatal_preterm_birth,735,severe_motor_plus_cognitive_impairment_with_epilepsy_due_to_neonatal_preterm_birth_complications_28_32wks,3746,785,severe_motor_plus_cognitive_impairment_with_epilepsy
381,neonatal_preterm_birth,739,moderate_motor_impairment_due_to_neonatal_preterm_birth_complications_28_32wks,3710,566,motor_impairment_moderate
381,neonatal_preterm_birth,741,moderate_motor_impairment_due_to_neonatal_preterm_birth_complications_less_than_28wks,3668,566,motor_impairment_moderate
381,neonatal_preterm_birth,742,moderate_motor_impairment_due_to_neonatal_preterm_birth_complications_32_36wks,3752,566,motor_impairment_moderate
381,neonatal_preterm_birth,743,moderate_motor_impairment_with_blindness_due_to_neonatal_preterm_birth_complications_less_than_28wks,3671,775,moderate_motor_impairment_with_blindness
381,neonatal_preterm_birth,744,moderate_motor_impairment_with_blindness_due_to_neonatal_preterm_birth_complications_28_32wks,3713,775,moderate_motor_impairment_with_blindness
381,neonatal_preterm_birth,745,moderate_motor_impairment_with_blindness_due_to_neonatal_preterm_birth_complications_32_36wks,3755,775,moderate_motor_impairment_with_blindness
381,neonatal_preterm_birth,751,moderate_motor_impairment_with_blindness_and_epilepsy_due_to_neonatal_preterm_birth_complications_32_36wks,3761,777,moderate_motor_impairment_with_blindness_and_epilepsy
381,neonatal_preterm_birth,752,moderate_motor_impairment_with_blindness_and_epilepsy_due_to_neonatal_preterm_birth_complications_28_32wks,3719,777,moderate_motor_impairment_with_blindness_and_epilepsy
381,neonatal_preterm_birth,753,moderate_motor_impairment_with_blindness_and_epilepsy_due_to_neonatal_preterm_birth_complications_less_than_28wks,3677,777,moderate_motor_impairment_with_blindness_and_epilepsy
381,neonatal_preterm_birth,755,moderate_motor_impairment_with_epilepsy_due_to_neonatal_preterm_birth_complications_32_36wks,3758,776,moderate_motor_impairment_with_epilepsy
381,neonatal_preterm_birth,757,moderate_motor_impairment_with_epilepsy_due_to_neonatal_preterm_birth_complications_28_32wks,3716,776,moderate_motor_impairment_with_epilepsy
381,neonatal_preterm_birth,759,moderate_motor_impairment_with_epilepsy_due_to_neonatal_preterm_birth_complications_less_than_28wks,3674,776,moderate_motor_impairment_with_epilepsy
381,neonatal_preterm_birth,763,severe_motor_impairment_due_to_neonatal_preterm_birth_complications_less_than_28wks,3689,567,motor_impairment_severe
381,neonatal_preterm_birth,764,severe_motor_impairment_due_to_neonatal_preterm_birth_complications_32_36wks,3773,567,motor_impairment_severe
381,neonatal_preterm_birth,765,severe_motor_impairment_due_to_neonatal_preterm_birth_complications_28_32wks,3731,567,motor_impairment_severe
381,neonatal_preterm_birth,767,severe_motor_impairment_with_blindness_due_to_neonatal_preterm_birth_complications_28_32wks,3734,781,severe_motor_impairment_with_blindness
381,neonatal_preterm_birth,770,severe_motor_impairment_with_blindness_due_to_neonatal_preterm_birth_complications_less_than_28wks,3692,781,severe_motor_impairment_with_blindness
381,neonatal_preterm_birth,771,severe_motor_impairment_with_blindness_due_to_neonatal_preterm_birth_complications_32_36wks,3776,781,severe_motor_impairment_with_blindness
381,neonatal_preterm_birth,774,severe_motor_impairment_with_blindness_and_epilepsy_due_to_neonatal_preterm_birth_complications_less_than_28wks,3698,783,severe_motor_impairment_with_blindness_and_epilepsy
381,neonatal_preterm_birth,775,severe_motor_impairment_with_blindness_and_epilepsy_due_to_neonatal_preterm_birth_complications_28_32wks,3740,783,severe_motor_impairment_with_blindness_and_epilepsy
381,neonatal_preterm_birth,777,severe_motor_impairment_with_blindness_and_epilepsy_due_to_neonatal_preterm_birth_complications_32_36wks,3782,783,severe_motor_impairment_with_blindness_and_epilepsy
381,neonatal_preterm_birth,780,severe_motor_impairment_with_epilepsy_due_to_neonatal_preterm_birth_complications_32_36wks,3779,782,severe_motor_impairment_with_epilepsy
381,neonatal_preterm_birth,782,severe_motor_impairment_with_epilepsy_due_to_neonatal_preterm_birth_complications_less_than_28wks,3695,782,severe_motor_impairment_with_epilepsy
381,neonatal_preterm_birth,783,severe_motor_impairment_with_epilepsy_due_to_neonatal_preterm_birth_complications_28_32wks,3737,782,severe_motor_impairment_with_epilepsy
381,neonatal_preterm_birth,866,asymptomatic_retinopathy_of_prematurity,2947,799,asymptomatic
381,neonatal_preterm_birth,867,blindness_due_to_retinopathy_of_prematurity,3647,468,distance_vision_blindness
381,neonatal_preterm_birth,868,mild_motor_impairment_due_to_neonatal_preterm_birth_complications_less_than_28wks,3650,565,motor_impairment_mild
381,neonatal_preterm_birth,869,mild_motor_impairment_due_to_neonatal_preterm_birth_complications_28_32wks,3656,565,motor_impairment_mild
381,neonatal_preterm_birth,870,mild_motor_impairment_due_to_neonatal_preterm_birth_complications_32_36wks,3662,565,motor_impairment_mild
381,neonatal_preterm_birth,871,mild_motor_plus_cognitive_impairments_due_to_neonatal_preterm_birth_complications_less_than_28wks,3653,568,motor_plus_cognitive_impairments_mild
381,neonatal_preterm_birth,872,mild_motor_plus_cognitive_impairments_due_to_neonatal_preterm_birth_complications_28_32wks,3659,568,motor_plus_cognitive_impairments_mild
381,neonatal_preterm_birth,873,mild_motor_plus_cognitive_impairments_due_to_neonatal_preterm_birth_complications_32_36wks,3665,568,motor_plus_cognitive_impairments_mild
381,neonatal_preterm_birth,915,moderate_vision_impairment_due_to_retinopathy_of_prematurity,3027,466,distance_vision_moderate_impairment
381,neonatal_preterm_birth,916,severe_vision_impairment_due_to_retinopathy_of_prematurity,3028,467,distance_vision_severe_impairment
381,neonatal_preterm_birth,1246,asymptomatic_neonatal_preterm_birth_less_than_28_weeks,9978,799,asymptomatic
381,neonatal_preterm_birth,1247,asymptomatic_neonatal_preterm_birth_28_less_than_32_wks,9979,799,asymptomatic
381,neonatal_preterm_birth,1248,asymptomatic_neonatal_preterm_birth_32_less_than_37wks,9980,799,asymptomatic
382,neonatal_encephalopathy_due_to_birth_asphyxia_and_trauma,194,mild_motor_plus_cognitive_impairments_due_to_neonatal_encephalopathy_due_to_birth_asphyxia_and_trauma,3794,568,motor_plus_cognitive_impairments_mild
382,neonatal_encephalopathy_due_to_birth_asphyxia_and_trauma,195,mild_motor_impairment_due_to_neonatal_encephalopathy_due_to_birth_asphyxia_and_trauma,3797,565,motor_impairment_mild
382,neonatal_encephalopathy_due_to_birth_asphyxia_and_trauma,705,moderate_motor_plus_cognitive_impairment_with_blindness_due_to_neonatal_encephalopathy_due_to_birth_asphyxia_and_trauma,3812,778,moderate_motor_plus_cognitive_impairment_with_blindness
382,neonatal_encephalopathy_due_to_birth_asphyxia_and_trauma,712,moderate_motor_plus_cognitive_impairment_with_blindness_and_epilepsy_due_to_neonatal_encephalopathy_due_to_birth_asphyxia_and_trauma,3818,780,moderate_motor_plus_cognitive_impairment_with_blindness_and_epilepsy
382,neonatal_encephalopathy_due_to_birth_asphyxia_and_trauma,716,moderate_motor_plus_cognitive_impairment_with_epilepsy_due_to_neonatal_encephalopathy_due_to_birth_asphyxia_and_trauma,3815,779,moderate_motor_plus_cognitive_impairment_with_epilepsy
382,neonatal_encephalopathy_due_to_birth_asphyxia_and_trauma,723,severe_motor_plus_cognitive_impairment_with_blindness_due_to_neonatal_encephalopathy_due_to_birth_asphyxia_and_trauma,3833,784,severe_motor_plus_cognitive_impairment_with_blindness
382,neonatal_encephalopathy_due_to_birth_asphyxia_and_trauma,728,severe_motor_plus_cognitive_impairment_with_blindness_and_epilepsy_due_to_neonatal_encephalopathy_due_to_birth_asphyxia_and_trauma,3839,786,severe_motor_plus_cognitive_impairment_with_blindness_and_epilepsy
382,neonatal_encephalopathy_due_to_birth_asphyxia_and_trauma,732,severe_motor_plus_cognitive_impairment_with_epilepsy_due_to_neonatal_encephalopathy_due_to_birth_asphyxia_and_trauma,3836,785,severe_motor_plus_cognitive_impairment_with_epilepsy
382,neonatal_encephalopathy_due_to_birth_asphyxia_and_trauma,740,moderate_motor_impairment_due_to_neonatal_encephalopathy_due_to_birth_asphyxia_and_trauma,3800,566,motor_impairment_moderate
382,neonatal_encephalopathy_due_to_birth_asphyxia_and_trauma,747,moderate_motor_impairment_with_blindness_due_to_neonatal_encephalopathy_due_to_birth_asphyxia_and_trauma,3803,775,moderate_motor_impairment_with_blindness
382,neonatal_encephalopathy_due_to_birth_asphyxia_and_trauma,750,moderate_motor_impairment_with_blindness_and_epilepsy_due_to_neonatal_encephalopathy_due_to_birth_asphyxia_and_trauma,3809,777,moderate_motor_impairment_with_blindness_and_epilepsy
382,neonatal_encephalopathy_due_to_birth_asphyxia_and_trauma,758,moderate_motor_impairment_with_epilepsy_due_to_neonatal_encephalopathy_due_to_birth_asphyxia_and_trauma,3806,776,moderate_motor_impairment_with_epilepsy
382,neonatal_encephalopathy_due_to_birth_asphyxia_and_trauma,761,severe_motor_impairment_due_to_neonatal_encephalopathy_due_to_birth_asphyxia_and_trauma,3821,567,motor_impairment_severe
382,neonatal_encephalopathy_due_to_birth_asphyxia_and_trauma,772,severe_motor_impairment_with_blindness_due_to_neonatal_encephalopathy_due_to_birth_asphyxia_and_trauma,3824,781,severe_motor_impairment_with_blindness
382,neonatal_encephalopathy_due_to_birth_asphyxia_and_trauma,778,severe_motor_impairment_with_blindness_and_epilepsy_due_to_neonatal_encephalopathy_due_to_birth_asphyxia_and_trauma,3830,783,severe_motor_impairment_with_blindness_and_epilepsy
382,neonatal_encephalopathy_due_to_birth_asphyxia_and_trauma,779,severe_motor_impairment_with_epilepsy_due_to_neonatal_encephalopathy_due_to_birth_asphyxia_and_trauma,3827,782,severe_motor_impairment_with_epilepsy
382,neonatal_encephalopathy_due_to_birth_asphyxia_and_trauma,1249,asymptomatic_neonatal_encephalopathy_due_to_birth_asphyxia_and_trauma,9981,799,asymptomatic
383,neonatal_sepsis_and_other_neonatal_infections,1250,asymptomatic_neonatal_sepsis_and_other_neonatal_infections,9982,799,asymptomatic
383,neonatal_sepsis_and_other_neonatal_infections,1251,mild_motor_plus_cognitive_impairments_due_to_neonatal_sepsis_and_other_neonatal_infections,9617,568,motor_plus_cognitive_impairments_mild
383,neonatal_sepsis_and_other_neonatal_infections,1252,mild_motor_impairment_due_to_neonatal_sepsis_and_other_neonatal_infections,9618,565,motor_impairment_mild
383,neonatal_sepsis_and_other_neonatal_infections,1253,moderate_motor_impairment_due_to_neonatal_sepsis_and_other_neonatal_infections,9619,566,motor_impairment_moderate
383,neonatal_sepsis_and_other_neonatal_infections,1254,moderate_motor_impairment_with_blindness_due_to_neonatal_sepsis_and_other_neonatal_infections,9620,775,moderate_motor_impairment_with_blindness
383,neonatal_sepsis_and_other_neonatal_infections,1255,moderate_motor_impairment_with_epilepsy_due_to_neonatal_sepsis_and_other_neonatal_infections,9621,776,moderate_motor_impairment_with_epilepsy
383,neonatal_sepsis_and_other_neonatal_infections,1256,moderate_motor_impairment_with_blindness_and_epilepsy_due_to_neonatal_sepsis_and_other_neonatal_infections,9622,777,moderate_motor_impairment_with_blindness_and_epilepsy
383,neonatal_sepsis_and_other_neonatal_infections,1257,moderate_motor_plus_cognitive_impairment_with_blindness_due_to_neonatal_sepsis_and_other_neonatal_infections,9623,778,moderate_motor_plus_cognitive_impairment_with_blindness
383,neonatal_sepsis_and_other_neonatal_infections,1258,moderate_motor_plus_cognitive_impairment_with_epilepsy_due_to_neonatal_sepsis_and_other_neonatal_infections,9624,779,moderate_motor_plus_cognitive_impairment_with_epilepsy
383,neonatal_sepsis_and_other_neonatal_infections,1259,moderate_motor_plus_cognitive_impairment_with_blindness_and_epilepsy_due_to_neonatal_sepsis_and_other_neonatal_infections,9625,780,moderate_motor_plus_cognitive_impairment_with_blindness_and_epilepsy
383,neonatal_sepsis_and_other_neonatal_infections,1260,severe_motor_impairment_due_to_neonatal_sepsis_and_other_neonatal_infections,9626,567,motor_impairment_severe
383,neonatal_sepsis_and_other_neonatal_infections,1261,severe_motor_impairment_with_blindness_due_to_neonatal_sepsis_and_other_neonatal_infections,9627,781,severe_motor_impairment_with_blindness
383,neonatal_sepsis_and_other_neonatal_infections,1262,severe_motor_impairment_with_epilepsy_due_to_neonatal_sepsis_and_other_neonatal_infections,9628,782,severe_motor_impairment_with_epilepsy
383,neonatal_sepsis_and_other_neonatal_infections,1263,severe_motor_impairment_with_blindness_and_epilepsy_due_to_neonatal_sepsis_and_other_neonatal_infections,9629,783,severe_motor_impairment_with_blindness_and_epilepsy
383,neonatal_sepsis_and_other_neonatal_infections,1264,severe_motor_plus_cognitive_impairment_with_blindness_due_to_neonatal_sepsis_and_other_neonatal_infections,9630,784,severe_motor_plus_cognitive_impairment_with_blindness
383,neonatal_sepsis_and_other_neonatal_infections,1265,severe_motor_plus_cognitive_impairment_with_epilepsy_due_to_neonatal_sepsis_and_other_neonatal_infections,9631,785,severe_motor_plus_cognitive_impairment_with_epilepsy
383,neonatal_sepsis_and_other_neonatal_infections,1266,severe_motor_plus_cognitive_impairment_with_blindness_and_epilepsy_due_to_neonatal_sepsis_and_other_neonatal_infections,9632,786,severe_motor_plus_cognitive_impairment_with_blindness_and_epilepsy
384,hemolytic_disease_and_other_neonatal_jaundice,701,moderate_motor_plus_cognitive_impairment_with_blindness_due_to_hemolytic_disease_and_other_neonatal_jaundice,3854,778,moderate_motor_plus_cognitive_impairment_with_blindness
384,hemolytic_disease_and_other_neonatal_jaundice,711,moderate_motor_plus_cognitive_impairment_with_blindness_and_epilepsy_due_to_hemolytic_disease_and_other_neonatal_jaundice,3860,780,moderate_motor_plus_cognitive_impairment_with_blindness_and_epilepsy
384,hemolytic_disease_and_other_neonatal_jaundice,715,moderate_motor_plus_cognitive_impairment_with_epilepsy_due_to_hemolytic_disease_and_other_neonatal_jaundice,3857,779,moderate_motor_plus_cognitive_impairment_with_epilepsy
384,hemolytic_disease_and_other_neonatal_jaundice,722,severe_motor_plus_cognitive_impairment_with_blindness_due_to_hemolytic_disease_and_other_neonatal_jaundice,3875,784,severe_motor_plus_cognitive_impairment_with_blindness
384,hemolytic_disease_and_other_neonatal_jaundice,727,severe_motor_plus_cognitive_impairment_with_blindness_and_epilepsy_due_to_hemolytic_disease_and_other_neonatal_jaundice,3881,786,severe_motor_plus_cognitive_impairment_with_blindness_and_epilepsy
384,hemolytic_disease_and_other_neonatal_jaundice,733,severe_motor_plus_cognitive_impairment_with_epilepsy_due_to_hemolytic_disease_and_other_neonatal_jaundice,3878,785,severe_motor_plus_cognitive_impairment_with_epilepsy
384,hemolytic_disease_and_other_neonatal_jaundice,738,moderate_motor_impairment_due_to_hemolytic_disease_and_other_neonatal_jaundice,3842,566,motor_impairment_moderate
384,hemolytic_disease_and_other_neonatal_jaundice,748,moderate_motor_impairment_with_blindness_due_to_hemolytic_disease_and_other_neonatal_jaundice,3845,775,moderate_motor_impairment_with_blindness
384,hemolytic_disease_and_other_neonatal_jaundice,749,moderate_motor_impairment_with_blindness_and_epilepsy_due_to_hemolytic_disease_and_other_neonatal_jaundice,3851,777,moderate_motor_impairment_with_blindness_and_epilepsy
384,hemolytic_disease_and_other_neonatal_jaundice,760,moderate_motor_impairment_with_epilepsy_due_to_hemolytic_disease_and_other_neonatal_jaundice,3848,776,moderate_motor_impairment_with_epilepsy
384,hemolytic_disease_and_other_neonatal_jaundice,762,severe_motor_impairment_severe_due_to_hemolytic_disease_and_other_neonatal_jaundice,3863,567,motor_impairment_severe
384,hemolytic_disease_and_other_neonatal_jaundice,769,severe_motor_impairment_with_blindness_due_to_hemolytic_disease_and_other_neonatal_jaundice,3866,781,severe_motor_impairment_with_blindness
384,hemolytic_disease_and_other_neonatal_jaundice,776,severe_motor_impairment_with_blindness_and_epilepsy_due_to_hemolytic_disease_and_other_neonatal_jaundice,3872,783,severe_motor_impairment_with_blindness_and_epilepsy
384,hemolytic_disease_and_other_neonatal_jaundice,784,severe_motor_impairment_with_epilepsy_due_to_hemolytic_disease_and_other_neonatal_jaundice,3869,782,severe_motor_impairment_with_epilepsy
384,hemolytic_disease_and_other_neonatal_jaundice,7223,extreme_hyperbilirubinemia_due_to_hemolytic_disease_and_other_neonatal_jaundice_without_kernicterus,19813,546,abdominopelvic_problem_severe
385,other_neonatal_disorders,197,other_neonatal_disorders,1605,639,post_como_calculation_for_residuals_yll_yld_ratio_other_methods
387,protein_energy_malnutrition,198,moderate_wasting_with_edema,1606,562,kwashiorkor
387,protein_energy_malnutrition,199,severe_wasting_without_edema,1607,563,severe_wasting
387,protein_energy_malnutrition,2033,moderate_wasting_without_edema,10981,799,asymptomatic
387,protein_energy_malnutrition,2036,severe_wasting_with_edema,1608,2438,kwashiorkor_and_severe_wasting
388,iodine_deficiency,200,visible_goiter_without_symptoms,1611,553,disfigurement_level_1
388,iodine_deficiency,201,visible_goiter_with_severe_intellectual_disability_due_to_iodine_deficiency,1612,2582,intellectual_disability_mental_retardation_severe_and_iodine_deficiency_goiter
388,iodine_deficiency,202,visible_goiter_with_profound_intellectual_disability_due_to_iodine_deficiency,1613,2579,intellectual_disability_mental_retardation_profound_and_iodine_deficiency_goiter
389,vitamin_a_deficiency,203,vitamin_a_deficiency_with_moderate_vision_impairment,1618,466,distance_vision_moderate_impairment
389,vitamin_a_deficiency,204,vitamin_a_deficiency_with_severe_vision_impairment,1619,467,distance_vision_severe_impairment
389,vitamin_a_deficiency,205,vitamin_a_deficiency_with_blindness,3887,468,distance_vision_blindness
389,vitamin_a_deficiency,2189,vitamin_a_deficiency_asymptomatic,11610,799,asymptomatic
389,vitamin_a_deficiency,5393,vitamin_a_deficiency_with_mild_anemia,19737,547,anemia_mild
389,vitamin_a_deficiency,5396,vitamin_a_deficiency_with_moderate_anemia,19738,548,anemia_moderate
389,vitamin_a_deficiency,5399,vitamin_a_deficiency_with_severe_anemia,19739,549,anemia_severe
390,dietary_iron_deficiency,206,mild_iron_deficiency_anemia,1621,547,anemia_mild
390,dietary_iron_deficiency,207,moderate_iron_deficiency_anemia,1622,548,anemia_moderate
390,dietary_iron_deficiency,208,severe_iron_deficiency_anemia,1623,549,anemia_severe
391,other_nutritional_deficiencies,212,other_nutritional_deficiencies,1627,639,post_como_calculation_for_residuals_yll_yld_ratio_other_methods
394,syphilis,1202,asymptomatic_early_syphilis_infection,3949,799,asymptomatic
394,syphilis,1203,mild_early_syphilis_infection,3950,351,infectious_disease_acute_episode_mild
394,syphilis,2048,neurological_problems_and_cardiovascular_complications_due_to_adult_tertiary_syphilis,16413,2441,moderate_motor_plus_cognitive_impairments_and_moderate_infectious_disease_acute_episode
394,syphilis,2051,severe_disfigurement_and_cardiovascular_complications_due_to_adult_tertiary_syphilis,16411,2444,level_3_disfigurement_and_moderate_infectious_disease_acute_episode
394,syphilis,2054,severe_disfigurement_and_neurological_problems_due_to_adult_tertiary_syphilis,16410,2447,level_3_disfigurement_and_moderate_motor_plus_cognitive_impairments
394,syphilis,2057,severe_disfigurement_neurological_problems_and_cardiovascular_complications_due_to_adult_tertiary_syphilis,16409,2450,level_3_disfigurement_moderate_motor_plus_cognitive_impairments_and_moderate_infectious_disease_acute_episode
394,syphilis,5147,severe_disfigurement_due_to_adult_tertiary_syphilis,16412,555,disfigurement_level_3
394,syphilis,5150,neurological_problems_due_to_adult_tertiary_syphilis,16414,569,motor_plus_cognitive_impairments_moderate
394,syphilis,5153,cardiovascular_complications_due_to_adult_tertiary_syphilis,16415,352,infectious_disease_acute_episode_moderate
394,syphilis,5156,asymptomatic_adult_tertiary_syphilis,16416,799,asymptomatic
394,syphilis,23063,asymptomatic_congenital_syphilis,25405,799,asymptomatic
394,syphilis,23272,early_symptomatic_congenital_syphilis_infectious_syndrome,25406,352,infectious_disease_acute_episode_moderate
394,syphilis,23273,early_symptomatic_congenital_syphilis_slight_disfigurement,25407,553,disfigurement_level_1
394,syphilis,23274,late_symptomatic_congenital_syphilis_slight_disfigurement,25408,553,disfigurement_level_1
394,syphilis,23275,late_symptomatic_congenital_syphilis_neurosyphilis,25687,569,motor_plus_cognitive_impairments_moderate
394,syphilis,23276,late_symptomatic_congenital_syphilis_unilateral_hearing_loss,25688,2730,hearing_loss_unilateral
394,syphilis,23277,late_symptomatic_congenital_syphilis_interstitial_keratitis,26743,465,distance_vision_mild_impairment
395,chlamydial_infection,214,epididymo_orchitis_due_to_chlamydial_infection,1630,358,epididymo_orchitis
395,chlamydial_infection,215,moderate_pelvic_inflammatory_diseases_due_to_chlamydial_infection,1631,545,abdominopelvic_problem_moderate
395,chlamydial_infection,216,severe_pelvic_inflammatory_diseases_due_to_chlamydial_infection,1632,546,abdominopelvic_problem_severe
395,chlamydial_infection,217,primary_infertility_due_to_chlamydial_infection,1633,400,infertility_primary
395,chlamydial_infection,218,secondary_infertility_due_to_chlamydial_infection,1634,401,infertility_secondary
395,chlamydial_infection,917,mild_chlamydial_infection,3042,351,infectious_disease_acute_episode_mild
395,chlamydial_infection,918,asymptomatic_chlamydial_infection,3043,799,asymptomatic
396,gonococcal_infection,219,epididymo_orchitis_due_to_gonococcal_infection,1636,358,epididymo_orchitis
396,gonococcal_infection,220,moderate_pelvic_inflammatory_diseases_due_to_gonococcal_infection,1637,545,abdominopelvic_problem_moderate
396,gonococcal_infection,221,severe_pelvic_inflammatory_diseases_due_to_gonococcal_infection,1638,546,abdominopelvic_problem_severe
396,gonococcal_infection,222,primary_infertility_due_to_gonococcal_infection,1639,400,infertility_primary
396,gonococcal_infection,223,secondary_infertility_due_to_gonococcal_infection,1640,401,infertility_secondary
396,gonococcal_infection,919,mild_gonococcal_infection,3044,351,infectious_disease_acute_episode_mild
396,gonococcal_infection,920,asymptomatic_gonococcal_infection,3045,799,asymptomatic
397,trichomoniasis,921,acute_trichomoniasis_infection,3046,351,infectious_disease_acute_episode_mild
397,trichomoniasis,922,asymptomatic_trichomoniasis_infection,3047,799,asymptomatic
398,genital_herpes,788,recurrent_symptomatic_episode_of_genital_herpes,2799,351,infectious_disease_acute_episode_mild
398,genital_herpes,831,asymptomatic_herpes_simplex_virus_2_infection,2888,799,asymptomatic
398,genital_herpes,942,initial_symptomatic_episode_of_genital_herpes,3090,352,infectious_disease_acute_episode_moderate
399,other_sexually_transmitted_infections,224,moderate_pelvic_inflammatory_diseases_due_to_other_sexually_transmitted_diseases,1643,545,abdominopelvic_problem_moderate
399,other_sexually_transmitted_infections,225,severe_pelvic_inflammatory_diseases_due_to_other_sexually_transmitted_diseases,1644,546,abdominopelvic_problem_severe
399,other_sexually_transmitted_infections,226,primary_infertility_due_to_other_sexually_transmitted_diseases,1645,400,infertility_primary
399,other_sexually_transmitted_infections,227,secondary_infertility_due_to_other_sexually_transmitted_diseases,1646,401,infertility_secondary
399,other_sexually_transmitted_infections,808,other_sexually_transmitted_diseases_residual,2831,639,post_como_calculation_for_residuals_yll_yld_ratio_other_methods
401,acute_hepatitis_a,229,moderate_acute_hepatitis_a,1649,352,infectious_disease_acute_episode_moderate
401,acute_hepatitis_a,230,severe_acute_hepatitis_a,1650,353,infectious_disease_acute_episode_severe
401,acute_hepatitis_a,862,asymptomatic_acute_hepatitis_a,2943,799,asymptomatic
402,acute_hepatitis_b,231,moderate_acute_hepatitis_b,1653,352,infectious_disease_acute_episode_moderate
402,acute_hepatitis_b,232,severe_acute_hepatitis_b,1654,353,infectious_disease_acute_episode_severe
402,acute_hepatitis_b,863,asymptomatic_acute_hepatitis_b,2944,799,asymptomatic
403,acute_hepatitis_c,233,moderate_acute_hepatitis_c,1657,352,infectious_disease_acute_episode_moderate
403,acute_hepatitis_c,234,severe_acute_hepatitis_c,1658,353,infectious_disease_acute_episode_severe
403,acute_hepatitis_c,864,asymptomatic_acute_hepatitis_c,2945,799,asymptomatic
404,acute_hepatitis_e,235,moderate_acute_hepatitis_e,1660,352,infectious_disease_acute_episode_moderate
404,acute_hepatitis_e,236,severe_acute_hepatitis_e,1661,353,infectious_disease_acute_episode_severe
404,acute_hepatitis_e,865,asymptomatic_acute_hepatitis_e,2946,799,asymptomatic
405,leprosy,237,disfigurement_level_1_due_to_leprosy,1663,553,disfigurement_level_1
405,leprosy,238,disfigurement_level_2_due_to_leprosy,1664,554,disfigurement_level_2
408,other_unspecified_infectious_diseases,240,mild_anemia_due_to_other_infectious_diseases,1666,547,anemia_mild
408,other_unspecified_infectious_diseases,241,moderate_anemia_due_to_other_infectious_diseases,1667,548,anemia_moderate
408,other_unspecified_infectious_diseases,242,severe_anemia_due_to_other_infectious_diseases,1668,549,anemia_severe
408,other_unspecified_infectious_diseases,243,guillain_barre_syndrome_due_to_other_infectious_diseases,1669,540,spinal_cord_lesion_below_neck_level_treated
408,other_unspecified_infectious_diseases,5159,other_infectious_diseases,16430,639,post_como_calculation_for_residuals_yll_yld_ratio_other_methods
411,esophageal_cancer,244,diagnosis_and_primary_therapy_phase_of_esophageal_cancer,1670,368,cancer_diagnosis_and_primary_therapy
411,esophageal_cancer,245,controlled_phase_of_esophageal_cancer,1671,559,generic_uncomplicated_disease_worry_and_daily_medication
411,esophageal_cancer,246,metastatic_phase_of_esophageal_cancer,1672,369,cancer_metastatic
411,esophageal_cancer,247,terminal_phase_of_esophageal_cancer,1673,372,terminal_phase_with_medication_for_cancers_end_stage_kidney_liver_disease
414,stomach_cancer,248,diagnosis_and_primary_therapy_phase_of_stomach_cancer,1674,368,cancer_diagnosis_and_primary_therapy
414,stomach_cancer,249,controlled_phase_of_stomach_cancer,1675,559,generic_uncomplicated_disease_worry_and_daily_medication
414,stomach_cancer,250,metastatic_phase_of_stomach_cancer,1676,369,cancer_metastatic
414,stomach_cancer,251,terminal_phase_of_stomach_cancer,1677,372,terminal_phase_with_medication_for_cancers_end_stage_kidney_liver_disease
418,liver_cancer_due_to_hepatitis_b,252,diagnosis_and_primary_therapy_phase_of_liver_cancer_due_to_hepatitis_b,1682,368,cancer_diagnosis_and_primary_therapy
418,liver_cancer_due_to_hepatitis_b,253,controlled_phase_of_liver_cancer_due_to_hepatitis_b,1683,559,generic_uncomplicated_disease_worry_and_daily_medication
418,liver_cancer_due_to_hepatitis_b,254,metastatic_phase_of_liver_cancer_due_to_hepatitis_b,1684,369,cancer_metastatic
418,liver_cancer_due_to_hepatitis_b,255,terminal_phase_of_liver_cancer_due_to_hepatitis_b,1685,372,terminal_phase_with_medication_for_cancers_end_stage_kidney_liver_disease
419,liver_cancer_due_to_hepatitis_c,256,diagnosis_and_primary_therapy_phase_of_liver_cancer_due_to_hepatitis_c,1686,368,cancer_diagnosis_and_primary_therapy
419,liver_cancer_due_to_hepatitis_c,257,controlled_phase_of_liver_cancer_due_to_hepatitis_c,1687,559,generic_uncomplicated_disease_worry_and_daily_medication
419,liver_cancer_due_to_hepatitis_c,258,metastatic_phase_of_liver_cancer_due_to_hepatitis_c,1688,369,cancer_metastatic
419,liver_cancer_due_to_hepatitis_c,259,terminal_phase_of_liver_cancer_due_to_hepatitis_c,1689,372,terminal_phase_with_medication_for_cancers_end_stage_kidney_liver_disease
420,liver_cancer_due_to_alcohol_use,260,diagnosis_and_primary_therapy_phase_of_liver_cancer_due_to_alcohol_use,1690,368,cancer_diagnosis_and_primary_therapy
420,liver_cancer_due_to_alcohol_use,261,controlled_phase_of_liver_cancer_due_to_alcohol_use,1691,559,generic_uncomplicated_disease_worry_and_daily_medication
420,liver_cancer_due_to_alcohol_use,262,metastatic_phase_of_liver_cancer_due_to_alcohol_use,1692,369,cancer_metastatic
420,liver_cancer_due_to_alcohol_use,263,terminal_phase_of_liver_cancer_due_to_alcohol_use,1693,372,terminal_phase_with_medication_for_cancers_end_stage_kidney_liver_disease
421,liver_cancer_due_to_other_causes,264,diagnosis_and_primary_therapy_phase_of_liver_cancer_due_to_other_causes,1694,368,cancer_diagnosis_and_primary_therapy
421,liver_cancer_due_to_other_causes,265,controlled_phase_of_liver_cancer_due_to_other_causes,1695,559,generic_uncomplicated_disease_worry_and_daily_medication
421,liver_cancer_due_to_other_causes,266,metastatic_phase_of_liver_cancer_due_to_other_causes,1696,369,cancer_metastatic
421,liver_cancer_due_to_other_causes,267,terminal_phase_of_liver_cancer_due_to_other_causes,1697,372,terminal_phase_with_medication_for_cancers_end_stage_kidney_liver_disease
423,larynx_cancer,268,diagnosis_and_primary_therapy_phase_of_larynx_cancer,1698,368,cancer_diagnosis_and_primary_therapy
423,larynx_cancer,270,metastatic_phase_of_larynx_cancer,1700,369,cancer_metastatic
423,larynx_cancer,271,terminal_phase_of_larynx_cancer,1701,372,terminal_phase_with_medication_for_cancers_end_stage_kidney_liver_disease
423,larynx_cancer,5510,controlled_phase_of_larynx_cancer_with_laryngectomy,18786,893,speech_problems_and_generic_medication
423,larynx_cancer,5513,controlled_phase_of_larynx_cancer_without_laryngectomy,18787,559,generic_uncomplicated_disease_worry_and_daily_medication
423,larynx_cancer,5516,laryngectomy_from_larynx_cancer_beyond_ten_years,18788,564,speech_problems
426,tracheal_bronchus_and_lung_cancer,273,diagnosis_and_primary_therapy_phase_of_lung_bronchus_and_trachea_cancer,1703,368,cancer_diagnosis_and_primary_therapy
426,tracheal_bronchus_and_lung_cancer,274,controlled_phase_of_lung_bronchus_and_trachea_cancer,1704,559,generic_uncomplicated_disease_worry_and_daily_medication
426,tracheal_bronchus_and_lung_cancer,275,metastatic_phase_of_lung_bronchus_and_trachea_cancer,1705,369,cancer_metastatic
426,tracheal_bronchus_and_lung_cancer,276,terminal_phase_of_lung_bronchus_and_trachea_cancer,1706,372,terminal_phase_with_medication_for_cancers_end_stage_kidney_liver_disease
429,breast_cancer,277,diagnosis_and_primary_therapy_phase_of_breast_cancer,1707,368,cancer_diagnosis_and_primary_therapy
429,breast_cancer,279,metastatic_phase_of_breast_cancer,1709,369,cancer_metastatic
429,breast_cancer,280,terminal_phase_of_breast_cancer,1710,372,terminal_phase_with_medication_for_cancers_end_stage_kidney_liver_disease
429,breast_cancer,5486,controlled_phase_of_breast_cancer_with_mastectomy,18778,894,mastectomy_and_generic_medication
429,breast_cancer,5489,controlled_phase_of_breast_cancer_without_mastectomy,18779,559,generic_uncomplicated_disease_worry_and_daily_medication
429,breast_cancer,5492,mastectomy_from_breast_cancer_beyond_ten_years,18780,370,mastectomy
432,cervical_cancer,282,diagnosis_and_primary_therapy_phase_of_cervical_cancer,1712,368,cancer_diagnosis_and_primary_therapy
432,cervical_cancer,283,controlled_phase_of_cervical_cancer,1713,559,generic_uncomplicated_disease_worry_and_daily_medication
432,cervical_cancer,284,metastatic_phase_of_cervical_cancer,1714,369,cancer_metastatic
432,cervical_cancer,285,terminal_phase_of_cervical_cancer,1715,372,terminal_phase_with_medication_for_cancers_end_stage_kidney_liver_disease
435,uterine_cancer,286,diagnosis_and_primary_therapy_phase_of_uterine_cancer,1716,368,cancer_diagnosis_and_primary_therapy
435,uterine_cancer,287,controlled_phase_of_uterine_cancer,1717,559,generic_uncomplicated_disease_worry_and_daily_medication
435,uterine_cancer,288,metastatic_phase_of_uterine_cancer,1718,369,cancer_metastatic
435,uterine_cancer,289,terminal_phase_of_uterine_cancer,1719,372,terminal_phase_with_medication_for_cancers_end_stage_kidney_liver_disease
438,prostate_cancer,290,diagnosis_and_primary_therapy_phase_of_prostate_cancer,1720,368,cancer_diagnosis_and_primary_therapy
438,prostate_cancer,292,metastatic_phase_of_prostate_cancer,1722,369,cancer_metastatic
438,prostate_cancer,293,terminal_phase_of_prostate_cancer,1723,372,terminal_phase_with_medication_for_cancers_end_stage_kidney_liver_disease
438,prostate_cancer,5495,controlled_phase_of_prostate_cancer_with_impotence,18781,895,impotence_and_generic_medication
438,prostate_cancer,5498,controlled_phase_of_prostate_cancer_with_incontinence,18782,896,incontinence_and_generic_medication
438,prostate_cancer,5501,controlled_phase_of_prostate_cancer_without_impotence_or_incontinence,18783,559,generic_uncomplicated_disease_worry_and_daily_medication
438,prostate_cancer,5504,impotence_from_prostate_cancer_beyond_ten_years,18784,399,impotence
438,prostate_cancer,5507,incontinence_from_prostate_cancer_beyond_ten_years,18785,398,urinary_incontinence
441,colon_and_rectum_cancer,296,diagnosis_and_primary_therapy_phase_of_colon_and_rectum_cancers,1727,368,cancer_diagnosis_and_primary_therapy
441,colon_and_rectum_cancer,298,metastatic_phase_of_colon_and_rectum_cancers,1729,369,cancer_metastatic
441,colon_and_rectum_cancer,299,terminal_phase_of_colon_and_rectum_cancers,1730,372,terminal_phase_with_medication_for_cancers_end_stage_kidney_liver_disease
441,colon_and_rectum_cancer,5519,controlled_phase_of_colon_and_rectum_cancers_with_stoma,18789,892,stoma_and_generic_medication
441,colon_and_rectum_cancer,5522,controlled_phase_of_colon_and_rectum_cancers_without_stoma,18790,559,generic_uncomplicated_disease_worry_and_daily_medication
441,colon_and_rectum_cancer,5525,stoma_from_colon_and_rectum_cancers_beyond_ten_years,18791,371,stoma
444,lip_and_oral_cavity_cancer,301,diagnosis_and_primary_therapy_phase_of_mouth_cancer,1732,368,cancer_diagnosis_and_primary_therapy
444,lip_and_oral_cavity_cancer,302,controlled_phase_of_mouth_cancer,1733,559,generic_uncomplicated_disease_worry_and_daily_medication
444,lip_and_oral_cavity_cancer,303,metastatic_phase_of_mouth_cancer,1734,369,cancer_metastatic
444,lip_and_oral_cavity_cancer,304,terminal_phase_of_mouth_cancer,1735,372,terminal_phase_with_medication_for_cancers_end_stage_kidney_liver_disease
447,nasopharynx_cancer,305,diagnosis_and_primary_therapy_phase_of_nasopharynx_cancer,1736,368,cancer_diagnosis_and_primary_therapy
447,nasopharynx_cancer,306,controlled_phase_of_nasopharynx_cancer,1737,559,generic_uncomplicated_disease_worry_and_daily_medication
447,nasopharynx_cancer,307,metastatic_phase_of_nasopharynx_cancer,1738,369,cancer_metastatic
447,nasopharynx_cancer,308,terminal_phase_of_nasopharynx_cancer,1739,372,terminal_phase_with_medication_for_cancers_end_stage_kidney_liver_disease
450,other_pharynx_cancer,309,diagnosis_and_primary_therapy_phase_of_other_pharynx_cancer,1740,368,cancer_diagnosis_and_primary_therapy
450,other_pharynx_cancer,310,controlled_phase_of_other_pharynx_cancer,1741,559,generic_uncomplicated_disease_worry_and_daily_medication
450,other_pharynx_cancer,311,metastatic_phase_of_other_pharynx_cancer,1742,369,cancer_metastatic
450,other_pharynx_cancer,312,terminal_phase_of_other_pharynx_cancer,1743,372,terminal_phase_with_medication_for_cancers_end_stage_kidney_liver_disease
453,gallbladder_and_biliary_tract_cancer,313,diagnosis_and_primary_therapy_phase_of_gallbladder_and_biliary_tract_cancer,1744,368,cancer_diagnosis_and_primary_therapy
453,gallbladder_and_biliary_tract_cancer,314,controlled_phase_of_gallbladder_and_biliary_tract_cancer,1745,559,generic_uncomplicated_disease_worry_and_daily_medication
453,gallbladder_and_biliary_tract_cancer,315,metastatic_phase_of_gallbladder_and_biliary_tract_cancer,1746,369,cancer_metastatic
453,gallbladder_and_biliary_tract_cancer,316,terminal_phase_of_gallbladder_and_biliary_tract_cancer,1747,372,terminal_phase_with_medication_for_cancers_end_stage_kidney_liver_disease
456,pancreatic_cancer,317,diagnosis_and_primary_therapy_phase_of_pancreatic_cancer,1748,368,cancer_diagnosis_and_primary_therapy
456,pancreatic_cancer,318,controlled_phase_of_pancreatic_cancer,1749,559,generic_uncomplicated_disease_worry_and_daily_medication
456,pancreatic_cancer,319,metastatic_phase_of_pancreatic_cancer,1750,369,cancer_metastatic
456,pancreatic_cancer,320,terminal_phase_of_pancreatic_cancer,1751,372,terminal_phase_with_medication_for_cancers_end_stage_kidney_liver_disease
459,malignant_skin_melanoma,321,diagnosis_and_primary_therapy_phase_of_malignant_skin_melanoma,1752,368,cancer_diagnosis_and_primary_therapy
459,malignant_skin_melanoma,322,controlled_phase_of_malignant_skin_melanoma,1753,559,generic_uncomplicated_disease_worry_and_daily_medication
459,malignant_skin_melanoma,323,metastatic_phase_of_malignant_skin_melanoma,1754,369,cancer_metastatic
459,malignant_skin_melanoma,324,terminal_phase_of_malignant_skin_melanoma,1755,372,terminal_phase_with_medication_for_cancers_end_stage_kidney_liver_disease
465,ovarian_cancer,329,diagnosis_and_primary_therapy_phase_of_ovarian_cancer,1761,368,cancer_diagnosis_and_primary_therapy
465,ovarian_cancer,330,controlled_phase_of_ovarian_cancer,1762,559,generic_uncomplicated_disease_worry_and_daily_medication
465,ovarian_cancer,331,metastatic_phase_of_ovarian_cancer,1763,369,cancer_metastatic
465,ovarian_cancer,332,terminal_phase_of_ovarian_cancer,1764,372,terminal_phase_with_medication_for_cancers_end_stage_kidney_liver_disease
468,testicular_cancer,333,diagnosis_and_primary_therapy_phase_of_testicular_cancer,1765,368,cancer_diagnosis_and_primary_therapy
468,testicular_cancer,334,controlled_phase_of_testicular_cancer,1766,559,generic_uncomplicated_disease_worry_and_daily_medication
468,testicular_cancer,335,metastatic_phase_of_testicular_cancer,1767,369,cancer_metastatic
468,testicular_cancer,336,terminal_phase_of_testicular_cancer,1768,372,terminal_phase_with_medication_for_cancers_end_stage_kidney_liver_disease
471,kidney_cancer,337,diagnosis_and_primary_therapy_phase_of_kidney_cancer,1769,368,cancer_diagnosis_and_primary_therapy
471,kidney_cancer,338,controlled_phase_of_kidney_cancer,1770,559,generic_uncomplicated_disease_worry_and_daily_medication
471,kidney_cancer,339,metastatic_phase_of_kidney_cancer,1771,369,cancer_metastatic
471,kidney_cancer,340,terminal_phase_of_kidney_cancer,1772,372,terminal_phase_with_medication_for_cancers_end_stage_kidney_liver_disease
474,bladder_cancer,341,diagnosis_and_primary_therapy_phase_of_bladder_cancer,1773,368,cancer_diagnosis_and_primary_therapy
474,bladder_cancer,343,metastatic_phase_of_bladder_cancer,1775,369,cancer_metastatic
474,bladder_cancer,344,terminal_phase_of_bladder_cancer,1776,372,terminal_phase_with_medication_for_cancers_end_stage_kidney_liver_disease
474,bladder_cancer,5528,controlled_phase_of_bladder_cancer_with_incontinence,18792,896,incontinence_and_generic_medication
474,bladder_cancer,5531,controlled_phase_of_bladder_cancer_without_incontinence,18793,559,generic_uncomplicated_disease_worry_and_daily_medication
474,bladder_cancer,5534,incontinence_from_bladder_cancer_beyond_ten_years,18794,398,urinary_incontinence
477,brain_and_central_nervous_system_cancer,346,diagnosis_and_primary_therapy_phase_of_brain_and_central_nervous_system_cancers,1778,368,cancer_diagnosis_and_primary_therapy
477,brain_and_central_nervous_system_cancer,347,controlled_phase_of_brain_and_central_nervous_system_cancers,1779,559,generic_uncomplicated_disease_worry_and_daily_medication
477,brain_and_central_nervous_system_cancer,348,metastatic_phase_of_brain_and_central_nervous_system_cancers,1780,369,cancer_metastatic
477,brain_and_central_nervous_system_cancer,349,terminal_phase_of_brain_and_central_nervous_system_cancers,1781,372,terminal_phase_with_medication_for_cancers_end_stage_kidney_liver_disease
480,thyroid_cancer,350,diagnosis_and_primary_therapy_phase_of_thyroid_cancer,1782,368,cancer_diagnosis_and_primary_therapy
480,thyroid_cancer,351,controlled_phase_of_thyroid_cancer,1783,559,generic_uncomplicated_disease_worry_and_daily_medication
480,thyroid_cancer,352,metastatic_phase_of_thyroid_cancer,1784,369,cancer_metastatic
480,thyroid_cancer,353,terminal_phase_of_thyroid_cancer,1785,372,terminal_phase_with_medication_for_cancers_end_stage_kidney_liver_disease
483,mesothelioma,354,diagnosis_and_primary_therapy_phase_of_mesothelioma,1786,368,cancer_diagnosis_and_primary_therapy
483,mesothelioma,355,controlled_phase_of_mesothelioma,1787,559,generic_uncomplicated_disease_worry_and_daily_medication
483,mesothelioma,356,metastatic_phase_of_mesothelioma,1788,369,cancer_metastatic
483,mesothelioma,357,terminal_phase_of_mesothelioma,1789,372,terminal_phase_with_medication_for_cancers_end_stage_kidney_liver_disease
484,hodgkin_lymphoma,358,diagnosis_and_primary_therapy_phase_of_hodgkin_disease,1790,368,cancer_diagnosis_and_primary_therapy
484,hodgkin_lymphoma,359,controlled_phase_of_hodgkin_disease,1791,559,generic_uncomplicated_disease_worry_and_daily_medication
484,hodgkin_lymphoma,360,metastatic_phase_of_hodgkin_disease,1792,369,cancer_metastatic
484,hodgkin_lymphoma,361,terminal_phase_of_hodgkin_disease,1793,372,terminal_phase_with_medication_for_cancers_end_stage_kidney_liver_disease
486,multiple_myeloma,366,diagnosis_and_primary_therapy_phase_of_multiple_myeloma,1798,368,cancer_diagnosis_and_primary_therapy
486,multiple_myeloma,367,controlled_phase_of_multiple_myeloma,1799,559,generic_uncomplicated_disease_worry_and_daily_medication
486,multiple_myeloma,368,metastatic_phase_of_multiple_myeloma,1800,369,cancer_metastatic
486,multiple_myeloma,369,terminal_phase_of_multiple_myeloma,1801,372,terminal_phase_with_medication_for_cancers_end_stage_kidney_liver_disease
489,other_malignant_neoplasms,5864,diagnosis_and_primary_therapy_phase_of_other_malignant_neoplasms,19824,368,cancer_diagnosis_and_primary_therapy
489,other_malignant_neoplasms,5867,controlled_phase_of_other_malignant_neoplasms,19825,559,generic_uncomplicated_disease_worry_and_daily_medication
489,other_malignant_neoplasms,5870,metastatic_phase_of_other_malignant_neoplasms,19826,369,cancer_metastatic
489,other_malignant_neoplasms,5873,terminal_phase_of_other_malignant_neoplasms,19827,372,terminal_phase_with_medication_for_cancers_end_stage_kidney_liver_disease
492,rheumatic_heart_disease,1116,rheumatic_heart_disease_without_heart_failure,3346,559,generic_uncomplicated_disease_worry_and_daily_medication
492,rheumatic_heart_disease,1117,mild_heart_failure_due_to_rheumatic_heart_disease,3347,381,heart_failure_mild
492,rheumatic_heart_disease,1118,moderate_heart_failure_due_to_rheumatic_heart_disease,3348,382,heart_failure_moderate
492,rheumatic_heart_disease,1119,severe_heart_failure_due_to_rheumatic_heart_disease,3349,383,heart_failure_severe
492,rheumatic_heart_disease,5768,controlled_medically_managed_heart_failure_due_to_rheumatic_heart_disease,20180,559,generic_uncomplicated_disease_worry_and_daily_medication
493,ischemic_heart_disease,378,acute_myocardial_infarction_first_2_days,1815,374,acute_myocardial_infarction_days_1_2
493,ischemic_heart_disease,379,acute_myocardial_infarction_3_to_28_days,1816,375,acute_myocardial_infarction_days_3_28
493,ischemic_heart_disease,380,mild_ischemic_heart_disease,1818,376,angina_pectoris_mild
493,ischemic_heart_disease,381,moderate_ischemic_heart_disease,1819,377,angina_pectoris_moderate
493,ischemic_heart_disease,382,severe_ischemic_heart_disease,1820,378,angina_pectoris_severe
493,ischemic_heart_disease,383,mild_heart_failure_due_to_ischemic_heart_disease,1821,381,heart_failure_mild
493,ischemic_heart_disease,384,moderate_heart_failure_due_to_ischemic_heart_disease,1822,382,heart_failure_moderate
493,ischemic_heart_disease,385,severe_heart_failure_due_to_ischemic_heart_disease,1823,383,heart_failure_severe
493,ischemic_heart_disease,953,asymptomatic_ischemic_heart_disease,3102,799,asymptomatic
493,ischemic_heart_disease,1040,asymptomatic_ischemic_heart_disease_following_myocardial_infarction,3233,799,asymptomatic
493,ischemic_heart_disease,5726,controlled_medically_managed_heart_failure_due_ischemic_heart_disease,20028,559,generic_uncomplicated_disease_worry_and_daily_medication
495,ischemic_stroke,386,acute_ischemic_stroke_severity_level_1,1827,384,stroke_long_term_consequences_mild
495,ischemic_stroke,387,acute_ischemic_stroke_severity_level_2_without_heart_failure,25768,385,stroke_long_term_consequences_moderate
495,ischemic_stroke,388,acute_ischemic_stroke_severity_level_4_without_heart_failure,25780,387,stroke_long_term_consequences_severe
495,ischemic_stroke,389,acute_ischemic_stroke_severity_level_3_without_heart_failure,25774,386,stroke_long_term_consequences_moderate_plus_cognition_problems
495,ischemic_stroke,390,acute_ischemic_stroke_severity_level_5_without_heart_failure,25782,388,stroke_long_term_consequences_severe_plus_cognition_problems
495,ischemic_stroke,391,chronic_ischemic_stroke_severity_level_1,1833,384,stroke_long_term_consequences_mild
495,ischemic_stroke,946,asymptomatic_chronic_ischemic_stroke,3095,799,asymptomatic
495,ischemic_stroke,23211,acute_ischemic_stroke_severity_level_2_with_asymptomatic_heart_failure,25764,2943,stroke_long_term_consequences_moderate_and_generic_uncomplicated_disease_worry_and_daily_medication
495,ischemic_stroke,23212,acute_ischemic_stroke_severity_level_2_with_mild_heart_failure,25765,2750,stroke_long_term_consequences_moderate_heart_failure_mild
495,ischemic_stroke,23213,acute_ischemic_stroke_severity_level_2_with_moderate_heart_failure,25766,2751,stroke_long_term_consequences_moderate_heart_failure_moderate
495,ischemic_stroke,23214,acute_ischemic_stroke_severity_level_2_with_severe_heart_failure,25767,2752,stroke_long_term_consequences_moderate_heart_failure_severe
495,ischemic_stroke,23215,acute_ischemic_stroke_severity_level_3_with_asymptomatic_heart_failure,25770,2944,stroke_long_term_consequences_moderate_plus_cognition_problems_and_generic_uncomplicated_disease_worry_and_daily_medication
495,ischemic_stroke,23216,acute_ischemic_stroke_severity_level_3_with_mild_heart_failure,25771,2753,stroke_long_term_consequences_moderate_plus_cognition_problems_heart_failure_mild
495,ischemic_stroke,23217,acute_ischemic_stroke_severity_level_3_with_moderate_heart_failure,25772,2754,stroke_long_term_consequences_moderate_plus_cognition_problems_heart_failure_moderate
495,ischemic_stroke,23218,acute_ischemic_stroke_severity_level_3_with_severe_heart_failure,25773,2755,stroke_long_term_consequences_moderate_plus_cognition_problems_heart_failure_severe
495,ischemic_stroke,23219,acute_ischemic_stroke_severity_level_4_with_asymptomatic_heart_failure,25776,2945,stroke_long_term_consequences_severe_and_generic_uncomplicated_disease_worry_and_daily_medication
495,ischemic_stroke,23220,acute_ischemic_stroke_severity_level_4_with_mild_heart_failure,25777,2757,stroke_long_term_consequences_severe_heart_failure_mild
495,ischemic_stroke,23221,acute_ischemic_stroke_severity_level_4_with_moderate_heart_failure,25778,2758,stroke_long_term_consequences_severe_heart_failure_moderate
495,ischemic_stroke,23222,acute_ischemic_stroke_severity_level_4_with_severe_heart_failure,25779,2759,stroke_long_term_consequences_severe_heart_failure_severe
495,ischemic_stroke,23223,acute_ischemic_stroke_severity_level_5_with_asymptomatic_heart_failure,25413,2946,stroke_long_term_consequences_severe_plus_cognition_problems_and_generic_uncomplicated_disease_worry_and_daily_medication
495,ischemic_stroke,23224,acute_ischemic_stroke_severity_level_5_with_mild_heart_failure,25456,2761,stroke_long_term_consequences_severe_plus_cognition_problems_heart_failure_mild
495,ischemic_stroke,23225,acute_ischemic_stroke_severity_level_5_with_moderate_heart_failure,25499,2762,stroke_long_term_consequences_severe_plus_cognition_problems_heart_failure_moderate
495,ischemic_stroke,23226,acute_ischemic_stroke_severity_level_5_with_severe_heart_failure,25542,2763,stroke_long_term_consequences_severe_plus_cognition_problems_heart_failure_severe
495,ischemic_stroke,23278,chronic_ischemic_stroke_severity_level_2_with_asymptomatic_heart_failure,26362,2943,stroke_long_term_consequences_moderate_and_generic_uncomplicated_disease_worry_and_daily_medication
495,ischemic_stroke,23279,chronic_ischemic_stroke_severity_level_2_with_mild_heart_failure,26363,2750,stroke_long_term_consequences_moderate_heart_failure_mild
495,ischemic_stroke,23280,chronic_ischemic_stroke_severity_level_2_with_moderate_heart_failure,26364,2751,stroke_long_term_consequences_moderate_heart_failure_moderate
495,ischemic_stroke,23281,chronic_ischemic_stroke_severity_level_2_with_severe_heart_failure,26365,2752,stroke_long_term_consequences_moderate_heart_failure_severe
495,ischemic_stroke,23282,chronic_ischemic_stroke_severity_level_2_without_heart_failure,26366,385,stroke_long_term_consequences_moderate
495,ischemic_stroke,23283,chronic_ischemic_stroke_severity_level_3_with_asymptomatic_heart_failure_no_dementia,26368,815,generic_uncomplicated_disease_anxiety_long_term_consequences_due_to_stroke
495,ischemic_stroke,23284,chronic_ischemic_stroke_severity_level_3_with_mild_heart_failure_no_dementia,26369,2753,stroke_long_term_consequences_moderate_plus_cognition_problems_heart_failure_mild
495,ischemic_stroke,23285,chronic_ischemic_stroke_severity_level_3_with_moderate_heart_failure_no_dementia,26370,2754,stroke_long_term_consequences_moderate_plus_cognition_problems_heart_failure_moderate
495,ischemic_stroke,23286,chronic_ischemic_stroke_severity_level_3_with_severe_heart_failure_no_dementia,26371,2755,stroke_long_term_consequences_moderate_plus_cognition_problems_heart_failure_severe
495,ischemic_stroke,23287,chronic_ischemic_stroke_severity_level_3_without_heart_failure_no_dementia,26372,386,stroke_long_term_consequences_moderate_plus_cognition_problems
495,ischemic_stroke,23288,chronic_ischemic_stroke_severity_level_4_with_asymptomatic_heart_failure,26374,2945,stroke_long_term_consequences_severe_and_generic_uncomplicated_disease_worry_and_daily_medication
495,ischemic_stroke,23289,chronic_ischemic_stroke_severity_level_4_with_mild_heart_failure,26375,2757,stroke_long_term_consequences_severe_heart_failure_mild
495,ischemic_stroke,23290,chronic_ischemic_stroke_severity_level_4_with_moderate_heart_failure,26376,2758,stroke_long_term_consequences_severe_heart_failure_moderate
495,ischemic_stroke,23291,chronic_ischemic_stroke_severity_level_4_with_severe_heart_failure,26377,2759,stroke_long_term_consequences_severe_heart_failure_severe
495,ischemic_stroke,23292,chronic_ischemic_stroke_severity_level_4_without_heart_failure,26378,387,stroke_long_term_consequences_severe
495,ischemic_stroke,23293,chronic_ischemic_stroke_severity_level_5_without_heart_failure_no_dementia,26380,388,stroke_long_term_consequences_severe_plus_cognition_problems
495,ischemic_stroke,23294,chronic_ischemic_stroke_severity_level_5_with_asymptomatic_heart_failure_no_dementia,26381,2946,stroke_long_term_consequences_severe_plus_cognition_problems_and_generic_uncomplicated_disease_worry_and_daily_medication
495,ischemic_stroke,23295,chronic_ischemic_stroke_severity_level_5_with_mild_heart_failure_no_dementia,26382,2761,stroke_long_term_consequences_severe_plus_cognition_problems_heart_failure_mild
495,ischemic_stroke,23296,chronic_ischemic_stroke_severity_level_5_with_moderate_heart_failure_no_dementia,26383,2762,stroke_long_term_consequences_severe_plus_cognition_problems_heart_failure_moderate
495,ischemic_stroke,23297,chronic_ischemic_stroke_severity_level_5_with_severe_heart_failure_no_dementia,26384,2763,stroke_long_term_consequences_severe_plus_cognition_problems_heart_failure_severe
495,ischemic_stroke,23338,chronic_ischemic_stroke_severity_level_3_with_asymptomatic_heart_failure_with_mild_dementia,26616,2943,stroke_long_term_consequences_moderate_and_generic_uncomplicated_disease_worry_and_daily_medication
495,ischemic_stroke,23339,chronic_ischemic_stroke_severity_level_3_with_mild_heart_failure_with_mild_dementia,26617,2765,stroke_long_term_consequences_moderate_dementia_mild_heart_failure_mild
495,ischemic_stroke,23340,chronic_ischemic_stroke_severity_level_3_with_moderate_heart_failure_with_mild_dementia,26618,2766,stroke_long_term_consequences_moderate_dementia_mild_heart_failure_moderate
495,ischemic_stroke,23341,chronic_ischemic_stroke_severity_level_3_with_severe_heart_failure_with_mild_dementia,26619,2767,stroke_long_term_consequences_moderate_dementia_mild_heart_failure_severe
495,ischemic_stroke,23342,chronic_ischemic_stroke_severity_level_3_without_heart_failure_with_mild_dementia,26620,2734,stroke_long_term_consequences_mild_dementia_mild
495,ischemic_stroke,23343,chronic_ischemic_stroke_severity_level_5_without_heart_failure_with_mild_dementia,26621,2734,stroke_long_term_consequences_mild_dementia_mild
495,ischemic_stroke,23344,chronic_ischemic_stroke_severity_level_5_with_asymptomatic_heart_failure_with_mild_dementia,26622,2955,stroke_long_term_consequences_severe_dementia_mild_generic_uncomplicated_disease_worry_and_daily_medication
495,ischemic_stroke,23345,chronic_ischemic_stroke_severity_level_5_with_mild_heart_failure_with_mild_dementia,26623,2769,stroke_long_term_consequences_severe_dementia_mild_heart_failure_mild
495,ischemic_stroke,23346,chronic_ischemic_stroke_severity_level_5_with_moderate_heart_failure_with_mild_dementia,26624,2770,stroke_long_term_consequences_severe_dementia_mild_heart_failure_moderate
495,ischemic_stroke,23347,chronic_ischemic_stroke_severity_level_5_with_severe_heart_failure_with_mild_dementia,26625,2771,stroke_long_term_consequences_severe_dementia_mild_heart_failure_severe
495,ischemic_stroke,23368,chronic_ischemic_stroke_severity_level_3_with_asymptomatic_heart_failure_with_moderate_dementia,26646,2957,stroke_long_term_consequences_moderate_dementia_moderate_generic_uncomplicated_disease_worry_and_daily_medication
495,ischemic_stroke,23369,chronic_ischemic_stroke_severity_level_3_with_mild_heart_failure_with_moderate_dementia,26647,2773,stroke_long_term_consequences_moderate_dementia_moderate_heart_failure_mild
495,ischemic_stroke,23370,chronic_ischemic_stroke_severity_level_3_with_moderate_heart_failure_with_moderate_dementia,26648,2774,stroke_long_term_consequences_moderate_dementia_moderate_heart_failure_moderate
495,ischemic_stroke,23371,chronic_ischemic_stroke_severity_level_3_with_severe_heart_failure_with_moderate_dementia,26649,2775,stroke_long_term_consequences_moderate_dementia_moderate_heart_failure_severe
495,ischemic_stroke,23372,chronic_ischemic_stroke_severity_level_3_without_heart_failure_with_moderate_dementia,26650,2735,stroke_long_term_consequences_mild_dementia_moderate
495,ischemic_stroke,23373,chronic_ischemic_stroke_severity_level_5_without_heart_failure_with_moderate_dementia,26651,2735,stroke_long_term_consequences_mild_dementia_moderate
495,ischemic_stroke,23374,chronic_ischemic_stroke_severity_level_5_with_asymptomatic_heart_failure_with_moderate_dementia,26652,2958,stroke_long_term_consequences_severe_dementia_moderate_generic_uncomplicated_disease_worry_and_daily_medication
495,ischemic_stroke,23375,chronic_ischemic_stroke_severity_level_5_with_mild_heart_failure_with_moderate_dementia,26653,2777,stroke_long_term_consequences_severe_dementia_moderate_heart_failure_mild
495,ischemic_stroke,23376,chronic_ischemic_stroke_severity_level_5_with_moderate_heart_failure_with_moderate_dementia,26654,2778,stroke_long_term_consequences_severe_dementia_moderate_heart_failure_moderate
495,ischemic_stroke,23377,chronic_ischemic_stroke_severity_level_5_with_severe_heart_failure_with_moderate_dementia,26655,2779,stroke_long_term_consequences_severe_dementia_moderate_heart_failure_severe
495,ischemic_stroke,23398,chronic_ischemic_stroke_severity_level_3_with_asymptomatic_heart_failure_with_severe_dementia,26676,2959,stroke_long_term_consequences_moderate_dementia_severe_generic_uncomplicated_disease_worry_and_daily_medication
495,ischemic_stroke,23399,chronic_ischemic_stroke_severity_level_3_with_mild_heart_failure_with_severe_dementia,26677,2781,stroke_long_term_consequences_moderate_dementia_severe_heart_failure_mild
495,ischemic_stroke,23400,chronic_ischemic_stroke_severity_level_3_with_moderate_heart_failure_with_severe_dementia,26678,2782,stroke_long_term_consequences_moderate_dementia_severe_heart_failure_moderate
495,ischemic_stroke,23401,chronic_ischemic_stroke_severity_level_3_with_severe_heart_failure_with_severe_dementia,26679,2783,stroke_long_term_consequences_moderate_dementia_severe_heart_failure_severe
495,ischemic_stroke,23402,chronic_ischemic_stroke_severity_level_3_without_heart_failure_with_severe_dementia,26680,2736,stroke_long_term_consequences_mild_dementia_severe
495,ischemic_stroke,23403,chronic_ischemic_stroke_severity_level_5_without_heart_failure_with_severe_dementia,26681,2959,stroke_long_term_consequences_moderate_dementia_severe_generic_uncomplicated_disease_worry_and_daily_medication
495,ischemic_stroke,23404,chronic_ischemic_stroke_severity_level_5_with_asymptomatic_heart_failure_with_severe_dementia,26682,2960,stroke_long_term_consequences_severe_dementia_severe_generic_uncomplicated_disease_worry_and_daily_medication
495,ischemic_stroke,23405,chronic_ischemic_stroke_severity_level_5_with_mild_heart_failure_with_severe_dementia,26683,2785,stroke_long_term_consequences_severe_dementia_severe_heart_failure_mild
495,ischemic_stroke,23406,chronic_ischemic_stroke_severity_level_5_with_moderate_heart_failure_with_severe_dementia,26684,2786,stroke_long_term_consequences_severe_dementia_severe_heart_failure_moderate
495,ischemic_stroke,23407,chronic_ischemic_stroke_severity_level_5_with_severe_heart_failure_with_severe_dementia,26685,2787,stroke_long_term_consequences_severe_dementia_severe_heart_failure_severe
496,intracerebral_hemorrhage,396,acute_intracerebral_hemorrhage_severity_level_1,1839,384,stroke_long_term_consequences_mild
496,intracerebral_hemorrhage,397,acute_intracerebral_hemorrhage_severity_level_2_without_heart_failure,25812,385,stroke_long_term_consequences_moderate
496,intracerebral_hemorrhage,398,acute_intracerebral_hemorrhage_severity_level_4_without_heart_failure,25824,387,stroke_long_term_consequences_severe
496,intracerebral_hemorrhage,399,acute_intracerebral_hemorrhage_severity_level_3_without_heart_failure,25818,386,stroke_long_term_consequences_moderate_plus_cognition_problems
496,intracerebral_hemorrhage,400,acute_intracerebral_hemorrhage_severity_level_5_without_heart_failure,25830,388,stroke_long_term_consequences_severe_plus_cognition_problems
496,intracerebral_hemorrhage,401,chronic_intracerebral_hemorrhage_severity_level_1,1845,384,stroke_long_term_consequences_mild
496,intracerebral_hemorrhage,947,asymptomatic_chronic_intracerebral_hemorrhage,3096,799,asymptomatic
496,intracerebral_hemorrhage,23195,acute_intracerebral_hemorrhage_severity_level_2_with_asymptomatic_heart_failure,25808,2943,stroke_long_term_consequences_moderate_and_generic_uncomplicated_disease_worry_and_daily_medication
496,intracerebral_hemorrhage,23196,acute_intracerebral_hemorrhage_severity_level_2_with_mild_heart_failure,25809,2750,stroke_long_term_consequences_moderate_heart_failure_mild
496,intracerebral_hemorrhage,23197,acute_intracerebral_hemorrhage_severity_level_2_with_moderate_heart_failure,25810,2751,stroke_long_term_consequences_moderate_heart_failure_moderate
496,intracerebral_hemorrhage,23198,acute_intracerebral_hemorrhage_severity_level_2_with_severe_heart_failure,25811,2752,stroke_long_term_consequences_moderate_heart_failure_severe
496,intracerebral_hemorrhage,23199,acute_intracerebral_hemorrhage_severity_level_3_with_asymptomatic_heart_failure,25814,2944,stroke_long_term_consequences_moderate_plus_cognition_problems_and_generic_uncomplicated_disease_worry_and_daily_medication
496,intracerebral_hemorrhage,23200,acute_intracerebral_hemorrhage_severity_level_3_with_mild_heart_failure,25815,2753,stroke_long_term_consequences_moderate_plus_cognition_problems_heart_failure_mild
496,intracerebral_hemorrhage,23201,acute_intracerebral_hemorrhage_severity_level_3_with_moderate_heart_failure,25816,2754,stroke_long_term_consequences_moderate_plus_cognition_problems_heart_failure_moderate
496,intracerebral_hemorrhage,23202,acute_intracerebral_hemorrhage_severity_level_3_with_severe_heart_failure,25817,2755,stroke_long_term_consequences_moderate_plus_cognition_problems_heart_failure_severe
496,intracerebral_hemorrhage,23203,acute_intracerebral_hemorrhage_severity_level_4_with_asymptomatic_heart_failure,25820,2945,stroke_long_term_consequences_severe_and_generic_uncomplicated_disease_worry_and_daily_medication
496,intracerebral_hemorrhage,23204,acute_intracerebral_hemorrhage_severity_level_4_with_mild_heart_failure,25821,2757,stroke_long_term_consequences_severe_heart_failure_mild
496,intracerebral_hemorrhage,23205,acute_intracerebral_hemorrhage_severity_level_4_with_moderate_heart_failure,25822,2758,stroke_long_term_consequences_severe_heart_failure_moderate
496,intracerebral_hemorrhage,23206,acute_intracerebral_hemorrhage_severity_level_4_with_severe_heart_failure,25823,2759,stroke_long_term_consequences_severe_heart_failure_severe
496,intracerebral_hemorrhage,23207,acute_intracerebral_hemorrhage_severity_level_5_with_asymptomatic_heart_failure,25826,2946,stroke_long_term_consequences_severe_plus_cognition_problems_and_generic_uncomplicated_disease_worry_and_daily_medication
496,intracerebral_hemorrhage,23208,acute_intracerebral_hemorrhage_severity_level_5_with_mild_heart_failure,25827,2761,stroke_long_term_consequences_severe_plus_cognition_problems_heart_failure_mild
496,intracerebral_hemorrhage,23209,acute_intracerebral_hemorrhage_severity_level_5_with_moderate_heart_failure,25828,2762,stroke_long_term_consequences_severe_plus_cognition_problems_heart_failure_moderate
496,intracerebral_hemorrhage,23210,acute_intracerebral_hemorrhage_severity_level_5_with_severe_heart_failure,25829,2763,stroke_long_term_consequences_severe_plus_cognition_problems_heart_failure_severe
496,intracerebral_hemorrhage,23318,chronic_intracerebral_hemorrhage_severity_level_2_with_asymptomatic_heart_failure,26410,2943,stroke_long_term_consequences_moderate_and_generic_uncomplicated_disease_worry_and_daily_medication
496,intracerebral_hemorrhage,23319,chronic_intracerebral_hemorrhage_severity_level_2_with_mild_heart_failure,26411,2750,stroke_long_term_consequences_moderate_heart_failure_mild
496,intracerebral_hemorrhage,23320,chronic_intracerebral_hemorrhage_severity_level_2_with_moderate_heart_failure,26412,2751,stroke_long_term_consequences_moderate_heart_failure_moderate
496,intracerebral_hemorrhage,23321,chronic_intracerebral_hemorrhage_severity_level_2_with_severe_heart_failure,26413,2752,stroke_long_term_consequences_moderate_heart_failure_severe
496,intracerebral_hemorrhage,23322,chronic_intracerebral_hemorrhage_severity_level_2_without_heart_failure,26414,385,stroke_long_term_consequences_moderate
496,intracerebral_hemorrhage,23323,chronic_intracerebral_hemorrhage_severity_level_3_with_asymptomatic_heart_failure_no_dementia,26416,815,generic_uncomplicated_disease_anxiety_long_term_consequences_due_to_stroke
496,intracerebral_hemorrhage,23324,chronic_intracerebral_hemorrhage_severity_level_3_with_mild_heart_failure_no_dementia,26417,2753,stroke_long_term_consequences_moderate_plus_cognition_problems_heart_failure_mild
496,intracerebral_hemorrhage,23325,chronic_intracerebral_hemorrhage_severity_level_3_with_moderate_heart_failure_no_dementia,26418,2754,stroke_long_term_consequences_moderate_plus_cognition_problems_heart_failure_moderate
496,intracerebral_hemorrhage,23326,chronic_intracerebral_hemorrhage_severity_level_3_with_severe_heart_failure_no_dementia,26419,2755,stroke_long_term_consequences_moderate_plus_cognition_problems_heart_failure_severe
496,intracerebral_hemorrhage,23327,chronic_intracerebral_hemorrhage_severity_level_3_without_heart_failure_no_dementia,26420,386,stroke_long_term_consequences_moderate_plus_cognition_problems
496,intracerebral_hemorrhage,23328,chronic_intracerebral_hemorrhage_severity_level_4_with_asymptomatic_heart_failure,26422,2945,stroke_long_term_consequences_severe_and_generic_uncomplicated_disease_worry_and_daily_medication
496,intracerebral_hemorrhage,23329,chronic_intracerebral_hemorrhage_severity_level_4_with_mild_heart_failure,26423,2757,stroke_long_term_consequences_severe_heart_failure_mild
496,intracerebral_hemorrhage,23330,chronic_intracerebral_hemorrhage_severity_level_4_with_moderate_heart_failure,26424,2758,stroke_long_term_consequences_severe_heart_failure_moderate
496,intracerebral_hemorrhage,23331,chronic_intracerebral_hemorrhage_severity_level_4_with_severe_heart_failure,26425,2759,stroke_long_term_consequences_severe_heart_failure_severe
496,intracerebral_hemorrhage,23332,chronic_intracerebral_hemorrhage_severity_level_4_without_heart_failure,26426,387,stroke_long_term_consequences_severe
496,intracerebral_hemorrhage,23333,chronic_intracerebral_hemorrhage_severity_level_5_with_asymptomatic_heart_failure_no_dementia,26428,2946,stroke_long_term_consequences_severe_plus_cognition_problems_and_generic_uncomplicated_disease_worry_and_daily_medication
496,intracerebral_hemorrhage,23334,chronic_intracerebral_hemorrhage_severity_level_5_with_mild_heart_failure_no_dementia,26429,2761,stroke_long_term_consequences_severe_plus_cognition_problems_heart_failure_mild
496,intracerebral_hemorrhage,23335,chronic_intracerebral_hemorrhage_severity_level_5_with_moderate_heart_failure_no_dementia,26430,2762,stroke_long_term_consequences_severe_plus_cognition_problems_heart_failure_moderate
496,intracerebral_hemorrhage,23336,chronic_intracerebral_hemorrhage_severity_level_5_with_severe_heart_failure_no_dementia,26431,2763,stroke_long_term_consequences_severe_plus_cognition_problems_heart_failure_severe
496,intracerebral_hemorrhage,23337,chronic_intracerebral_hemorrhage_severity_level_5_without_heart_failure_no_dementia,26432,388,stroke_long_term_consequences_severe_plus_cognition_problems
496,intracerebral_hemorrhage,23358,chronic_intracerebral_hemorrhage_severity_level_3_with_asymptomatic_heart_failure_with_mild_dementia,26636,2956,stroke_long_term_consequences_moderate_dementia_mild_generic_uncomplicated_disease_worry_and_daily_medication
496,intracerebral_hemorrhage,23359,chronic_intracerebral_hemorrhage_severity_level_3_with_mild_heart_failure_with_mild_dementia,26637,2765,stroke_long_term_consequences_moderate_dementia_mild_heart_failure_mild
496,intracerebral_hemorrhage,23360,chronic_intracerebral_hemorrhage_severity_level_3_with_moderate_heart_failure_with_mild_dementia,26638,2766,stroke_long_term_consequences_moderate_dementia_mild_heart_failure_moderate
496,intracerebral_hemorrhage,23361,chronic_intracerebral_hemorrhage_severity_level_3_with_severe_heart_failure_with_mild_dementia,26639,2767,stroke_long_term_consequences_moderate_dementia_mild_heart_failure_severe
496,intracerebral_hemorrhage,23362,chronic_intracerebral_hemorrhage_severity_level_3_without_heart_failure_with_mild_dementia,26640,2734,stroke_long_term_consequences_mild_dementia_mild
496,intracerebral_hemorrhage,23363,chronic_intracerebral_hemorrhage_severity_level_5_with_asymptomatic_heart_failure_with_mild_dementia,26641,2955,stroke_long_term_consequences_severe_dementia_mild_generic_uncomplicated_disease_worry_and_daily_medication
496,intracerebral_hemorrhage,23364,chronic_intracerebral_hemorrhage_severity_level_5_with_mild_heart_failure_with_mild_dementia,26642,2769,stroke_long_term_consequences_severe_dementia_mild_heart_failure_mild
496,intracerebral_hemorrhage,23365,chronic_intracerebral_hemorrhage_severity_level_5_with_moderate_heart_failure_with_mild_dementia,26643,2770,stroke_long_term_consequences_severe_dementia_mild_heart_failure_moderate
496,intracerebral_hemorrhage,23366,chronic_intracerebral_hemorrhage_severity_level_5_with_severe_heart_failure_with_mild_dementia,26644,2771,stroke_long_term_consequences_severe_dementia_mild_heart_failure_severe
496,intracerebral_hemorrhage,23367,chronic_intracerebral_hemorrhage_severity_level_5_without_heart_failure_with_mild_dementia,26645,2734,stroke_long_term_consequences_mild_dementia_mild
496,intracerebral_hemorrhage,23388,chronic_intracerebral_hemorrhage_severity_level_3_with_asymptomatic_heart_failure_with_moderate_dementia,26666,2957,stroke_long_term_consequences_moderate_dementia_moderate_generic_uncomplicated_disease_worry_and_daily_medication
496,intracerebral_hemorrhage,23389,chronic_intracerebral_hemorrhage_severity_level_3_with_mild_heart_failure_with_moderate_dementia,26667,2773,stroke_long_term_consequences_moderate_dementia_moderate_heart_failure_mild
496,intracerebral_hemorrhage,23390,chronic_intracerebral_hemorrhage_severity_level_3_with_moderate_heart_failure_with_moderate_dementia,26668,2774,stroke_long_term_consequences_moderate_dementia_moderate_heart_failure_moderate
496,intracerebral_hemorrhage,23391,chronic_intracerebral_hemorrhage_severity_level_3_with_severe_heart_failure_with_moderate_dementia,26669,2775,stroke_long_term_consequences_moderate_dementia_moderate_heart_failure_severe
496,intracerebral_hemorrhage,23392,chronic_intracerebral_hemorrhage_severity_level_3_without_heart_failure_with_moderate_dementia,26670,2735,stroke_long_term_consequences_mild_dementia_moderate
496,intracerebral_hemorrhage,23393,chronic_intracerebral_hemorrhage_severity_level_5_with_asymptomatic_heart_failure_with_moderate_dementia,26671,2958,stroke_long_term_consequences_severe_dementia_moderate_generic_uncomplicated_disease_worry_and_daily_medication
496,intracerebral_hemorrhage,23394,chronic_intracerebral_hemorrhage_severity_level_5_with_mild_heart_failure_with_moderate_dementia,26672,2777,stroke_long_term_consequences_severe_dementia_moderate_heart_failure_mild
496,intracerebral_hemorrhage,23395,chronic_intracerebral_hemorrhage_severity_level_5_with_moderate_heart_failure_with_moderate_dementia,26673,2778,stroke_long_term_consequences_severe_dementia_moderate_heart_failure_moderate
496,intracerebral_hemorrhage,23396,chronic_intracerebral_hemorrhage_severity_level_5_with_severe_heart_failure_with_moderate_dementia,26674,2779,stroke_long_term_consequences_severe_dementia_moderate_heart_failure_severe
496,intracerebral_hemorrhage,23397,chronic_intracerebral_hemorrhage_severity_level_5_without_heart_failure_with_moderate_dementia,26675,2735,stroke_long_term_consequences_mild_dementia_moderate
496,intracerebral_hemorrhage,23418,chronic_intracerebral_hemorrhage_severity_level_3_with_asymptomatic_heart_failure_with_severe_dementia,26696,2959,stroke_long_term_consequences_moderate_dementia_severe_generic_uncomplicated_disease_worry_and_daily_medication
496,intracerebral_hemorrhage,23419,chronic_intracerebral_hemorrhage_severity_level_3_with_mild_heart_failure_with_severe_dementia,26697,2781,stroke_long_term_consequences_moderate_dementia_severe_heart_failure_mild
496,intracerebral_hemorrhage,23420,chronic_intracerebral_hemorrhage_severity_level_3_with_moderate_heart_failure_with_severe_dementia,26698,2782,stroke_long_term_consequences_moderate_dementia_severe_heart_failure_moderate
496,intracerebral_hemorrhage,23421,chronic_intracerebral_hemorrhage_severity_level_3_with_severe_heart_failure_with_severe_dementia,26699,2783,stroke_long_term_consequences_moderate_dementia_severe_heart_failure_severe
496,intracerebral_hemorrhage,23422,chronic_intracerebral_hemorrhage_severity_level_3_without_heart_failure_with_severe_dementia,26700,2736,stroke_long_term_consequences_mild_dementia_severe
496,intracerebral_hemorrhage,23423,chronic_intracerebral_hemorrhage_severity_level_5_with_asymptomatic_heart_failure_with_severe_dementia,26701,2960,stroke_long_term_consequences_severe_dementia_severe_generic_uncomplicated_disease_worry_and_daily_medication
496,intracerebral_hemorrhage,23424,chronic_intracerebral_hemorrhage_severity_level_5_with_mild_heart_failure_with_severe_dementia,26702,2785,stroke_long_term_consequences_severe_dementia_severe_heart_failure_mild
496,intracerebral_hemorrhage,23425,chronic_intracerebral_hemorrhage_severity_level_5_with_moderate_heart_failure_with_severe_dementia,26703,2786,stroke_long_term_consequences_severe_dementia_severe_heart_failure_moderate
496,intracerebral_hemorrhage,23426,chronic_intracerebral_hemorrhage_severity_level_5_with_severe_heart_failure_with_severe_dementia,26704,2787,stroke_long_term_consequences_severe_dementia_severe_heart_failure_severe
496,intracerebral_hemorrhage,23427,chronic_intracerebral_hemorrhage_severity_level_5_without_heart_failure_with_severe_dementia,26705,2736,stroke_long_term_consequences_mild_dementia_severe
497,subarachnoid_hemorrhage,5168,acute_subarachnoid_hemorrhage_severity_level_1,19561,384,stroke_long_term_consequences_mild
497,subarachnoid_hemorrhage,5171,acute_subarachnoid_hemorrhage_severity_level_2_without_heart_failure,25788,385,stroke_long_term_consequences_moderate
497,subarachnoid_hemorrhage,5174,acute_subarachnoid_hemorrhage_severity_level_3_without_heart_failure,25794,386,stroke_long_term_consequences_moderate_plus_cognition_problems
497,subarachnoid_hemorrhage,5177,acute_subarachnoid_hemorrhage_severity_level_4_without_heart_failure,25800,387,stroke_long_term_consequences_severe
497,subarachnoid_hemorrhage,5180,acute_subarachnoid_hemorrhage_severity_level_5_without_heart_failure,25806,388,stroke_long_term_consequences_severe_plus_cognition_problems
497,subarachnoid_hemorrhage,5183,asymptomatic_chronic_subarachnoid_hemorrhage,19566,799,asymptomatic
497,subarachnoid_hemorrhage,5186,chronic_subarachnoid_hemorrhage_severity_level_1,19567,384,stroke_long_term_consequences_mild
497,subarachnoid_hemorrhage,23227,acute_subarachnoid_hemorrhage_severity_level_2_with_asymptomatic_heart_failure,25784,2943,stroke_long_term_consequences_moderate_and_generic_uncomplicated_disease_worry_and_daily_medication
497,subarachnoid_hemorrhage,23228,acute_subarachnoid_hemorrhage_severity_level_2_with_mild_heart_failure,25785,2750,stroke_long_term_consequences_moderate_heart_failure_mild
497,subarachnoid_hemorrhage,23229,acute_subarachnoid_hemorrhage_severity_level_2_with_moderate_heart_failure,25786,2751,stroke_long_term_consequences_moderate_heart_failure_moderate
497,subarachnoid_hemorrhage,23230,acute_subarachnoid_hemorrhage_severity_level_2_with_severe_heart_failure,25787,2752,stroke_long_term_consequences_moderate_heart_failure_severe
497,subarachnoid_hemorrhage,23231,acute_subarachnoid_hemorrhage_severity_level_3_with_asymptomatic_heart_failure,25790,2944,stroke_long_term_consequences_moderate_plus_cognition_problems_and_generic_uncomplicated_disease_worry_and_daily_medication
497,subarachnoid_hemorrhage,23232,acute_subarachnoid_hemorrhage_severity_level_3_with_mild_heart_failure,25791,2753,stroke_long_term_consequences_moderate_plus_cognition_problems_heart_failure_mild
497,subarachnoid_hemorrhage,23233,acute_subarachnoid_hemorrhage_severity_level_3_with_moderate_heart_failure,25792,2754,stroke_long_term_consequences_moderate_plus_cognition_problems_heart_failure_moderate
497,subarachnoid_hemorrhage,23234,acute_subarachnoid_hemorrhage_severity_level_3_with_severe_heart_failure,25793,2755,stroke_long_term_consequences_moderate_plus_cognition_problems_heart_failure_severe
497,subarachnoid_hemorrhage,23235,acute_subarachnoid_hemorrhage_severity_level_4_with_asymptomatic_heart_failure,25796,2945,stroke_long_term_consequences_severe_and_generic_uncomplicated_disease_worry_and_daily_medication
497,subarachnoid_hemorrhage,23236,acute_subarachnoid_hemorrhage_severity_level_4_with_mild_heart_failure,25797,2757,stroke_long_term_consequences_severe_heart_failure_mild
497,subarachnoid_hemorrhage,23237,acute_subarachnoid_hemorrhage_severity_level_4_with_moderate_heart_failure,25798,2758,stroke_long_term_consequences_severe_heart_failure_moderate
497,subarachnoid_hemorrhage,23238,acute_subarachnoid_hemorrhage_severity_level_4_with_severe_heart_failure,25799,2759,stroke_long_term_consequences_severe_heart_failure_severe
497,subarachnoid_hemorrhage,23239,acute_subarachnoid_hemorrhage_severity_level_5_with_asymptomatic_heart_failure,25802,2946,stroke_long_term_consequences_severe_plus_cognition_problems_and_generic_uncomplicated_disease_worry_and_daily_medication
497,subarachnoid_hemorrhage,23240,acute_subarachnoid_hemorrhage_severity_level_5_with_mild_heart_failure,25803,2761,stroke_long_term_consequences_severe_plus_cognition_problems_heart_failure_mild
497,subarachnoid_hemorrhage,23241,acute_subarachnoid_hemorrhage_severity_level_5_with_moderate_heart_failure,25804,2762,stroke_long_term_consequences_severe_plus_cognition_problems_heart_failure_moderate
497,subarachnoid_hemorrhage,23242,acute_subarachnoid_hemorrhage_severity_level_5_with_severe_heart_failure,25805,2763,stroke_long_term_consequences_severe_plus_cognition_problems_heart_failure_severe
497,subarachnoid_hemorrhage,23298,chronic_subarachnoid_hemorrhage_severity_level_2_with_asymptomatic_heart_failure,26386,2943,stroke_long_term_consequences_moderate_and_generic_uncomplicated_disease_worry_and_daily_medication
497,subarachnoid_hemorrhage,23299,chronic_subarachnoid_hemorrhage_severity_level_2_with_mild_heart_failure,26387,2750,stroke_long_term_consequences_moderate_heart_failure_mild
497,subarachnoid_hemorrhage,23300,chronic_subarachnoid_hemorrhage_severity_level_2_with_moderate_heart_failure,26388,2751,stroke_long_term_consequences_moderate_heart_failure_moderate
497,subarachnoid_hemorrhage,23301,chronic_subarachnoid_hemorrhage_severity_level_2_with_severe_heart_failure,26389,2752,stroke_long_term_consequences_moderate_heart_failure_severe
497,subarachnoid_hemorrhage,23302,chronic_subarachnoid_hemorrhage_severity_level_2_without_heart_failure,26390,385,stroke_long_term_consequences_moderate
497,subarachnoid_hemorrhage,23303,chronic_subarachnoid_hemorrhage_severity_level_3_with_asymptomatic_heart_failure_no_dementia,26392,815,generic_uncomplicated_disease_anxiety_long_term_consequences_due_to_stroke
497,subarachnoid_hemorrhage,23304,chronic_subarachnoid_hemorrhage_severity_level_3_with_mild_heart_failure_no_dementia,26393,2753,stroke_long_term_consequences_moderate_plus_cognition_problems_heart_failure_mild
497,subarachnoid_hemorrhage,23305,chronic_subarachnoid_hemorrhage_severity_level_3_with_moderate_heart_failure_no_dementia,26394,2754,stroke_long_term_consequences_moderate_plus_cognition_problems_heart_failure_moderate
497,subarachnoid_hemorrhage,23306,chronic_subarachnoid_hemorrhage_severity_level_3_with_severe_heart_failure_no_dementia,26395,2755,stroke_long_term_consequences_moderate_plus_cognition_problems_heart_failure_severe
497,subarachnoid_hemorrhage,23307,chronic_subarachnoid_hemorrhage_severity_level_3_without_heart_failure_no_dementia,26396,386,stroke_long_term_consequences_moderate_plus_cognition_problems
497,subarachnoid_hemorrhage,23308,chronic_subarachnoid_hemorrhage_severity_level_4_with_asymptomatic_heart_failure,26398,2945,stroke_long_term_consequences_severe_and_generic_uncomplicated_disease_worry_and_daily_medication
497,subarachnoid_hemorrhage,23309,chronic_subarachnoid_hemorrhage_severity_level_4_with_mild_heart_failure,26399,2757,stroke_long_term_consequences_severe_heart_failure_mild
497,subarachnoid_hemorrhage,23310,chronic_subarachnoid_hemorrhage_severity_level_4_with_moderate_heart_failure,26400,2758,stroke_long_term_consequences_severe_heart_failure_moderate
497,subarachnoid_hemorrhage,23311,chronic_subarachnoid_hemorrhage_severity_level_4_with_severe_heart_failure,26401,2759,stroke_long_term_consequences_severe_heart_failure_severe
497,subarachnoid_hemorrhage,23312,chronic_subarachnoid_hemorrhage_severity_level_4_without_heart_failure,26402,387,stroke_long_term_consequences_severe
497,subarachnoid_hemorrhage,23313,chronic_subarachnoid_hemorrhage_severity_level_5_with_asymptomatic_heart_failure_no_dementia,26404,2946,stroke_long_term_consequences_severe_plus_cognition_problems_and_generic_uncomplicated_disease_worry_and_daily_medication
497,subarachnoid_hemorrhage,23314,chronic_subarachnoid_hemorrhage_severity_level_5_with_mild_heart_failure_no_dementia,26405,2761,stroke_long_term_consequences_severe_plus_cognition_problems_heart_failure_mild
497,subarachnoid_hemorrhage,23315,chronic_subarachnoid_hemorrhage_severity_level_5_with_moderate_heart_failure_no_dementia,26406,2762,stroke_long_term_consequences_severe_plus_cognition_problems_heart_failure_moderate
497,subarachnoid_hemorrhage,23316,chronic_subarachnoid_hemorrhage_severity_level_5_with_severe_heart_failure_no_dementia,26407,2763,stroke_long_term_consequences_severe_plus_cognition_problems_heart_failure_severe
497,subarachnoid_hemorrhage,23317,chronic_subarachnoid_hemorrhage_severity_level_5_without_heart_failure_no_dementia,26408,388,stroke_long_term_consequences_severe_plus_cognition_problems
497,subarachnoid_hemorrhage,23348,chronic_subarachnoid_hemorrhage_severity_level_3_with_asymptomatic_heart_failure_with_mild_dementia,26626,2956,stroke_long_term_consequences_moderate_dementia_mild_generic_uncomplicated_disease_worry_and_daily_medication
497,subarachnoid_hemorrhage,23349,chronic_subarachnoid_hemorrhage_severity_level_3_with_mild_heart_failure_with_mild_dementia,26627,2765,stroke_long_term_consequences_moderate_dementia_mild_heart_failure_mild
497,subarachnoid_hemorrhage,23350,chronic_subarachnoid_hemorrhage_severity_level_3_with_moderate_heart_failure_with_mild_dementia,26628,2766,stroke_long_term_consequences_moderate_dementia_mild_heart_failure_moderate
497,subarachnoid_hemorrhage,23351,chronic_subarachnoid_hemorrhage_severity_level_3_with_severe_heart_failure_with_mild_dementia,26629,2767,stroke_long_term_consequences_moderate_dementia_mild_heart_failure_severe
497,subarachnoid_hemorrhage,23352,chronic_subarachnoid_hemorrhage_severity_level_3_without_heart_failure_with_mild_dementia,26630,2734,stroke_long_term_consequences_mild_dementia_mild
497,subarachnoid_hemorrhage,23353,chronic_subarachnoid_hemorrhage_severity_level_5_with_asymptomatic_heart_failure_with_mild_dementia,26631,2955,stroke_long_term_consequences_severe_dementia_mild_generic_uncomplicated_disease_worry_and_daily_medication
497,subarachnoid_hemorrhage,23354,chronic_subarachnoid_hemorrhage_severity_level_5_with_mild_heart_failure_with_mild_dementia,26632,2769,stroke_long_term_consequences_severe_dementia_mild_heart_failure_mild
497,subarachnoid_hemorrhage,23355,chronic_subarachnoid_hemorrhage_severity_level_5_with_moderate_heart_failure_with_mild_dementia,26633,2770,stroke_long_term_consequences_severe_dementia_mild_heart_failure_moderate
497,subarachnoid_hemorrhage,23356,chronic_subarachnoid_hemorrhage_severity_level_5_with_severe_heart_failure_with_mild_dementia,26634,2771,stroke_long_term_consequences_severe_dementia_mild_heart_failure_severe
497,subarachnoid_hemorrhage,23357,chronic_subarachnoid_hemorrhage_severity_level_5_without_heart_failure_with_mild_dementia,26635,2734,stroke_long_term_consequences_mild_dementia_mild
497,subarachnoid_hemorrhage,23378,chronic_subarachnoid_hemorrhage_severity_level_3_with_asymptomatic_heart_failure_with_moderate_dementia,26656,2957,stroke_long_term_consequences_moderate_dementia_moderate_generic_uncomplicated_disease_worry_and_daily_medication
497,subarachnoid_hemorrhage,23379,chronic_subarachnoid_hemorrhage_severity_level_3_with_mild_heart_failure_with_moderate_dementia,26657,2773,stroke_long_term_consequences_moderate_dementia_moderate_heart_failure_mild
497,subarachnoid_hemorrhage,23380,chronic_subarachnoid_hemorrhage_severity_level_3_with_moderate_heart_failure_with_moderate_dementia,26658,2774,stroke_long_term_consequences_moderate_dementia_moderate_heart_failure_moderate
497,subarachnoid_hemorrhage,23381,chronic_subarachnoid_hemorrhage_severity_level_3_with_severe_heart_failure_with_moderate_dementia,26659,2775,stroke_long_term_consequences_moderate_dementia_moderate_heart_failure_severe
497,subarachnoid_hemorrhage,23382,chronic_subarachnoid_hemorrhage_severity_level_3_without_heart_failure_with_moderate_dementia,26660,2735,stroke_long_term_consequences_mild_dementia_moderate
497,subarachnoid_hemorrhage,23383,chronic_subarachnoid_hemorrhage_severity_level_5_with_asymptomatic_heart_failure_with_moderate_dementia,26661,2958,stroke_long_term_consequences_severe_dementia_moderate_generic_uncomplicated_disease_worry_and_daily_medication
497,subarachnoid_hemorrhage,23384,chronic_subarachnoid_hemorrhage_severity_level_5_with_mild_heart_failure_with_moderate_dementia,26662,2777,stroke_long_term_consequences_severe_dementia_moderate_heart_failure_mild
497,subarachnoid_hemorrhage,23385,chronic_subarachnoid_hemorrhage_severity_level_5_with_moderate_heart_failure_with_moderate_dementia,26663,2778,stroke_long_term_consequences_severe_dementia_moderate_heart_failure_moderate
497,subarachnoid_hemorrhage,23386,chronic_subarachnoid_hemorrhage_severity_level_5_with_severe_heart_failure_with_moderate_dementia,26664,2779,stroke_long_term_consequences_severe_dementia_moderate_heart_failure_severe
497,subarachnoid_hemorrhage,23387,chronic_subarachnoid_hemorrhage_severity_level_5_without_heart_failure_with_moderate_dementia,26665,2735,stroke_long_term_consequences_mild_dementia_moderate
497,subarachnoid_hemorrhage,23408,chronic_subarachnoid_hemorrhage_severity_level_3_with_asymptomatic_heart_failure_with_severe_dementia,26686,2959,stroke_long_term_consequences_moderate_dementia_severe_generic_uncomplicated_disease_worry_and_daily_medication
497,subarachnoid_hemorrhage,23409,chronic_subarachnoid_hemorrhage_severity_level_3_with_mild_heart_failure_with_severe_dementia,26687,2781,stroke_long_term_consequences_moderate_dementia_severe_heart_failure_mild
497,subarachnoid_hemorrhage,23410,chronic_subarachnoid_hemorrhage_severity_level_3_with_moderate_heart_failure_with_severe_dementia,26688,2782,stroke_long_term_consequences_moderate_dementia_severe_heart_failure_moderate
497,subarachnoid_hemorrhage,23411,chronic_subarachnoid_hemorrhage_severity_level_3_with_severe_heart_failure_with_severe_dementia,26689,2783,stroke_long_term_consequences_moderate_dementia_severe_heart_failure_severe
497,subarachnoid_hemorrhage,23412,chronic_subarachnoid_hemorrhage_severity_level_3_without_heart_failure_with_severe_dementia,26690,2736,stroke_long_term_consequences_mild_dementia_severe
497,subarachnoid_hemorrhage,23413,chronic_subarachnoid_hemorrhage_severity_level_5_with_asymptomatic_heart_failure_with_severe_dementia,26691,2960,stroke_long_term_consequences_severe_dementia_severe_generic_uncomplicated_disease_worry_and_daily_medication
497,subarachnoid_hemorrhage,23414,chronic_subarachnoid_hemorrhage_severity_level_5_with_mild_heart_failure_with_severe_dementia,26692,2785,stroke_long_term_consequences_severe_dementia_severe_heart_failure_mild
497,subarachnoid_hemorrhage,23415,chronic_subarachnoid_hemorrhage_severity_level_5_with_moderate_heart_failure_with_severe_dementia,26693,2786,stroke_long_term_consequences_severe_dementia_severe_heart_failure_moderate
497,subarachnoid_hemorrhage,23416,chronic_subarachnoid_hemorrhage_severity_level_5_with_severe_heart_failure_with_severe_dementia,26694,2787,stroke_long_term_consequences_severe_dementia_severe_heart_failure_severe
497,subarachnoid_hemorrhage,23417,chronic_subarachnoid_hemorrhage_severity_level_5_without_heart_failure_with_severe_dementia,26695,2736,stroke_long_term_consequences_mild_dementia_severe
498,hypertensive_heart_disease,406,mild_heart_failure_due_to_hypertensive_heart_disease,1850,381,heart_failure_mild
498,hypertensive_heart_disease,407,moderate_heart_failure_due_to_hypertensive_heart_disease,1851,382,heart_failure_moderate
498,hypertensive_heart_disease,408,severe_heart_failure_due_to_hypertensive_heart_disease,1852,383,heart_failure_severe
498,hypertensive_heart_disease,5750,controlled_medically_managed_heart_failure_due_to_hypertensive_heart_disease,20029,559,generic_uncomplicated_disease_worry_and_daily_medication
500,atrial_fibrillation_and_flutter,809,asymptomatic_atrial_fibrillation_and_flutter,2837,799,asymptomatic
500,atrial_fibrillation_and_flutter,913,symptomatic_atrial_fibrillation_with_no_heart_failure,25835,379,cardiac_conduction_disorders_and_cardiac_dysrhythmias
500,atrial_fibrillation_and_flutter,23252,symptomatic_atrial_fibrilation_with_mild_heart_failure,25468,381,heart_failure_mild
500,atrial_fibrillation_and_flutter,23253,symptomatic_atrial_fibrilation_with_moderate_heart_failure,25511,382,heart_failure_moderate
500,atrial_fibrillation_and_flutter,23254,symptomatic_atrial_fibrillation_with_asymptomatic_heart_failure,25425,559,generic_uncomplicated_disease_worry_and_daily_medication
500,atrial_fibrillation_and_flutter,23255,symptomatic_atrial_fibrillation_with_severe_heart_failure,25554,383,heart_failure_severe
502,lower_extremity_peripheral_arterial_disease,964,asymptomatic_peripheral_arterial_disease,3118,799,asymptomatic
502,lower_extremity_peripheral_arterial_disease,1041,symptomatic_claudication_due_to_peripheral_arterial_disease,3234,380,claudication
503,endocarditis,413,moderate_endocarditis,1863,352,infectious_disease_acute_episode_moderate
503,endocarditis,414,severe_endocarditis,1864,353,infectious_disease_acute_episode_severe
503,endocarditis,415,mild_heart_failure_due_to_endocarditis,1865,381,heart_failure_mild
503,endocarditis,416,moderate_heart_failure_due_to_endocarditis,1866,382,heart_failure_moderate
503,endocarditis,417,severe_heart_failure_due_to_endocarditis,1867,383,heart_failure_severe
503,endocarditis,5741,controlled_medically_managed_heart_failure_due_to_endocarditis,20030,559,generic_uncomplicated_disease_worry_and_daily_medication
507,other_cardiovascular_and_circulatory_diseases,418,mild_heart_failure_due_to_other_cardiovascular_diseases,1869,381,heart_failure_mild
507,other_cardiovascular_and_circulatory_diseases,419,moderate_heart_failure_due_to_other_cardiovascular_diseases,1870,382,heart_failure_moderate
507,other_cardiovascular_and_circulatory_diseases,420,severe_heart_failure_due_to_other_cardiovascular_diseases,1871,383,heart_failure_severe
507,other_cardiovascular_and_circulatory_diseases,839,asymptomatic_other_cardiovascular_diseases,2909,799,asymptomatic
507,other_cardiovascular_and_circulatory_diseases,840,mild_other_cardiovascular_diseases,2910,381,heart_failure_mild
507,other_cardiovascular_and_circulatory_diseases,841,moderate_other_cardiovascular_diseases,2911,382,heart_failure_moderate
507,other_cardiovascular_and_circulatory_diseases,842,severe_other_cardiovascular_diseases,2912,383,heart_failure_severe
507,other_cardiovascular_and_circulatory_diseases,5759,controlled_medically_managed_heart_failure_due_to_other_cardiovascular_disease,20031,559,generic_uncomplicated_disease_worry_and_daily_medication
509,chronic_obstructive_pulmonary_disease,421,mild_chronic_obstructive_pulmonary_disease,1873,405,copd_and_other_chronic_respiratory_problems_mild
509,chronic_obstructive_pulmonary_disease,422,moderate_chronic_obstructive_pulmonary_disease,1874,406,copd_and_other_chronic_respiratory_problems_moderate
509,chronic_obstructive_pulmonary_disease,929,asymptomatic_chronic_obstructive_pulmonary_disease,3065,799,asymptomatic
509,chronic_obstructive_pulmonary_disease,980,mild_heart_failure_due_to_severe_chronic_obstructive_pulmonary_disease,3149,850,severe_copd_and_other_chronic_respiratory_with_mild_heart_failure
509,chronic_obstructive_pulmonary_disease,981,moderate_heart_failure_due_to_severe_chronic_obstructive_pulmonary_disease,3150,851,severe_copd_and_other_chronic_respiratory_with_moderate_heart_failure
509,chronic_obstructive_pulmonary_disease,982,severe_heart_failure_due_to_severe_chronic_obstructive_pulmonary_disease,3151,852,severe_copd_and_other_chronic_respiratory_with_severe_heart_failure
509,chronic_obstructive_pulmonary_disease,983,severe_chronic_obstructive_pulmonary_disease_without_heart_failure,3152,407,copd_and_other_chronic_respiratory_problems_severe
509,chronic_obstructive_pulmonary_disease,5774,controlled_medically_managed_heart_failure_due_to_severe_chronic_obstructive_pulmonary_disease,20174,2663,copd_and_other_chronic_respiratory_problems_severe_and_generic_uncomplicated_disease_worry_and_daily_medication
511,silicosis,423,mild_silicosis,1880,405,copd_and_other_chronic_respiratory_problems_mild
511,silicosis,424,moderate_silicosis,1881,406,copd_and_other_chronic_respiratory_problems_moderate
511,silicosis,948,asymptomatic_silicosis,3097,799,asymptomatic
511,silicosis,984,mild_heart_failure_due_to_severe_silicosis,3153,850,severe_copd_and_other_chronic_respiratory_with_mild_heart_failure
511,silicosis,985,moderate_heart_failure_due_to_severe_silicosis,3154,851,severe_copd_and_other_chronic_respiratory_with_moderate_heart_failure
511,silicosis,986,severe_heart_failure_due_to_severe_silicosis,3155,852,severe_copd_and_other_chronic_respiratory_with_severe_heart_failure
511,silicosis,987,severe_silicosis_without_heart_failure,3156,407,copd_and_other_chronic_respiratory_problems_severe
511,silicosis,5786,controlled_medically_managed_heart_failure_due_to_severe_silicosis,20175,2663,copd_and_other_chronic_respiratory_problems_severe_and_generic_uncomplicated_disease_worry_and_daily_medication
512,asbestosis,425,mild_asbestosis,1887,405,copd_and_other_chronic_respiratory_problems_mild
512,asbestosis,426,moderate_asbestosis,1888,406,copd_and_other_chronic_respiratory_problems_moderate
512,asbestosis,949,asymptomatic_asbestosis,3098,799,asymptomatic
512,asbestosis,988,mild_heart_failure_due_to_severe_asbestosis,3157,850,severe_copd_and_other_chronic_respiratory_with_mild_heart_failure
512,asbestosis,989,moderate_heart_failure_due_to_severe_asbestosis,3158,851,severe_copd_and_other_chronic_respiratory_with_moderate_heart_failure
512,asbestosis,990,severe_heart_failure_due_to_severe_asbestosis,3159,852,severe_copd_and_other_chronic_respiratory_with_severe_heart_failure
512,asbestosis,991,severe_asbestosis_without_heart_failure,3160,407,copd_and_other_chronic_respiratory_problems_severe
512,asbestosis,5771,controlled_medically_managed_heart_failure_due_to_severe_asbestosis,20176,2663,copd_and_other_chronic_respiratory_problems_severe_and_generic_uncomplicated_disease_worry_and_daily_medication
513,coal_workers_pneumoconiosis,427,mild_coal_workers_pneumoconiosis,1894,405,copd_and_other_chronic_respiratory_problems_mild
513,coal_workers_pneumoconiosis,428,moderate_coal_workers_pneumoconiosis,1895,406,copd_and_other_chronic_respiratory_problems_moderate
513,coal_workers_pneumoconiosis,950,asymptomatic_coal_workers_pneumoconiosis,3099,799,asymptomatic
513,coal_workers_pneumoconiosis,992,mild_heart_failure_due_to_severe_coal_workers_pneumoconiosis,3161,850,severe_copd_and_other_chronic_respiratory_with_mild_heart_failure
513,coal_workers_pneumoconiosis,993,moderate_heart_failure_due_to_severe_coal_workers_pneumoconiosis,3162,851,severe_copd_and_other_chronic_respiratory_with_moderate_heart_failure
513,coal_workers_pneumoconiosis,994,severe_heart_failure_due_to_severe_coal_workers_pneumoconiosis,3163,852,severe_copd_and_other_chronic_respiratory_with_severe_heart_failure
513,coal_workers_pneumoconiosis,995,severe_coal_workers_pneumoconiosis_without_heart_failure,3164,407,copd_and_other_chronic_respiratory_problems_severe
513,coal_workers_pneumoconiosis,5777,controlled_medically_managed_heart_failure_due_to_severe_coal_workers_pneumoconiosis,20177,2663,copd_and_other_chronic_respiratory_problems_severe_and_generic_uncomplicated_disease_worry_and_daily_medication
514,other_pneumoconiosis,429,mild_other_pneumoconiosis,1901,405,copd_and_other_chronic_respiratory_problems_mild
514,other_pneumoconiosis,430,moderate_other_pneumoconiosis,1902,406,copd_and_other_chronic_respiratory_problems_moderate
514,other_pneumoconiosis,951,asymptomatic_other_pneumoconiosis,3100,799,asymptomatic
514,other_pneumoconiosis,996,mild_heart_failure_due_to_severe_other_pneumoconiosis,3165,850,severe_copd_and_other_chronic_respiratory_with_mild_heart_failure
514,other_pneumoconiosis,997,moderate_heart_failure_due_to_severe_other_pneumoconiosis,3166,851,severe_copd_and_other_chronic_respiratory_with_moderate_heart_failure
514,other_pneumoconiosis,998,severe_heart_failure_due_to_severe_other_pneumoconiosis,3167,852,severe_copd_and_other_chronic_respiratory_with_severe_heart_failure
514,other_pneumoconiosis,999,severe_other_pneumoconiosis_without_heart_failure,3168,407,copd_and_other_chronic_respiratory_problems_severe
514,other_pneumoconiosis,5783,controlled_medically_managed_heart_failure_due_to_severe_other_pneumoconiosis,20178,2663,copd_and_other_chronic_respiratory_problems_severe_and_generic_uncomplicated_disease_worry_and_daily_medication
515,asthma,431,controlled_asthma,1908,402,asthma_controlled
515,asthma,432,partially_controlled_asthma,1909,403,asthma_partially_controlled
515,asthma,433,uncontrolled_asthma,1910,404,asthma_uncontrolled
515,asthma,830,asymptomatic_asthma,2873,799,asymptomatic
516,interstitial_lung_disease_and_pulmonary_sarcoidosis,434,mild_interstitial_lung_disease_and_pulmonary_sarcoidosis,1912,405,copd_and_other_chronic_respiratory_problems_mild
516,interstitial_lung_disease_and_pulmonary_sarcoidosis,435,moderate_interstitial_lung_disease_and_pulmonary_sarcoidosis,1913,406,copd_and_other_chronic_respiratory_problems_moderate
516,interstitial_lung_disease_and_pulmonary_sarcoidosis,952,asymptomatic_interstitial_lung_disease_and_pulmonary_sarcoidosis,3101,799,asymptomatic
516,interstitial_lung_disease_and_pulmonary_sarcoidosis,1000,mild_heart_failure_due_to_severe_interstitial_lung_disease_and_pulmonary_sarcoidosis,3169,850,severe_copd_and_other_chronic_respiratory_with_mild_heart_failure
516,interstitial_lung_disease_and_pulmonary_sarcoidosis,1001,moderate_heart_failure_due_to_severe_interstitial_lung_disease_and_pulmonary_sarcoidosis,3170,851,severe_copd_and_other_chronic_respiratory_with_moderate_heart_failure
516,interstitial_lung_disease_and_pulmonary_sarcoidosis,1002,severe_heart_failure_due_to_severe_interstitial_lung_disease_and_pulmonary_sarcoidosis,3171,852,severe_copd_and_other_chronic_respiratory_with_severe_heart_failure
516,interstitial_lung_disease_and_pulmonary_sarcoidosis,1003,severe_interstitial_lung_disease_and_pulmonary_sarcoidosis_without_heart_failure,3172,407,copd_and_other_chronic_respiratory_problems_severe
516,interstitial_lung_disease_and_pulmonary_sarcoidosis,5780,controlled_medically_managed_heart_failure_due_to_severe_interstitial_lung_disease_and_pulmonary_sarcoidosis,20179,2663,copd_and_other_chronic_respiratory_problems_severe_and_generic_uncomplicated_disease_worry_and_daily_medication
520,other_chronic_respiratory_diseases,436,other_chronic_respiratory_diseases,1918,639,post_como_calculation_for_residuals_yll_yld_ratio_other_methods
522,chronic_hepatitis_b_including_cirrhosis,902,chronic_hepatitis_b_without_cirrhosis,20169,799,asymptomatic
522,chronic_hepatitis_b_including_cirrhosis,5135,cirrhosis_and_other_chronic_liver_diseases_due_to_hepatitis_b_compensated,11655,799,asymptomatic
522,chronic_hepatitis_b_including_cirrhosis,23030,cirrhosis_and_other_chronic_liver_diseases_due_to_hepatitis_b_decompensated_with_mild_anemia,23841,2720,decompensated_cirrhosis_of_the_liver_and_mild_anemia
522,chronic_hepatitis_b_including_cirrhosis,23031,cirrhosis_and_other_chronic_liver_diseases_due_to_hepatitis_b_decompensated_with_moderate_anemia,23842,2721,decompensated_cirrhosis_of_the_liver_and_moderate_anemia
522,chronic_hepatitis_b_including_cirrhosis,23032,cirrhosis_and_other_chronic_liver_diseases_due_to_hepatitis_b_decompensated_with_severe_anemia,23843,2722,decompensated_cirrhosis_of_the_liver_and_severe_anemia
522,chronic_hepatitis_b_including_cirrhosis,23087,cirrhosis_and_other_chronic_liver_diseases_due_to_hepatitis_b_decompensated_with_controlled_medically_managed_heart_failure,25422,2744,decompensated_cirrhosis_of_the_liver_generic_uncomplicated_disease_worry_and_daily_medication
522,chronic_hepatitis_b_including_cirrhosis,23088,cirrhosis_and_other_chronic_liver_diseases_due_to_hepatitis_b_decompensated_with_mild_heart_failure,25465,2745,decompensated_cirrhosis_of_the_liver_heart_failure_mild
522,chronic_hepatitis_b_including_cirrhosis,23089,cirrhosis_and_other_chronic_liver_diseases_due_to_hepatitis_b_decompensated_with_moderate_heart_failure,25508,2746,decompensated_cirrhosis_of_the_liver_heart_failure_moderate
522,chronic_hepatitis_b_including_cirrhosis,23090,cirrhosis_and_other_chronic_liver_diseases_due_to_hepatitis_b_decompensated_with_severe_heart_failure,25551,2747,decompensated_cirrhosis_of_the_liver_heart_failure_severe
522,chronic_hepatitis_b_including_cirrhosis,23091,cirrhosis_and_other_chronic_liver_diseases_due_to_hepatitis_b_decompensated_without_anemia_or_heart_failure,25887,394,decompensated_cirrhosis_of_the_liver
523,chronic_hepatitis_c_including_cirrhosis,903,chronic_hepatitis_c_without_cirrhosis,20170,799,asymptomatic
523,chronic_hepatitis_c_including_cirrhosis,5138,cirrhosis_and_other_chronic_liver_diseases_due_to_hepatitis_c_compensated,11656,799,asymptomatic
523,chronic_hepatitis_c_including_cirrhosis,23034,cirrhosis_and_other_chronic_liver_diseases_due_to_hepatitis_c_decompensated_with_mild_anemia,23845,2720,decompensated_cirrhosis_of_the_liver_and_mild_anemia
523,chronic_hepatitis_c_including_cirrhosis,23035,cirrhosis_and_other_chronic_liver_diseases_due_to_hepatitis_c_decompensated_with_moderate_anemia,23846,2721,decompensated_cirrhosis_of_the_liver_and_moderate_anemia
523,chronic_hepatitis_c_including_cirrhosis,23036,cirrhosis_and_other_chronic_liver_diseases_due_to_hepatitis_c_decompensated_with_severe_anemia,23847,2722,decompensated_cirrhosis_of_the_liver_and_severe_anemia
523,chronic_hepatitis_c_including_cirrhosis,23092,cirrhosis_and_other_chronic_liver_diseases_due_to_hepatitis_c_decompensated_with_controlled_medically_managed_heart_failure,25423,2744,decompensated_cirrhosis_of_the_liver_generic_uncomplicated_disease_worry_and_daily_medication
523,chronic_hepatitis_c_including_cirrhosis,23093,cirrhosis_and_other_chronic_liver_diseases_due_to_hepatitis_c_decompensated_with_mild_heart_failure,25466,2745,decompensated_cirrhosis_of_the_liver_heart_failure_mild
523,chronic_hepatitis_c_including_cirrhosis,23094,cirrhosis_and_other_chronic_liver_diseases_due_to_hepatitis_c_decompensated_with_moderate_heart_failure,25509,2746,decompensated_cirrhosis_of_the_liver_heart_failure_moderate
523,chronic_hepatitis_c_including_cirrhosis,23095,cirrhosis_and_other_chronic_liver_diseases_due_to_hepatitis_c_decompensated_with_severe_heart_failure,25552,2747,decompensated_cirrhosis_of_the_liver_heart_failure_severe
523,chronic_hepatitis_c_including_cirrhosis,23096,cirrhosis_and_other_chronic_liver_diseases_due_to_hepatitis_c_decompensated_without_anemia_or_heart_failure,25889,394,decompensated_cirrhosis_of_the_liver
524,cirrhosis_due_to_alcohol,5141,cirrhosis_and_other_chronic_liver_diseases_due_to_alcohol_compensated,11657,799,asymptomatic
524,cirrhosis_due_to_alcohol,23038,cirrhosis_and_other_chronic_liver_diseases_due_to_alcohol_decompensated_with_mild_anemia,23849,2720,decompensated_cirrhosis_of_the_liver_and_mild_anemia
524,cirrhosis_due_to_alcohol,23039,cirrhosis_and_other_chronic_liver_diseases_due_to_alcohol_decompensated_with_moderate_anemia,23850,2721,decompensated_cirrhosis_of_the_liver_and_moderate_anemia
524,cirrhosis_due_to_alcohol,23040,cirrhosis_and_other_chronic_liver_diseases_due_to_alcohol_decompensated_with_severe_anemia,23851,2722,decompensated_cirrhosis_of_the_liver_and_severe_anemia
524,cirrhosis_due_to_alcohol,23097,cirrhosis_and_other_chronic_liver_diseases_due_to_alcohol_decompensated_with_controlled_medically_managed_heart_failure,25421,2744,decompensated_cirrhosis_of_the_liver_generic_uncomplicated_disease_worry_and_daily_medication
524,cirrhosis_due_to_alcohol,23098,cirrhosis_and_other_chronic_liver_diseases_due_to_alcohol_decompensated_with_mild_heart_failure,25464,2745,decompensated_cirrhosis_of_the_liver_heart_failure_mild
524,cirrhosis_due_to_alcohol,23099,cirrhosis_and_other_chronic_liver_diseases_due_to_alcohol_decompensated_with_moderate_heart_failure,25507,2746,decompensated_cirrhosis_of_the_liver_heart_failure_moderate
524,cirrhosis_due_to_alcohol,23100,cirrhosis_and_other_chronic_liver_diseases_due_to_alcohol_decompensated_with_severe_heart_failure,25550,2747,decompensated_cirrhosis_of_the_liver_heart_failure_severe
524,cirrhosis_due_to_alcohol,23101,cirrhosis_and_other_chronic_liver_diseases_due_to_alcohol_decompensated_without_anemia_or_heart_failure,25885,394,decompensated_cirrhosis_of_the_liver
525,cirrhosis_due_to_other_causes,5144,cirrhosis_and_other_chronic_liver_diseases_due_to_other_cause_compensated_asymptomatic,11658,799,asymptomatic
525,cirrhosis_due_to_other_causes,23042,cirrhosis_and_other_chronic_liver_diseases_due_to_other_decompensated_with_mild_anemia,23857,2720,decompensated_cirrhosis_of_the_liver_and_mild_anemia
525,cirrhosis_due_to_other_causes,23043,cirrhosis_and_other_chronic_liver_diseases_due_to_other_decompensated_with_moderate_anemia,23858,2721,decompensated_cirrhosis_of_the_liver_and_moderate_anemia
525,cirrhosis_due_to_other_causes,23044,cirrhosis_and_other_chronic_liver_diseases_due_to_other_decompensated_with_severe_anemia,23859,2722,decompensated_cirrhosis_of_the_liver_and_severe_anemia
525,cirrhosis_due_to_other_causes,23102,cirrhosis_and_other_chronic_liver_diseases_due_to_other_cause_decompensated_with_controlled_medically_managed_heart_failure,25424,2744,decompensated_cirrhosis_of_the_liver_generic_uncomplicated_disease_worry_and_daily_medication
525,cirrhosis_due_to_other_causes,23103,cirrhosis_and_other_chronic_liver_diseases_due_to_other_cause_decompensated_with_mild_heart_failure,25467,2745,decompensated_cirrhosis_of_the_liver_heart_failure_mild
525,cirrhosis_due_to_other_causes,23104,cirrhosis_and_other_chronic_liver_diseases_due_to_other_cause_decompensated_with_moderate_heart_failure,25510,2746,decompensated_cirrhosis_of_the_liver_heart_failure_moderate
525,cirrhosis_due_to_other_causes,23105,cirrhosis_and_other_chronic_liver_diseases_due_to_other_cause_decompensated_with_severe_heart_failure,25553,2747,decompensated_cirrhosis_of_the_liver_heart_failure_severe
525,cirrhosis_due_to_other_causes,23106,cirrhosis_and_other_chronic_liver_diseases_due_to_other_causes_decompensated_without_anemia_or_heart_failure,25893,394,decompensated_cirrhosis_of_the_liver
527,peptic_ulcer_disease,4952,mildly_symptomatic_pud_with_mild_anemia,16205,865,mild_abdominal_pain_with_mild_anemia
527,peptic_ulcer_disease,4955,moderately_symptomatic_pud_with_mild_anemia,16206,2465,moderate_abdominal_pain_with_mild_anemia
527,peptic_ulcer_disease,4958,mildly_symptomatic_pud_with_moderate_anemia,16208,866,mild_abdominal_pain_with_moderate_anemia
527,peptic_ulcer_disease,4961,moderately_symptomatic_pud_with_moderate_anemia,16209,2468,moderate_abdominal_pain_with_moderate_anemia
527,peptic_ulcer_disease,4964,mildly_symptomatic_pud_with_severe_anemia,16211,867,mild_abdominal_pain_with_severe_anemia
527,peptic_ulcer_disease,4967,moderately_symptomatic_pud_with_severe_anemia,16212,867,mild_abdominal_pain_with_severe_anemia
527,peptic_ulcer_disease,4970,mildly_symptomatic_pud_with_no_anemia,16214,544,abdominopelvic_problem_mild
527,peptic_ulcer_disease,4973,moderately_symptomatic_pud_with_no_anemia,16215,545,abdominopelvic_problem_moderate
527,peptic_ulcer_disease,4976,asymptomatic_pud_with_mild_anemia,16216,547,anemia_mild
527,peptic_ulcer_disease,4979,asymptomatic_pud_with_moderate_anemia,16217,548,anemia_moderate
527,peptic_ulcer_disease,4982,asymptomatic_pud_with_severe_anemia,16218,549,anemia_severe
527,peptic_ulcer_disease,5045,asymptomatic_pud_with_no_anemia,16219,799,asymptomatic
527,peptic_ulcer_disease,5624,complicated_pud_with_no_anemia,19841,395,gastric_bleeding
527,peptic_ulcer_disease,5627,complicated_pud_with_mild_anemia,19842,2648,gastric_bleeding_and_anemia_mild
527,peptic_ulcer_disease,5630,complicated_pud_with_moderate_anemia,19843,2651,gastric_bleeding_and_anemia_moderate
527,peptic_ulcer_disease,5633,complicated_pud_with_severe_anemia,19844,2654,gastric_bleeding_and_anemia_severe
527,peptic_ulcer_disease,7199,severe_acute_uncomplicated_pud_with_no_anemia,20293,546,abdominopelvic_problem_severe
527,peptic_ulcer_disease,7202,severe_acute_uncomplicated_pud_with_mild_anemia,20294,2684,abdominopelvic_problem_severe_and_mild_anemia
527,peptic_ulcer_disease,7205,severe_acute_uncomplicated_pud_with_moderate_anemia,20295,2690,abdominopelvic_problem_severe_and_moderate_anemia
527,peptic_ulcer_disease,7208,severe_acute_uncomplicated_pud_with_severe_anemia,20296,2693,abdominopelvic_problem_severe_and_severe_anemia
528,gastritis_and_duodenitis,4985,mildy_symptomatic_gastritis_duodenitis_with_mild_anemia,16221,865,mild_abdominal_pain_with_mild_anemia
528,gastritis_and_duodenitis,4988,moderately_symptomatic_gastritis_duodenitis_with_mild_anemia,16222,2465,moderate_abdominal_pain_with_mild_anemia
528,gastritis_and_duodenitis,4991,mildly_symptomatic_gastritis_duodenitis_with_moderate_anemia,16224,866,mild_abdominal_pain_with_moderate_anemia
528,gastritis_and_duodenitis,4994,moderately_symptomatic_gastritis_duodenitis_with_moderate_anemia,16225,2468,moderate_abdominal_pain_with_moderate_anemia
528,gastritis_and_duodenitis,4997,mildy_symptomatic_gastritis_duodenitis_with_severe_anemia,16227,867,mild_abdominal_pain_with_severe_anemia
528,gastritis_and_duodenitis,5000,moderately_symptomatic_gastritis_duodenitis_with_severe_anemia,16228,2471,moderate_abdominal_pain_with_severe_anemia
528,gastritis_and_duodenitis,5003,mildly_symptomatic_gastritis_duodenitis_with_no_anemia,16230,544,abdominopelvic_problem_mild
528,gastritis_and_duodenitis,5006,moderately_symptomatic_gastritis_duodenitis_with_no_anemia,16231,545,abdominopelvic_problem_moderate
528,gastritis_and_duodenitis,5009,asymptomatic_gastritis_duodenitis_with_mild_anemia,16232,547,anemia_mild
528,gastritis_and_duodenitis,5012,asymptomatic_gastritis_duodenitis_with_moderate_anemia,16233,548,anemia_moderate
528,gastritis_and_duodenitis,5015,asymptomatic_gastritis_duodenitis_with_severe_anemia,16234,549,anemia_severe
528,gastritis_and_duodenitis,5048,asymptomatic_gastritis_duodenitis_with_no_anemia,16235,799,asymptomatic
528,gastritis_and_duodenitis,5675,complicated_gastritis_duodenitis_with_no_anemia,19888,395,gastric_bleeding
528,gastritis_and_duodenitis,5678,complicated_gastritis_duodenitis_with_mild_anemia,19889,2648,gastric_bleeding_and_anemia_mild
528,gastritis_and_duodenitis,5681,complicated_gastritis_duodenitis_with_moderate_anemia,19890,2651,gastric_bleeding_and_anemia_moderate
528,gastritis_and_duodenitis,5684,complicated_gastritis_duodenitis_with_severe_anemia,19891,2654,gastric_bleeding_and_anemia_severe
528,gastritis_and_duodenitis,7211,severe_acute_uncomplicated_gastritis_duodenitis_with_no_anemia,20309,546,abdominopelvic_problem_severe
528,gastritis_and_duodenitis,7214,severe_acute_uncomplicated_gastritis_duodenitis_with_mild_anemia,20310,2684,abdominopelvic_problem_severe_and_mild_anemia
528,gastritis_and_duodenitis,7217,severe_acute_uncomplicated_gastritis_duodenitis_with_moderate_anemia,20311,2690,abdominopelvic_problem_severe_and_moderate_anemia
528,gastritis_and_duodenitis,7220,severe_acute_uncomplicated_gastritis_duodenitis_with_severe_anemia,20312,2693,abdominopelvic_problem_severe_and_severe_anemia
529,appendicitis,445,appendicitis,24547,546,abdominopelvic_problem_severe
530,paralytic_ileus_and_intestinal_obstruction,446,paralytic_ileus_and_intestinal_obstruction,24548,546,abdominopelvic_problem_severe
531,inguinal_femoral_and_abdominal_hernia,4595,mild_symptomatic_inguinal_femoral_and_abdominal_hernia,16286,544,abdominopelvic_problem_mild
531,inguinal_femoral_and_abdominal_hernia,4598,moderate_symptomatic_inguinal_femoral_and_abdominal_hernia,16287,545,abdominopelvic_problem_moderate
531,inguinal_femoral_and_abdominal_hernia,4601,severe_symptomatic_inguinal_femoral_and_abdominal_hernia,16288,546,abdominopelvic_problem_severe
531,inguinal_femoral_and_abdominal_hernia,23049,asymptomatic_symptomatic_inguinal_femoral_and_abdominal_hernia,9542,799,asymptomatic
533,vascular_intestinal_disorders,448,vascular_intestinal_disorders,24648,546,abdominopelvic_problem_severe
534,gallbladder_and_biliary_diseases,1135,asymptomatic_gallbladder_and_biliary_diseases,9535,799,asymptomatic
534,gallbladder_and_biliary_diseases,4586,mild_symptomatic_episodes_gallbladder_and_biliary_diseases,16283,544,abdominopelvic_problem_mild
534,gallbladder_and_biliary_diseases,4589,moderate_symptomatic_episodes_gallbladder_and_biliary_diseases,16284,545,abdominopelvic_problem_moderate
534,gallbladder_and_biliary_diseases,4592,severe_symptomatic_episodes_gallbladder_and_biliary_diseases,16285,546,abdominopelvic_problem_severe
535,pancreatitis,4610,mild_chronic_pancreatitis,16293,544,abdominopelvic_problem_mild
535,pancreatitis,4613,moderate_chronic_pancreatitis,16294,545,abdominopelvic_problem_moderate
535,pancreatitis,4616,severe_chronic_pancreatitis,16295,546,abdominopelvic_problem_severe
535,pancreatitis,5621,acute_pancreatitis,15812,2657,infectious_disease_acute_episode_severe_and_abdominopelvic_problem_severe
535,pancreatitis,7196,asymptomatic_chronic_pancreatitis,20290,799,asymptomatic
536,gastroesophageal_reflux_disease,7184,mild_to_moderate_gerd_symptomatic_days,20396,544,abdominopelvic_problem_mild
536,gastroesophageal_reflux_disease,7187,mild_to_moderate_gerd_asymptomatic_days,20397,799,asymptomatic
536,gastroesophageal_reflux_disease,7190,severe_gerd_symptomatic_days,20286,2633,often_has_a_burning_sensation_in_the_back_of_the_chest_after_eating
536,gastroesophageal_reflux_disease,7193,severe_gerd_asymptomatic_days,20287,799,asymptomatic
537,diverticular_disease_of_intestines,23469,asymptomatic_diverticular_disease,27710,799,asymptomatic
537,diverticular_disease_of_intestines,23470,mild_abdominopelvic_problems_due_to_diverticular_disease,27711,544,abdominopelvic_problem_mild
537,diverticular_disease_of_intestines,23471,moderate_abdominopelvic_problems_due_to_diverticular_disease,27712,545,abdominopelvic_problem_moderate
537,diverticular_disease_of_intestines,23472,severe_abdominopelvic_problems_due_to_diverticular_disease,27713,546,abdominopelvic_problem_severe
541,other_digestive_diseases_internal,451,other_digestive_diseases,1942,639,post_como_calculation_for_residuals_yll_yld_ratio_other_methods
543,alzheimers_disease_and_other_dementias,452,mild_alzheimers_disease_and_other_dementias,1944,408,dementia_mild
543,alzheimers_disease_and_other_dementias,453,moderate_alzheimers_disease_and_other_dementias,1945,409,dementia_moderate
543,alzheimers_disease_and_other_dementias,454,severe_alzheimers_disease_and_other_dementias,1946,410,dementia_severe
544,parkinsons_disease,455,mild_parkinsons_disease,1948,421,parkinson_disease_mild
544,parkinsons_disease,456,moderate_parkinsons_disease,1949,422,parkinson_disease_moderate
544,parkinsons_disease,457,severe_parkinsons_disease,1950,423,parkinson_disease_severe
545,idiopathic_epilepsy,458,idiopathic_seizure_free_treated_epilepsy,1951,559,generic_uncomplicated_disease_worry_and_daily_medication
545,idiopathic_epilepsy,459,idiopathic_less_severe_epilepsy,1952,746,epilepsy_seizures_1_11_per_year
545,idiopathic_epilepsy,460,idiopathic_severe_epilepsy,1953,745,epilepsy_seizures_greater_than___once_a_month
546,multiple_sclerosis,461,mild_multiple_sclerosis,1956,414,multiple_sclerosis_mild
546,multiple_sclerosis,462,moderate_multiple_sclerosis,1957,415,multiple_sclerosis_moderate
546,multiple_sclerosis,463,severe_multiple_sclerosis,1958,416,multiple_sclerosis_severe
546,multiple_sclerosis,4949,asymptomatic_multiple_sclerosis,15810,799,asymptomatic
547,migraine,1346,asymptomatic_medication_overuse_headache_due_to_migraine,10848,799,asymptomatic
547,migraine,1349,symptomatic_medication_overuse_headache_due_to_migraine,10849,413,headache_medication_overuse
547,migraine,7166,symptomatic_probable_migraine,20183,411,headache_migraine
547,migraine,7169,asymptomatic_probable_migraine,20184,799,asymptomatic
547,migraine,7172,symptomatic_definite_migraine,20185,411,headache_migraine
547,migraine,7175,asymptomatic_definite_migraine,20186,799,asymptomatic
548,tension_type_headache,1352,asymptomatic_medication_overuse_headache_due_to_tension_type_headache,10851,799,asymptomatic
548,tension_type_headache,1355,symptomatic_medication_overuse_headache_due_to_tension_type_headache,10852,413,headache_medication_overuse
548,tension_type_headache,23053,symptomatic_probable_tension_type_headache,24387,412,headache_tension_type
548,tension_type_headache,23054,asymptomatic_probable_tension_type_headache,24388,799,asymptomatic
548,tension_type_headache,23055,symptomatic_definite_tension_type_headache,24389,412,headache_tension_type
548,tension_type_headache,23056,asymptomatic_definite_tension_type_headache,24390,799,asymptomatic
554,motor_neuron_disease,1153,mild_motor_impairment_mild_respiratory_problems_and_speech_problems_due_to_motor_neuron_disease,9679,868,mild_motor_impairment_with_mild_respiratory_problems_and_speech_problems
554,motor_neuron_disease,1154,mild_motor_impairment_moderate_respiratory_problems_and_speech_problems_due_to_motor_neuron_disease,9680,869,mild_motor_impairment_with_moderate_respiratory_problems_and_speech_problems
554,motor_neuron_disease,1155,mild_motor_impairment_severe_respiratory_problems_and_speech_problems_due_to_motor_neuron_disease,9681,870,mild_motor_impairment_with_severe_respiratory_problems_and_speech_problems
554,motor_neuron_disease,1156,mild_motor_impairment_and_speech_problems_due_to_motor_neuron_disease,9682,886,mild_motor_impairment_and_speech_problems
554,motor_neuron_disease,1157,moderate_motor_impairment_mild_respiratory_problems_and_speech_problems_due_to_motor_neuron_disease,9683,871,moderate_motor_impairment_with_mild_respiratory_problems_and_speech_problems
554,motor_neuron_disease,1158,moderate_motor_impairment_moderate_respiratory_problems_and_speech_problems_due_to_motor_neuron_disease,9684,872,moderate_motor_impairment_with_moderate_respiratory_problems_and_speech_problems
554,motor_neuron_disease,1159,moderate_motor_impairment_severe_respiratory_problems_and_speech_problems_due_to_motor_neuron_disease,9685,873,moderate_motor_impairment_with_severe_respiratory_problems_and_speech_problems
554,motor_neuron_disease,1160,severe_motor_impairment_mild_respiratory_problems_and_speech_problems_due_to_motor_neuron_disease,9687,874,severe_motor_impairment_with_mild_respiratory_problems_and_speech_problems
554,motor_neuron_disease,1161,severe_motor_impairment_moderate_respiratory_problems_and_speech_problems_due_to_motor_neuron_disease,9688,875,severe_motor_impairment_with_moderate_respiratory_problems_and_speech_problems
554,motor_neuron_disease,1162,severe_motor_impairment_severe_respiratory_problems_and_speech_problems_due_to_motor_neuron_disease,9689,876,severe_motor_impairment_with_severe_respiratory_problems_and_speech_problems
554,motor_neuron_disease,1163,mild_motor_impairment_and_mild_respiratory_problems_due_to_motor_neuron_disease,9695,877,mild_motor_impairment_and_mild_respiratory_problems
554,motor_neuron_disease,1164,mild_motor_impairment_and_severe_respiratory_problems_due_to_motor_neuron_disease,9697,879,mild_motor_impairment_and_severe_respiratory_problems
554,motor_neuron_disease,1165,moderate_motor_impairment_and_mild_respiratory_problems_due_to_motor_neuron_disease,9699,880,moderate_motor_impairment_and_mild_respiratory_problems
554,motor_neuron_disease,1166,moderate_motor_impairment_and_moderate_respiratory_problems_due_to_motor_neuron_disease,9700,881,moderate_motor_impairment_and_moderate_respiratory_problems
554,motor_neuron_disease,1167,moderate_motor_impairment_and_severe_respiratory_problems_due_to_motor_neuron_disease,9701,882,moderate_motor_impairment_and_severe_respiratory_problems
554,motor_neuron_disease,1168,severe_motor_impairment_and_mild_respiratory_problems_due_to_motor_neuron_disease,9703,883,severe_motor_impairment_and_mild_respiratory_problems
554,motor_neuron_disease,1169,severe_motor_impairment_and_moderate_respiratory_problems_due_to_motor_neuron_disease,9704,884,severe_motor_impairment_and_moderate_respiratory_problems
554,motor_neuron_disease,1170,severe_motor_impairment_and_severe_respiratory_problems_due_to_motor_neuron_disease,9705,885,severe_motor_impairment_and_severe_respiratory_problems
554,motor_neuron_disease,1171,moderate_motor_impairment_and_speech_problems_due_to_motor_neuron_disease,9686,887,moderate_motor_impairment_and_speech_problems
554,motor_neuron_disease,1172,severe_motor_impairment_and_speech_problems_due_to_motor_neuron_disease,9690,888,severe_motor_impairment_and_speech_problems
554,motor_neuron_disease,1173,mild_motor_impairment_due_to_motor_neuron_disease,9698,565,motor_impairment_mild
554,motor_neuron_disease,1174,moderate_motor_impairment_due_to_motor_neuron_disease,9702,566,motor_impairment_moderate
554,motor_neuron_disease,1175,severe_motor_impairment_due_to_motor_neuron_disease,9706,567,motor_impairment_severe
554,motor_neuron_disease,1176,mild_respiratory_problems_and_speech_problems_due_to_motor_neuron_disease,9691,889,mild_respiratory_and_speech_problems
554,motor_neuron_disease,1177,moderate_respiratory_problems_and_speech_problems_due_to_motor_neuron_disease,9692,890,moderate_respiratory_and_speech_problems
554,motor_neuron_disease,1178,severe_respiratory_problems_and_speech_problems_due_to_motor_neuron_disease,9693,891,severe_respiratory_and_speech_problems
554,motor_neuron_disease,1179,mild_respiratory_problems_due_to_motor_neuron_disease,9707,405,copd_and_other_chronic_respiratory_problems_mild
554,motor_neuron_disease,1180,moderate_respiratory_problems_due_to_motor_neuron_disease,9708,406,copd_and_other_chronic_respiratory_problems_moderate
554,motor_neuron_disease,1181,severe_respiratory_problems_due_to_motor_neuron_disease,9709,407,copd_and_other_chronic_respiratory_problems_severe
554,motor_neuron_disease,1182,speech_problems_due_to_motor_neuron_disease,9694,564,speech_problems
554,motor_neuron_disease,1183,diagnosis_of_motor_neuron_disease,9710,560,generic_uncomplicated_disease_anxiety_about_diagnosis
554,motor_neuron_disease,22733,mild_motor_impairment_and_moderate_respiratory_problems_due_to_motor_neuron_disease,9696,878,mild_motor_impairment_and_moderate_respiratory_problems
557,other_neurological_disorders,464,other_neurological_disorders,1962,639,post_como_calculation_for_residuals_yll_yld_ratio_other_methods
557,other_neurological_disorders,465,guillain_barre_syndrome_due_to_other_neurological_disorders,1963,540,spinal_cord_lesion_below_neck_level_treated
559,schizophrenia,466,schizophrenia_acute_state,1965,442,schizophrenia_acute_state
559,schizophrenia,467,schizophrenia_residual_state,1966,443,schizophrenia_residual_state
560,alcohol_use_disorders,468,mild_alcohol_dependence,1968,424,alcohol_use_disorder_mild
560,alcohol_use_disorders,469,moderate_alcohol_dependence,1969,425,alcohol_use_disorder_moderate
560,alcohol_use_disorders,470,severe_alcohol_dependence,1970,426,alcohol_use_disorder_severe
560,alcohol_use_disorders,471,mild_fetal_alcohol_syndrome,9970,427,fetal_alcohol_syndrome_mild
560,alcohol_use_disorders,472,moderate_fetal_alcohol_syndrome,3905,428,fetal_alcohol_syndrome_moderate
560,alcohol_use_disorders,473,severe_fetal_alcohol_syndrome,3908,429,fetal_alcohol_syndrome_severe
560,alcohol_use_disorders,678,very_mild_alcohol_dependence,2643,747,alcohol_use_disorder_very_mild
560,alcohol_use_disorders,812,asymptomatic_alcohol_dependence,2854,799,asymptomatic
560,alcohol_use_disorders,813,asymptomatic_fetal_alcohol_syndrome,2855,799,asymptomatic
562,opioid_use_disorders,690,mild_opioid_dependence,2658,577,heroin_and_other_opioid_dependence_mild
562,opioid_use_disorders,804,severe_opioid_dependence,2827,433,heroin_and_other_opioid_dependence
562,opioid_use_disorders,818,asymptomatic_opioid_dependence,2860,799,asymptomatic
563,cocaine_use_disorders,687,mild_cocaine_dependence,2652,580,cocaine_dependence_mild
563,cocaine_use_disorders,805,severe_cocaine_dependence_with_no_heart_failure,25833,432,cocaine_dependence
563,cocaine_use_disorders,819,asymptomatic_cocaine_dependence,2861,799,asymptomatic
563,cocaine_use_disorders,23244,asymptomatic_heart_failure_due_to_severe_cocaine_dependence,25419,2950,cocaine_dependence_and_generic_uncomplicated_disease_worry_and_daily_medication
563,cocaine_use_disorders,23246,mild_heart_failure_due_to_severe_cocaine_dependence,25462,2947,cocaine_dependence_and_heart_failure_mild
563,cocaine_use_disorders,23248,moderate_heart_failure_due_to_severe_cocaine_dependence,25505,2948,cocaine_dependence_and_heart_failure_moderate
563,cocaine_use_disorders,23251,severe_heart_failure_due_to_severe_cocaine_dependence,25548,2949,cocaine_dependence_and_heart_failure_severe
564,amphetamine_use_disorders,679,mild_amphetamine_dependence,2644,583,amphetamine_dependence_mild
564,amphetamine_use_disorders,806,severe_amphetamine_dependence_with_no_heart_failure,25834,431,amphetamine_dependence
564,amphetamine_use_disorders,833,asymptomatic_amphetamine_dependence,2890,799,asymptomatic
564,amphetamine_use_disorders,23243,asymptomatic_heart_failure_due_to_severe_amphetamine_dependence,25420,2954,amphetamine_dependence_and_generic_uncomplicated_disease_worry_and_daily_medication
564,amphetamine_use_disorders,23245,mild_heart_failure_due_to_severe_amphetamine_dependence,25463,2951,amphetamine_dependence_and_heart_failure_mild
564,amphetamine_use_disorders,23247,moderate_heart_failure_due_to_severe_amphetamine_dependence,25506,2952,amphetamine_dependence_and_heart_failure_moderate
564,amphetamine_use_disorders,23250,severe_heart_failure_due_to_severe_amphetamine_dependence,25549,2953,amphetamine_dependence_and_heart_failure_severe
565,cannabis_use_disorders,686,mild_cannabis_dependence,2651,586,cannabis_dependence_mild
565,cannabis_use_disorders,807,severe_cannabis_dependence,2830,430,cannabis_dependence
565,cannabis_use_disorders,817,asymptomatic_cannabis_dependence,2859,799,asymptomatic
566,other_drug_use_disorders,474,other_drug_use_disorders,20416,580,cocaine_dependence_mild
568,major_depressive_disorder,475,mild_major_depressive_disorder,1982,437,major_depressive_disorder_mild_episode
568,major_depressive_disorder,476,moderate_major_depressive_disorder,1983,438,major_depressive_disorder_moderate_episode
568,major_depressive_disorder,477,severe_major_depressive_disorder,1984,439,major_depressive_disorder_severe_episode
568,major_depressive_disorder,822,major_depressive_disorder_currently_without_symptoms,2864,799,asymptomatic
569,dysthymia,820,symptomatic_dysthymia,2862,437,major_depressive_disorder_mild_episode
569,dysthymia,821,dysthymia_currently_without_symptoms,2863,799,asymptomatic
570,bipolar_disorder,478,bipolar_disorder_manic_state,1987,440,bipolar_disorder_manic_episode
570,bipolar_disorder,479,bipolar_disorder_residual_state,1988,441,bipolar_disorder_residual_state
570,bipolar_disorder,644,bipolar_disorder_depressive_state,2474,438,major_depressive_disorder_moderate_episode
571,anxiety_disorders,480,mild_anxiety_disorders,1990,434,anxiety_disorders_mild
571,anxiety_disorders,481,moderate_anxiety_disorders,1991,435,anxiety_disorders_moderate
571,anxiety_disorders,482,severe_anxiety_disorders,1992,436,anxiety_disorders_severe
571,anxiety_disorders,814,anxiety_disorders_currently_without_symptoms,2856,799,asymptomatic
573,anorexia_nervosa,483,anorexia_nervosa,1993,444,anorexia_nervosa
574,bulimia_nervosa,484,bulimia_nervosa,1994,445,bulimia_nervosa
575,autism_spectrum_disorders,1327,autism_spectrum_disorders_without_intellectual_disability,19781,2612,autism_spectrum_disorder_without_intellectual_disability
575,autism_spectrum_disorders,1328,autism_spectrum_disorders_with_borderline_intellectual_disability,19788,2618,autism_spectrum_disorder_with_borderline_intellectual_disability
575,autism_spectrum_disorders,1329,autism_spectrum_disorders_with_mild_intellectual_disability,19789,2621,autism_spectrum_disorder_with_mild_intellectual_disability
575,autism_spectrum_disorders,1330,autism_spectrum_disorders_with_moderate_intellectual_disability,19790,2624,autism_spectrum_disorder_with_moderate_intellectual_disability
575,autism_spectrum_disorders,1331,autism_spectrum_disorders_with_severe_intellectual_disability,19791,2627,autism_spectrum_disorder_with_severe_intellectual_disability
575,autism_spectrum_disorders,1332,autism_spectrum_disorders_with_profound_intellectual_disability,19792,2630,autism_spectrum_disorder_with_profound_intellectual_disability
578,attention_deficit_hyperactivity_disorder,810,symptomatic_attention_deficit_hyperactivity_disorder,1997,446,attention_deficit_hyperactivity_disorder
579,conduct_disorder,815,symptomatic_conduct_disorder,2857,447,conduct_disorder
579,conduct_disorder,816,conduct_disorder_currently_without_symptoms,2858,799,asymptomatic
582,idiopathic_developmental_intellectual_disability,487,borderline_idiopathic_developmental_intellectual_disability,1999,450,borderline_intellectual_functioning
582,idiopathic_developmental_intellectual_disability,488,mild_idiopathic_developmental_intellectual_disability,2000,451,intellectual_disability_mental_retardation_mild
582,idiopathic_developmental_intellectual_disability,489,moderate_idiopathic_developmental_intellectual_disability,2001,452,intellectual_disability_mental_retardation_moderate
582,idiopathic_developmental_intellectual_disability,490,severe_idiopathic_developmental_intellectual_disability,2002,453,intellectual_disability_mental_retardation_severe
582,idiopathic_developmental_intellectual_disability,491,profound_idiopathic_developmental_intellectual_disability,2003,454,intellectual_disability_mental_retardation_profound
585,other_mental_disorders,492,mild_other_mental_disorders,2004,434,anxiety_disorders_mild
585,other_mental_disorders,680,moderate_other_mental_disorders,2645,435,anxiety_disorders_moderate
585,other_mental_disorders,681,severe_other_mental_disorders,2646,436,anxiety_disorders_severe
585,other_mental_disorders,851,other_mental_disorders_currently_without_symptoms,2927,799,asymptomatic
588,acute_glomerulonephritis,497,acute_glomerulonephritis,24695,352,infectious_disease_acute_episode_moderate
591,chronic_kidney_disease_due_to_hypertension,501,end_stage_renal_disease_after_transplant_due_to_hypertension,2033,392,end_stage_renal_disease_with_kidney_transplant
591,chronic_kidney_disease_due_to_hypertension,1016,stage_3_chronic_kidney_disease_due_to_hypertension_with_mild_anemia,3191,547,anemia_mild
591,chronic_kidney_disease_due_to_hypertension,1017,stage_3_chronic_kidney_disease_due_to_hypertension_with_moderate_anemia,3192,548,anemia_moderate
591,chronic_kidney_disease_due_to_hypertension,1018,stage_3_chronic_kidney_disease_due_to_hypertension_with_severe_anemia,3193,549,anemia_severe
591,chronic_kidney_disease_due_to_hypertension,1019,stage_3_chronic_kidney_disease_due_to_hypertension_without_anemia,3194,799,asymptomatic
591,chronic_kidney_disease_due_to_hypertension,1370,stage_5_chronic_kidney_disease_untreated_without_anemia_due_to_hypertension,10869,373,terminal_phase_without_medication_for_cancers_end_stage_kidney_liver_disease
591,chronic_kidney_disease_due_to_hypertension,1373,stage_5_chronic_kidney_disease_untreated_due_to_hypertension_with_mild_anemia,10870,2456,mild_anemia_and_terminal_phase_without_medication_for_cancers_end_stage_kidney_liver_disease
591,chronic_kidney_disease_due_to_hypertension,1376,stage_5_chronic_kidney_disease_untreated_due_to_hypertension_with_moderate_anemia,10871,2459,moderate_anemia_and_terminal_phase_without_medication_for_cancers_end_stage_kidney_liver_disease
591,chronic_kidney_disease_due_to_hypertension,1379,stage_5_chronic_kidney_disease_untreated_due_to_hypertension_with_severe_anemia,10872,2462,severe_anemia_and_terminal_phase_without_medication_for_cancers_end_stage_kidney_liver_disease
591,chronic_kidney_disease_due_to_hypertension,1418,stage_4_chronic_kidney_disease_untreated_due_to_hypertension_without_anemia,10897,391,chronic_kidney_disease_stage_iv
591,chronic_kidney_disease_due_to_hypertension,1421,stage_4_chronic_kidney_disease_untreated_due_to_hypertension_with_mild_anemia,10898,835,mild_anemia_with_stage_iv_ckd
591,chronic_kidney_disease_due_to_hypertension,1424,stage_4_chronic_kidney_disease_untreated_due_to_hypertension_with_moderate_anemia,10899,836,moderate_anemia_with_stage_iv_ckd
591,chronic_kidney_disease_due_to_hypertension,1427,stage_4_chronic_kidney_disease_untreated_due_to_hypertension_with_severe_anemia,10900,837,severe_anemia_with_stage_iv_ckd
591,chronic_kidney_disease_due_to_hypertension,5546,stage_1_2_chronic_kidney_disease_with_preserved_gfr_due_to_hypertension,19833,799,asymptomatic
591,chronic_kidney_disease_due_to_hypertension,22991,end_stage_renal_disease_on_dialysis_due_to_hypertension_with_mild_anemia,23413,2694,end_stage_renal_disease_on_dialysis_and_mild_anemia
591,chronic_kidney_disease_due_to_hypertension,23001,end_stage_renal_disease_on_dialysis_due_to_hypertension_with_moderate_anemia,23423,2724,end_stage_renal_disease_on_dialysis_and_moderate_anemia
591,chronic_kidney_disease_due_to_hypertension,23011,end_stage_renal_disease_on_dialysis_due_to_hypertension_with_severe_anemia,23433,2725,end_stage_renal_disease_on_dialysis_and_severe_anemia
591,chronic_kidney_disease_due_to_hypertension,23021,end_stage_renal_disease_on_dialysis_due_to_hypertension_without_anemia,23443,393,end_stage_renal_disease_on_dialysis
591,chronic_kidney_disease_due_to_hypertension,23107,stage_5_chronic_kidney_disease_untreated_due_to_hypertension_with_asymptomatic_heart_failure,25416,2740,generic_uncomplicated_disease_worry_and_daily_medication_chronic_kidney_disease_stage_iv
591,chronic_kidney_disease_due_to_hypertension,23108,stage_5_chronic_kidney_disease_untreated_due_to_hypertension_with_mild_heart_failure,25459,2741,heart_failure_mild_chronic_kidney_disease_stage_iv
591,chronic_kidney_disease_due_to_hypertension,23109,stage_5_chronic_kidney_disease_untreated_due_to_hypertension_with_moderate_heart_failure,25502,2742,heart_failure_moderate_chronic_kidney_disease_stage_iv
591,chronic_kidney_disease_due_to_hypertension,23110,stage_5_chronic_kidney_disease_untreated_due_to_hypertension_with_severe_heart_failure,25545,2743,heart_failure_severe_chronic_kidney_disease_stage_iv
592,chronic_kidney_disease_due_to_glomerulonephritis,504,end_stage_renal_disease_after_transplant_due_to_glomerulonephritis,2041,392,end_stage_renal_disease_with_kidney_transplant
592,chronic_kidney_disease_due_to_glomerulonephritis,1024,stage_3_chronic_kidney_disease_due_to_glomerulonephritis_with_mild_anemia,3202,547,anemia_mild
592,chronic_kidney_disease_due_to_glomerulonephritis,1025,stage_3_chronic_kidney_disease_due_to_glomerulonephritis_with_moderate_anemia,3203,548,anemia_moderate
592,chronic_kidney_disease_due_to_glomerulonephritis,1026,stage_3_chronic_kidney_disease_due_to_glomerulonephritis_with_severe_anemia,3204,549,anemia_severe
592,chronic_kidney_disease_due_to_glomerulonephritis,1027,stage_3_chronic_kidney_disease_due_to_glomerulonephritis_without_anemia,3205,799,asymptomatic
592,chronic_kidney_disease_due_to_glomerulonephritis,1382,stage_5_chronic_kidney_disease_untreated_due_to_glomerulonephritis_without_anemia,10873,373,terminal_phase_without_medication_for_cancers_end_stage_kidney_liver_disease
592,chronic_kidney_disease_due_to_glomerulonephritis,1385,stage_5_chronic_kidney_disease_untreated_due_to_glomerulonephritis_with_mild_anemia,10874,2456,mild_anemia_and_terminal_phase_without_medication_for_cancers_end_stage_kidney_liver_disease
592,chronic_kidney_disease_due_to_glomerulonephritis,1388,stage_5_chronic_kidney_disease_untreated_due_to_glomerulonephritis_with_moderate_anemia,10875,2459,moderate_anemia_and_terminal_phase_without_medication_for_cancers_end_stage_kidney_liver_disease
592,chronic_kidney_disease_due_to_glomerulonephritis,1391,stage_5_chronic_kidney_disease_untreated_due_to_glomerulonephritis_with_severe_anemia,10876,2462,severe_anemia_and_terminal_phase_without_medication_for_cancers_end_stage_kidney_liver_disease
592,chronic_kidney_disease_due_to_glomerulonephritis,1430,stage_4_chronic_kidney_disease_untreated_due_to_glomerulonephritis_without_anemia,10901,391,chronic_kidney_disease_stage_iv
592,chronic_kidney_disease_due_to_glomerulonephritis,1433,stage_4_chronic_kidney_disease_untreated_due_to_glomerulonephritis_with_mild_anemia,10902,835,mild_anemia_with_stage_iv_ckd
592,chronic_kidney_disease_due_to_glomerulonephritis,1436,stage_4_chronic_kidney_disease_untreated_due_to_glomerulonephritis_with_moderate_anemia,10903,836,moderate_anemia_with_stage_iv_ckd
592,chronic_kidney_disease_due_to_glomerulonephritis,1439,stage_4_chronic_kidney_disease_untreated_due_to_glomerulonephritis_with_severe_anemia,10904,837,severe_anemia_with_stage_iv_ckd
592,chronic_kidney_disease_due_to_glomerulonephritis,5549,stage_1_2_chronic_kidney_disease_with_preserved_gfr_due_to_glomerulonephritis,19834,799,asymptomatic
592,chronic_kidney_disease_due_to_glomerulonephritis,22992,end_stage_renal_disease_on_dialysis_due_to_glomerulonephritis_with_mild_anemia,23414,2694,end_stage_renal_disease_on_dialysis_and_mild_anemia
592,chronic_kidney_disease_due_to_glomerulonephritis,23002,end_stage_renal_disease_on_dialysis_due_to_glomerulonephritis_with_moderate_anemia,23424,2724,end_stage_renal_disease_on_dialysis_and_moderate_anemia
592,chronic_kidney_disease_due_to_glomerulonephritis,23012,end_stage_renal_disease_on_dialysis_due_to_glomerulonephritis_with_severe_anemia,23434,2725,end_stage_renal_disease_on_dialysis_and_severe_anemia
592,chronic_kidney_disease_due_to_glomerulonephritis,23022,end_stage_renal_disease_on_dialysis_due_to_glomerulonephritis_without_anemia,23444,393,end_stage_renal_disease_on_dialysis
592,chronic_kidney_disease_due_to_glomerulonephritis,23111,stage_5_chronic_kidney_disease_untreated_due_to_glomerulonephritis_with_asymptomatic_heart_failure,25417,2740,generic_uncomplicated_disease_worry_and_daily_medication_chronic_kidney_disease_stage_iv
592,chronic_kidney_disease_due_to_glomerulonephritis,23112,stage_5_chronic_kidney_disease_untreated_due_to_glomerulonephritis_with_mild_heart_failure,25460,2741,heart_failure_mild_chronic_kidney_disease_stage_iv
592,chronic_kidney_disease_due_to_glomerulonephritis,23113,stage_5_chronic_kidney_disease_untreated_due_to_glomerulonephritis_with_moderate_heart_failure,25503,2742,heart_failure_moderate_chronic_kidney_disease_stage_iv
592,chronic_kidney_disease_due_to_glomerulonephritis,23114,stage_5_chronic_kidney_disease_untreated_due_to_glomerulonephritis_with_severe_heart_failure,25546,2743,heart_failure_severe_chronic_kidney_disease_stage_iv
593,chronic_kidney_disease_due_to_other_and_unspecified_causes,507,end_stage_renal_disease_after_transplant_due_to_other_and_unspecified_causes,2049,392,end_stage_renal_disease_with_kidney_transplant
593,chronic_kidney_disease_due_to_other_and_unspecified_causes,1032,stage_3_chronic_kidney_disease_due_to_other_and_unspecified_causes_with_mild_anemia,3213,547,anemia_mild
593,chronic_kidney_disease_due_to_other_and_unspecified_causes,1033,stage_3_chronic_kidney_disease_due_to_other_and_unspecified_causes_with_moderate_anemia,3214,548,anemia_moderate
593,chronic_kidney_disease_due_to_other_and_unspecified_causes,1034,stage_3_chronic_kidney_disease_due_to_other_and_unspecified_causes_with_severe_anemia,3215,549,anemia_severe
593,chronic_kidney_disease_due_to_other_and_unspecified_causes,1035,stage_3_chronic_kidney_disease_due_to_other_and_unspecified_causes_without_anemia,3216,799,asymptomatic
593,chronic_kidney_disease_due_to_other_and_unspecified_causes,1394,stage_5_chronic_kidney_disease_untreated_due_to_other_and_unspecified_causes_without_anemia,10877,373,terminal_phase_without_medication_for_cancers_end_stage_kidney_liver_disease
593,chronic_kidney_disease_due_to_other_and_unspecified_causes,1397,stage_5_chronic_kidney_disease_untreated_due_to_other_and_unspecified_causes_with_mild_anemia,10878,2456,mild_anemia_and_terminal_phase_without_medication_for_cancers_end_stage_kidney_liver_disease
593,chronic_kidney_disease_due_to_other_and_unspecified_causes,1400,stage_5_chronic_kidney_disease_untreated_due_to_other_and_unspecified_causes_with_moderate_anemia,10879,2459,moderate_anemia_and_terminal_phase_without_medication_for_cancers_end_stage_kidney_liver_disease
593,chronic_kidney_disease_due_to_other_and_unspecified_causes,1403,stage_5_chronic_kidney_disease_untreated_due_to_other_and_unspecified_causes_with_severe_anemia,10880,2462,severe_anemia_and_terminal_phase_without_medication_for_cancers_end_stage_kidney_liver_disease
593,chronic_kidney_disease_due_to_other_and_unspecified_causes,1442,stage_4_chronic_kidney_disease_untreated_due_to_other_and_unspecified_causes_without_anemia,10905,391,chronic_kidney_disease_stage_iv
593,chronic_kidney_disease_due_to_other_and_unspecified_causes,1445,stage_4_chronic_kidney_disease_untreated_due_to_other_and_unspecified_causes_with_mild_anemia,10906,835,mild_anemia_with_stage_iv_ckd
593,chronic_kidney_disease_due_to_other_and_unspecified_causes,1448,stage_4_chronic_kidney_disease_untreated_due_to_other_and_unspecified_causes_with_moderate_anemia,10907,836,moderate_anemia_with_stage_iv_ckd
593,chronic_kidney_disease_due_to_other_and_unspecified_causes,1451,stage_4_chronic_kidney_disease_untreated_due_to_other_and_unspecified_causes_with_severe_anemia,10908,837,severe_anemia_with_stage_iv_ckd
593,chronic_kidney_disease_due_to_other_and_unspecified_causes,5552,stage_1_2_chronic_kidney_disease_with_preserved_gfr_due_to_other_causes,19835,799,asymptomatic
593,chronic_kidney_disease_due_to_other_and_unspecified_causes,22993,end_stage_renal_disease_on_dialysis_due_to_other_and_unspecified_causes_with_mild_anemia,23415,2694,end_stage_renal_disease_on_dialysis_and_mild_anemia
593,chronic_kidney_disease_due_to_other_and_unspecified_causes,23003,end_stage_renal_disease_on_dialysis_due_to_other_and_unspecified_causes_with_moderate_anemia,23425,2724,end_stage_renal_disease_on_dialysis_and_moderate_anemia
593,chronic_kidney_disease_due_to_other_and_unspecified_causes,23013,end_stage_renal_disease_on_dialysis_due_to_other_and_unspecified_causes_with_severe_anemia,23435,2725,end_stage_renal_disease_on_dialysis_and_severe_anemia
593,chronic_kidney_disease_due_to_other_and_unspecified_causes,23023,end_stage_renal_disease_on_dialysis_due_to_other_and_unspecified_causes_without_anemia,23445,393,end_stage_renal_disease_on_dialysis
593,chronic_kidney_disease_due_to_other_and_unspecified_causes,23115,stage_5_chronic_kidney_disease_untreated_due_to_other_and_unspecified_causes_with_asymptomatic_heart_failure,25418,2740,generic_uncomplicated_disease_worry_and_daily_medication_chronic_kidney_disease_stage_iv
593,chronic_kidney_disease_due_to_other_and_unspecified_causes,23116,stage_5_chronic_kidney_disease_untreated_due_to_other_and_unspecified_causes_with_mild_heart_failure,25461,2741,heart_failure_mild_chronic_kidney_disease_stage_iv
593,chronic_kidney_disease_due_to_other_and_unspecified_causes,23117,stage_5_chronic_kidney_disease_untreated_due_to_other_and_unspecified_causes_with_moderate_heart_failure,25504,2742,heart_failure_moderate_chronic_kidney_disease_stage_iv
593,chronic_kidney_disease_due_to_other_and_unspecified_causes,23118,stage_5_chronic_kidney_disease_untreated_due_to_other_and_unspecified_causes_with_severe_heart_failure,25547,2743,heart_failure_severe_chronic_kidney_disease_stage_iv
595,urinary_tract_infections_and_interstitial_nephritis,510,mild_urinary_tract_infections,2056,351,infectious_disease_acute_episode_mild
595,urinary_tract_infections_and_interstitial_nephritis,511,moderate_urinary_tract_infections,2057,352,infectious_disease_acute_episode_moderate
596,urolithiasis,4631,mild_urolithiasis_episodes,16300,544,abdominopelvic_problem_mild
596,urolithiasis,4634,moderate_urolithiasis_episodes,16301,545,abdominopelvic_problem_moderate
596,urolithiasis,4637,severe_urolithiasis_episodes,16302,546,abdominopelvic_problem_severe
597,benign_prostatic_hyperplasia,965,asymptomatic_benign_prostatic_hyperplasia,3119,799,asymptomatic
597,benign_prostatic_hyperplasia,966,symptomatic_benign_prostatic_hyperplasia,3120,397,benign_prostatic_hypertrophy_symptomatic_cases
598,male_infertility,514,idiopathic_primary_male_infertility,2061,400,infertility_primary
598,male_infertility,515,idiopathic_secondary_male_infertility,2062,401,infertility_secondary
602,other_urinary_diseases,516,other_urinary_diseases,2063,639,post_como_calculation_for_residuals_yll_yld_ratio_other_methods
604,uterine_fibroids,967,uterine_fibroids_asymptomatic,3121,799,asymptomatic
604,uterine_fibroids,1106,uterine_fibroids_symptomatic_with_mild_anemia,2065,865,mild_abdominal_pain_with_mild_anemia
604,uterine_fibroids,1107,uterine_fibroids_symptomatic_with_moderate_anemia,2066,866,mild_abdominal_pain_with_moderate_anemia
604,uterine_fibroids,1108,uterine_fibroids_symptomatic_with_severe_anemia,2067,867,mild_abdominal_pain_with_severe_anemia
604,uterine_fibroids,1109,uterine_fibroids_symptomatic_without_anemia,3331,544,abdominopelvic_problem_mild
605,polycystic_ovarian_syndrome,517,primary_infertility_due_to_polycystic_ovarian_syndrome,2069,400,infertility_primary
605,polycystic_ovarian_syndrome,855,asymptomatic_polycystic_ovarian_syndrome,9741,799,asymptomatic
605,polycystic_ovarian_syndrome,856,hirsutism_due_to_polycystic_ovarian_syndrome,9742,553,disfigurement_level_1
605,polycystic_ovarian_syndrome,857,hirsutism_and_primary_infertility_due_to_polycystic_ovarian_syndrome,2938,800,disfigurement_level_1_and_primary_infertility
605,polycystic_ovarian_syndrome,939,hirsutism_and_secondary_infertility_due_to_polycystic_ovarian_syndrome,3087,821,disfigurement_level_1_and_secondary_infertility
605,polycystic_ovarian_syndrome,940,secondary_infertility_due_to_polycystic_ovarian_syndrome,3088,401,infertility_secondary
606,female_infertility,518,idiopathic_primary_female_infertility,2071,400,infertility_primary
606,female_infertility,519,idiopathic_secondary_female_infertility,2072,401,infertility_secondary
607,endometriosis,520,mild_abdominal_pain_due_to_endometriosis,9745,544,abdominopelvic_problem_mild
607,endometriosis,521,moderate_abdominal_pain_due_to_endometriosis,9746,545,abdominopelvic_problem_moderate
607,endometriosis,522,primary_infertility_due_to_endometriosis,2076,400,infertility_primary
607,endometriosis,523,secondary_infertility_due_to_endometriosis,2077,401,infertility_secondary
607,endometriosis,832,asymptomatic_endometriosis,9744,799,asymptomatic
607,endometriosis,878,mild_abdominal_pain_and_primary_infertility_due_to_endometriosis,2959,801,mild_abdominal_pain_and_primary_infertility
607,endometriosis,879,moderate_abdominal_pain_and_primary_infertility_due_to_endometriosis,2960,802,moderate_abdominal_pain_and_primary_infertility
607,endometriosis,880,severe_abdominal_pain_and_primary_infertility_due_to_endometriosis,2961,803,severe_abdominal_pain_and_primary_infertility
607,endometriosis,881,mild_abdominal_pain_and_secondary_infertility_due_to_endometriosis,2962,804,mild_abdominal_pain_and_secondary_infertility
607,endometriosis,882,moderate_abdominal_pain_and_secondary_infertility_due_to_endometriosis,2963,805,moderate_abdominal_pain_and_secondary_infertility
607,endometriosis,883,severe_abdominal_pain_and_secondary_infertility_due_to_endometriosis,2964,806,severe_abdominal_pain_and_secondary_infertility
607,endometriosis,941,severe_abdominal_pain_due_to_endometriosis,9747,546,abdominopelvic_problem_severe
608,genital_prolapse,858,asymptomatic_genital_prolapse,2939,799,asymptomatic
608,genital_prolapse,859,abdominal_pain_due_to_genital_prolapse,2940,544,abdominopelvic_problem_mild
608,genital_prolapse,860,stress_incontinence_due_to_genital_prolapse,2941,793,stress_incontinence
608,genital_prolapse,861,abdominal_pain_and_stress_incontinence_due_to_genital_prolapse,2942,807,mild_abdominal_pain_and_stress_incontinence
609,premenstrual_syndrome,524,abdominal_pain_due_to_premenstrual_syndrome,2081,544,abdominopelvic_problem_mild
609,premenstrual_syndrome,700,depression_due_to_premenstrual_syndrome,2676,437,major_depressive_disorder_mild_episode
609,premenstrual_syndrome,853,asymptomatic_premenstrual_syndrome,2934,799,asymptomatic
609,premenstrual_syndrome,854,abdominal_pain_and_depression_due_to_premenstrual_syndrome,2935,808,mild_abdominal_pain_and_mild_depression
612,other_gynecological_diseases,525,menstrual_disorders_with_mild_anemia,2082,547,anemia_mild
612,other_gynecological_diseases,526,menstrual_disorders_with_moderate_anemia,2083,548,anemia_moderate
612,other_gynecological_diseases,527,menstrual_disorders_with_severe_anemia,2084,549,anemia_severe
612,other_gynecological_diseases,843,asymptomatic_other_gynecological_disorders,2914,799,asymptomatic
612,other_gynecological_diseases,844,mild_other_gynecological_disorders,2915,544,abdominopelvic_problem_mild
612,other_gynecological_diseases,845,moderate_other_gynecological_disorders,2916,545,abdominopelvic_problem_moderate
612,other_gynecological_diseases,846,severe_other_gynecological_disorders,2917,546,abdominopelvic_problem_severe
612,other_gynecological_diseases,5558,menstrual_disorders_without_anemia,19806,799,asymptomatic
614,thalassemias,528,mild_heart_failure_due_to_thalassemias,2094,381,heart_failure_mild
614,thalassemias,529,moderate_heart_failure_due_to_thalassemias,2095,382,heart_failure_moderate
614,thalassemias,530,severe_heart_failure_due_to_thalassemias,2096,383,heart_failure_severe
614,thalassemias,1113,other_combined_sequelae_of_hemoglobin_h_disease,3343,560,generic_uncomplicated_disease_anxiety_about_diagnosis
614,thalassemias,1114,other_combined_sequelae_of_beta_thalassemia_major,3344,560,generic_uncomplicated_disease_anxiety_about_diagnosis
614,thalassemias,1115,other_combined_sequelae_of_hemoglobin_e_beta_thalassemia,3345,560,generic_uncomplicated_disease_anxiety_about_diagnosis
614,thalassemias,5789,asymptomatic_heart_failure_due_to_thalassemias,20038,559,generic_uncomplicated_disease_worry_and_daily_medication
614,thalassemias,23119,severe_infection_associated_with_beta_thalassemia_major,2086,2748,generic_uncomplicated_disease_anxiety_about_diagnosis_heart_failure_severe
614,thalassemias,23120,mild_anemia_due_to_beta_thalassemia_major,2475,547,anemia_mild
614,thalassemias,23121,moderate_anemia_due_to_beta_thalassemia_major,2476,548,anemia_moderate
614,thalassemias,23122,severe_anemia_due_to_beta_thalassemia_major,2477,549,anemia_severe
614,thalassemias,23124,severe_infection_associated_with_hemoglobin_e_beta_thalassemia,2088,2748,generic_uncomplicated_disease_anxiety_about_diagnosis_heart_failure_severe
614,thalassemias,23125,hemoglobin_e_beta_thalassemia_with_mild_anemia,2478,547,anemia_mild
614,thalassemias,23126,hemoglobin_e_beta_thalassemia_with_moderate_anemia,2479,548,anemia_moderate
614,thalassemias,23127,hemoglobin_e_beta_thalassemia_with_severe_anemia,2480,549,anemia_severe
614,thalassemias,23129,severe_infection_associated_with_hemoglobin_h_disease,2090,2748,generic_uncomplicated_disease_anxiety_about_diagnosis_heart_failure_severe
614,thalassemias,23130,hemoglobin_h_disease_with_mild_anemia,2481,547,anemia_mild
614,thalassemias,23131,hemoglobin_h_disease_with_moderate_anemia,2482,548,anemia_moderate
614,thalassemias,23132,hemoglobin_h_disease_with_severe_anemia,2483,549,anemia_severe
615,sickle_cell_disorders,1079,mild_anemia_due_to_homozygous_sickle_cell_and_severe_sickle_cell_beta_thalassemia,3301,860,anemia_mild_generic_uncomplicated_disease_anxiety
615,sickle_cell_disorders,1080,moderate_anemia_due_to_homozygous_sickle_cell_and_severe_sickle_cell_beta_thalassemia,3302,861,anemia_moderate_generic_uncomplicated_disease_anxiety
615,sickle_cell_disorders,1081,severe_anemia_due_to_homozygous_sickle_cell_and_severe_sickle_cell_beta_thalassemia,3303,862,anemia_severe_generic_uncomplicated_disease_anxiety
615,sickle_cell_disorders,1089,mild_anemia_due_to_hemoglobin_sc_disease,3311,860,anemia_mild_generic_uncomplicated_disease_anxiety
615,sickle_cell_disorders,1090,moderate_anemia_due_to_hemoglobin_sc_disease,3312,861,anemia_moderate_generic_uncomplicated_disease_anxiety
615,sickle_cell_disorders,1091,severe_anemia_due_to_hemoglobin_sc_disease,3313,862,anemia_severe_generic_uncomplicated_disease_anxiety
615,sickle_cell_disorders,1099,mild_anemia_due_to_mild_sickle_cell_beta_thalassemia,3321,860,anemia_mild_generic_uncomplicated_disease_anxiety
615,sickle_cell_disorders,1100,moderate_anemia_due_to_mild_sickle_cell_beta_thalassemia,3322,861,anemia_moderate_generic_uncomplicated_disease_anxiety
615,sickle_cell_disorders,1101,severe_anemia_due_to_mild_sickle_cell_beta_thalassemia,3323,862,anemia_severe_generic_uncomplicated_disease_anxiety
615,sickle_cell_disorders,23057,other_combined_sequelae_of_homozygous_sickle_cell_and_severe_sickle_cell_beta_thalassemia,3357,560,generic_uncomplicated_disease_anxiety_about_diagnosis
615,sickle_cell_disorders,23058,other_combined_sequelae_of_hemoglobin_sc_disease,3358,560,generic_uncomplicated_disease_anxiety_about_diagnosis
615,sickle_cell_disorders,23059,other_combined_sequelae_of_mild_sickle_cell_beta_thalassemia_exclusivity_adjustment,3359,560,generic_uncomplicated_disease_anxiety_about_diagnosis
615,sickle_cell_disorders,23134,vaso_occlusive_crises_due_to_homozygous_sickle_cell_and_severe_sickle_cell_beta_thalassemia,2098,814,generic_uncomplicated_disease_anxiety_and_severe_abdominopelvic_problem
615,sickle_cell_disorders,23135,stroke_due_to_homozygous_sickle_cell_and_severe_sickle_cell_beta_thalassemia,2099,815,generic_uncomplicated_disease_anxiety_long_term_consequences_due_to_stroke
615,sickle_cell_disorders,23136,vaso_occlusive_crises_and_stroke_due_to_homozygous_sickle_cell_and_severe_sickle_cell_beta_thalassemia,3008,816,generic_uncomplicated_disease_anxiety_long_term_consequences_due_to_stroke_severe_abdominopelvic_problem
615,sickle_cell_disorders,23141,vaso_occlusive_crises_due_to_hemoglobin_sc_disease,2101,814,generic_uncomplicated_disease_anxiety_and_severe_abdominopelvic_problem
615,sickle_cell_disorders,23142,stroke_due_to_hemoglobin_sc_disease,2102,815,generic_uncomplicated_disease_anxiety_long_term_consequences_due_to_stroke
615,sickle_cell_disorders,23143,vaso_occlusive_crises_and_stroke_due_to_hemoglobin_sc_disease,3009,816,generic_uncomplicated_disease_anxiety_long_term_consequences_due_to_stroke_severe_abdominopelvic_problem
615,sickle_cell_disorders,23148,vaso_occlusive_crises_due_to_mild_sickle_cell_beta_thalassemia,2104,814,generic_uncomplicated_disease_anxiety_and_severe_abdominopelvic_problem
615,sickle_cell_disorders,23149,stroke_due_to_mild_sickle_cell_beta_thalassemia,2105,815,generic_uncomplicated_disease_anxiety_long_term_consequences_due_to_stroke
615,sickle_cell_disorders,23150,vaso_occlusive_crises_and_stroke_due_to_mild_sickle_cell_beta_thalassemia,3010,816,generic_uncomplicated_disease_anxiety_long_term_consequences_due_to_stroke_severe_abdominopelvic_problem
616,g6pd_deficiency,1126,g6pd_deficiency_without_anemia_or_heart_failure,3356,799,asymptomatic
616,g6pd_deficiency,5747,g6pd_deficiency_with_asymptomatic_heart_failure,20039,559,generic_uncomplicated_disease_worry_and_daily_medication
616,g6pd_deficiency,23155,g6pd_deficiency_with_mild_anemia,2113,547,anemia_mild
616,g6pd_deficiency,23156,g6pd_deficiency_with_moderate_anemia,2114,548,anemia_moderate
616,g6pd_deficiency,23157,g6pd_deficiency_with_severe_anemia,2115,549,anemia_severe
616,g6pd_deficiency,23158,g6pd_deficiency_with_mild_heart_failure,2116,381,heart_failure_mild
616,g6pd_deficiency,23159,g6pd_deficiency_with_moderate_heart_failure,2117,382,heart_failure_moderate
616,g6pd_deficiency,23160,g6pd_deficiency_with_severe_heart_failure,2118,383,heart_failure_severe
618,other_hemoglobinopathies_and_hemolytic_anemias,531,mild_anemia_due_to_other_hemoglobinopathies_and_hemolytic_anemias,2119,547,anemia_mild
618,other_hemoglobinopathies_and_hemolytic_anemias,532,moderate_anemia_due_to_other_hemoglobinopathies_and_hemolytic_anemias,2120,548,anemia_moderate
618,other_hemoglobinopathies_and_hemolytic_anemias,533,severe_anemia_due_to_other_hemoglobinopathies_and_hemolytic_anemias,2121,549,anemia_severe
618,other_hemoglobinopathies_and_hemolytic_anemias,534,mild_heart_failure_due_to_other_hemoglobinopathies_and_hemolytic_anemias,2122,381,heart_failure_mild
618,other_hemoglobinopathies_and_hemolytic_anemias,535,moderate_heart_failure_due_to_other_hemoglobinopathies_and_hemolytic_anemias,2123,382,heart_failure_moderate
618,other_hemoglobinopathies_and_hemolytic_anemias,536,severe_heart_failure_due_to_other_hemoglobinopathies_and_hemolytic_anemias,2124,383,heart_failure_severe
618,other_hemoglobinopathies_and_hemolytic_anemias,789,other_hemoglobinopathies_and_hemolytic_anemias_residual,2800,639,post_como_calculation_for_residuals_yll_yld_ratio_other_methods
618,other_hemoglobinopathies_and_hemolytic_anemias,5762,controlled_medically_managed_heart_failure_due_to_other_hemoglobinopathies_and_hemolytic_anemias,20040,559,generic_uncomplicated_disease_worry_and_daily_medication
625,other_endocrine_metabolic_blood_and_immune_disorders,23162,mild_anemia_due_to_other_endocrine_metabolic_blood_immune_disorders,25900,547,anemia_mild
625,other_endocrine_metabolic_blood_and_immune_disorders,23163,moderate_anemia_due_to_other_endocrine_metabolic_blood_immune_disorders,25907,548,anemia_moderate
625,other_endocrine_metabolic_blood_and_immune_disorders,23164,severe_anemia_due_to_other_endocrine_metabolic_blood_immune_disorders,26005,549,anemia_severe
625,other_endocrine_metabolic_blood_and_immune_disorders,23165,asymptomatic_other_endocrine_metabolic_blood_immune_disorders,25686,799,asymptomatic
625,other_endocrine_metabolic_blood_and_immune_disorders,23270,moderate_symptomatic_other_endocrine_metabolic_blood_immune_disorders_without_anemia_or_heart_failure,25691,559,generic_uncomplicated_disease_worry_and_daily_medication
625,other_endocrine_metabolic_blood_and_immune_disorders,23271,severe_symptomatic_other_endocrine_metabolic_blood_immune_disorders_without_anemia_or_heart_failure,25685,811,thrombocytopenic_purpura
627,rheumatoid_arthritis,543,mild_rheumatoid_arthritis,2138,482,musculoskeletal_problems_upper_limbs_moderate
627,rheumatoid_arthritis,544,moderate_rheumatoid_arthritis,2139,483,musculoskeletal_problems_generalized_moderate
627,rheumatoid_arthritis,545,severe_rheumatoid_arthritis,2140,484,musculoskeletal_problems_generalized_severe
627,rheumatoid_arthritis,7163,asymptomatic_rheumatoid_arthritis,20013,799,asymptomatic
630,low_back_pain,552,severe_low_back_pain_with_leg_pain,2150,471,back_pain_severe_with_leg_pain
630,low_back_pain,553,severe_low_back_pain_without_leg_pain,2151,470,back_pain_severe_without_leg_pain
630,low_back_pain,554,most_severe_low_back_pain_with_leg_pain,2152,473,back_pain_most_severe_with_leg_pain
630,low_back_pain,555,most_severe_low_back_pain_without_leg_pain,2153,472,back_pain_most_severe_without_leg_pain
630,low_back_pain,682,mild_low_back_pain_with_leg_pain,2647,764,mild_low_back_pain_with_leg_pain
630,low_back_pain,683,mild_low_back_pain_without_leg_pain,2648,748,low_back_pain_mild
630,low_back_pain,684,moderate_low_back_pain_with_leg_pain,2649,765,moderate_low_back_pain_with_leg_pain
630,low_back_pain,685,moderate_low_back_pain_without_leg_pain,2650,749,low_back_pain_moderate
631,neck_pain,556,mild_neck_pain,2155,474,neck_pain_mild
631,neck_pain,557,severe_neck_pain,2156,475,neck_pain_severe
631,neck_pain,558,moderate_neck_pain,2157,476,neck_pain_moderate
631,neck_pain,559,most_severe_neck_pain,2158,477,neck_pain_most_severe
632,gout,560,polyarticular_gout,2160,484,musculoskeletal_problems_generalized_severe
632,gout,823,symptomatic_episodes_of_gout,2865,485,gout_acute
632,gout,824,asymptomatic_gout,2866,799,asymptomatic
639,other_musculoskeletal_disorders,561,other_musculoskeletal_disorders_severity_level_2,2162,481,musculoskeletal_problems_upper_limbs_mild
639,other_musculoskeletal_disorders,562,other_musculoskeletal_disorders_severity_level_3,2163,482,musculoskeletal_problems_upper_limbs_moderate
639,other_musculoskeletal_disorders,563,other_musculoskeletal_disorders_severity_level_5,2164,483,musculoskeletal_problems_generalized_moderate
639,other_musculoskeletal_disorders,564,other_musculoskeletal_disorders_severity_level_6,2165,484,musculoskeletal_problems_generalized_severe
639,other_musculoskeletal_disorders,565,other_musculoskeletal_disorders_severity_level_1,2166,478,musculoskeletal_problems_lower_limbs_mild
639,other_musculoskeletal_disorders,566,other_musculoskeletal_disorders_severity_level_4,2167,480,musculoskeletal_problems_lower_limbs_severe
639,other_musculoskeletal_disorders,968,asymptomatic_other_musculoskeletal_disorders,3123,799,asymptomatic
642,neural_tube_defects,1904,severe_motor_and_cognitive_impairment_due_to_anencephaly,15791,570,motor_plus_cognitive_impairments_severe
642,neural_tube_defects,1907,asymptomatic_encephalocele_following_treatment,11268,799,asymptomatic
642,neural_tube_defects,1910,borderline_intellectual_disability_due_to_encephalocele,11269,450,borderline_intellectual_functioning
642,neural_tube_defects,1913,mild_intellectual_disability_due_to_encephalocele,11270,451,intellectual_disability_mental_retardation_mild
642,neural_tube_defects,1916,moderate_intellectual_disability_due_to_encephalocele,11271,452,intellectual_disability_mental_retardation_moderate
642,neural_tube_defects,1919,severe_intellectual_disability_due_to_encephalocele,11272,453,intellectual_disability_mental_retardation_severe
642,neural_tube_defects,1922,profound_intellectual_disability_due_to_encephalocele,11273,454,intellectual_disability_mental_retardation_profound
642,neural_tube_defects,1925,incontinence_due_to_encephalocele,11274,398,urinary_incontinence
642,neural_tube_defects,1928,borderline_intellectual_disability_and_incontinence_due_to_encephalocele,11275,2369,borderline_intellectual_functioning_and_urinary_incontinence
642,neural_tube_defects,1931,mild_intellectual_disability_and_incontinence_due_to_encephalocele,11276,2372,mild_intellectual_disability_and_urinary_incontinence
642,neural_tube_defects,1934,moderate_intellectual_disability_and_incontinence_due_to_encephalocele,11277,2375,moderate_intellectual_disability_and_urinary_incontinence
642,neural_tube_defects,1937,severe_intellectual_disability_and_incontinence_due_to_encephalocele,11278,2378,severe_intellectual_disability_and_urinary_incontinence
642,neural_tube_defects,1940,profound_intellectual_disability_and_incontinence_due_to_encephalocele,11279,2381,profound_intellectual_disability_and_urinary_incontinence
642,neural_tube_defects,1943,mild_motor_impairment_due_to_spina_bifida,11280,565,motor_impairment_mild
642,neural_tube_defects,1946,moderate_motor_impairment_due_to_spina_bifida,11281,566,motor_impairment_moderate
642,neural_tube_defects,1949,severe_motor_impairment_due_to_spina_bifida,11282,567,motor_impairment_severe
642,neural_tube_defects,1952,mild_motor_impairment_and_borderline_intellectual_disability_due_to_spina_bifida,11283,2384,mild_motor_impairment_and_borderline_intellectual_functioning
642,neural_tube_defects,1955,moderate_motor_impairment_and_borderline_intellectual_disability_due_to_spina_bifida,11284,2387,moderate_motor_impairment_and_borderline_intellectual_functioning
642,neural_tube_defects,1958,severe_motor_impairment_and_borderline_intellectual_disability_due_to_spina_bifida,11285,2390,severe_motor_impairment_and_borderline_intellectual_functioning
642,neural_tube_defects,1961,mild_motor_impairment_and_mild_intellectual_disability_due_to_spina_bifida,11286,568,motor_plus_cognitive_impairments_mild
642,neural_tube_defects,1964,moderate_motor_impairment_and_mild_intellectual_disability_due_to_spina_bifida,11287,2393,moderate_motor_impairment_and_mild_intellectual_functioning
642,neural_tube_defects,1967,severe_motor_impairment_and_mild_intellectual_disability_due_to_spina_bifida,11288,907,severe_motor_impairment_with_mild_intellectual_disability
642,neural_tube_defects,1970,mild_motor_impairment_and_moderate_intellectual_disability_due_to_spina_bifida,11289,2396,mild_motor_impairment_and_moderate_intellectual_functioning
642,neural_tube_defects,1973,moderate_motor_impairment_and_moderate_intellectual_disability_due_to_spina_bifida,11290,569,motor_plus_cognitive_impairments_moderate
642,neural_tube_defects,1976,severe_motor_impairment_and_moderate_intellectual_disability_due_to_spina_bifida,11291,908,severe_motor_impairment_with_moderate_intellectual_disability
642,neural_tube_defects,1979,mild_motor_impairment_and_severe_intellectual_disability_due_to_spina_bifida,11292,2399,mild_motor_impairment_and_severe_intellectual_functioning
642,neural_tube_defects,1982,moderate_motor_impairment_and_severe_intellectual_disability_due_to_spina_bifida,11293,2402,moderate_motor_impairment_and_severe_intellectual_functioning
642,neural_tube_defects,1985,severe_motor_impairment_and_severe_intellectual_disability_due_to_spina_bifida,11294,909,severe_motor_impairment_with_severe_intellectual_disability
642,neural_tube_defects,1988,mild_motor_impairment_borderline_intellectual_disability_and_incontinence_due_to_spina_bifida,11295,2405,mild_motor_impairment_borderline_intellectual_functioning_and_urinary_incontinence
642,neural_tube_defects,1991,moderate_motor_impairment_borderline_intellectual_disability_and_incontinence_due_to_spina_bifida,11296,2408,moderate_motor_impairment_borderline_intellectual_functioning_and_urinary_incontinence
642,neural_tube_defects,1994,severe_motor_impairment_borderline_intellectual_disability_and_incontinence_due_to_spina_bifida,11297,2411,severe_motor_impairment_borderline_intellectual_functioning_and_urinary_incontinence
642,neural_tube_defects,1997,mild_motor_impairment_mild_intellectual_disability_and_incontinence_due_to_spina_bifida,11298,2414,mild_motor_impairment_mild_intellectual_functioning_and_urinary_incontinence
642,neural_tube_defects,2000,moderate_motor_impairment_mild_intellectual_disability_and_incontinence_due_to_spina_bifida,11299,2417,moderate_motor_impairment_mild_intellectual_functioning_and_urinary_incontinence
642,neural_tube_defects,2003,severe_motor_impairment_mild_intellectual_disability_and_incontinence_due_to_spina_bifida,11300,903,severe_motor_impairment_with_mild_intellectual_disability_and_incontinence
642,neural_tube_defects,2006,mild_motor_impairment_moderate_intellectual_disability_and_incontinence_due_to_spina_bifida,11301,2420,mild_motor_impairment_moderate_intellectual_functioning_and_urinary_incontinence
642,neural_tube_defects,2009,moderate_motor_impairment_moderate_intellectual_disability_and_incontinence_due_to_spina_bifida,11302,2423,moderate_motor_impairment_moderate_intellectual_functioning_and_urinary_incontinence
642,neural_tube_defects,2012,severe_motor_impairment_moderate_intellectual_disability_and_incontinence_due_to_spina_bifida,11303,904,severe_motor_impairment_with_moderate_intellectual_disability_and_incontinence
642,neural_tube_defects,2015,mild_motor_impairment_severe_intellectual_disability_and_incontinence_due_to_spina_bifida,11304,2426,mild_motor_impairment_servere_intellectual_functioning_and_urinary_incontinence
642,neural_tube_defects,2018,moderate_motor_impairment_severe_intellectual_disability_and_incontinence_due_to_spina_bifida,11305,2429,moderate_motor_impairment_servere_intellectual_functioning_and_urinary_incontinence
642,neural_tube_defects,2021,severe_motor_impairment_severe_intellectual_disability_and_incontinence_due_to_spina_bifida,11306,905,severe_motor_impairment_with_severe_intellectual_disability_and_incontinence
642,neural_tube_defects,2024,mild_motor_impairment_and_incontinence_due_to_spina_bifida,11307,2432,mild_motor_impairment_and_urinary_incontinence
642,neural_tube_defects,2027,moderate_motor_impairment_and_incontinence_due_to_spina_bifida,11308,2435,moderate_motor_impairment_and_urinary_incontinence
642,neural_tube_defects,2030,severe_motor_impairment_and_incontinence_due_to_spina_bifida,11309,766,severe_motor_impairment_with_incontinence
642,neural_tube_defects,2060,mild_motor_impairment_and_profound_intellectual_disability_due_to_spina_bifida,11523,2597,mild_motor_impairment_with_profound_intellectual_disability
642,neural_tube_defects,2063,moderate_motor_impairment_and_profound_intellectual_disability_due_to_spina_bifida,11524,2600,moderate_motor_impairment_with_profound_intellectual_disability
642,neural_tube_defects,2066,severe_motor_impairment_and_profound_intellectual_disability_due_to_spina_bifida,11525,910,severe_motor_impairment_with_profound_intellectual_disability
642,neural_tube_defects,2069,mild_motor_impairment_profound_intellectual_disability_and_incontinence_due_to_spina_bifida,11526,2453,mild_motor_impairment_profound_intellectual_functioning_and_urinary_incontinence
642,neural_tube_defects,2072,moderate_motor_impairment_profound_intellectual_disability_and_incontinence_due_to_spina_bifida,11527,2603,moderate_motor_impairment_with_profound_intellectual_disability_and_incontinence
642,neural_tube_defects,2075,severe_motor_impairment_profound_intellectual_disability_and_incontinence_due_to_spina_bifida,11528,906,severe_motor_impairment_with_profound_intellectual_disability_and_incontinence
642,neural_tube_defects,2078,mild_motor_impairment_due_to_encephalocele,11530,565,motor_impairment_mild
642,neural_tube_defects,2081,moderate_motor_impairment_due_to_encephalocele,11531,566,motor_impairment_moderate
642,neural_tube_defects,2084,severe_motor_impairment_due_to_encephalocele,11532,567,motor_impairment_severe
642,neural_tube_defects,2087,mild_motor_impairment_and_incontinence_due_to_encephalocele,11533,2432,mild_motor_impairment_and_urinary_incontinence
642,neural_tube_defects,2090,moderate_motor_impairment_and_incontinence_due_to_encephalocele,11534,2435,moderate_motor_impairment_and_urinary_incontinence
642,neural_tube_defects,2093,severe_motor_impairment_and_incontinence_due_to_encephalocele,11535,766,severe_motor_impairment_with_incontinence
642,neural_tube_defects,2096,mild_motor_impairment_and_borderline_intellectual_disability_due_to_encephalocele,11536,2384,mild_motor_impairment_and_borderline_intellectual_functioning
642,neural_tube_defects,2099,moderate_motor_impairment_and_borderline_intellectual_disability_due_to_encephalocele,11537,2387,moderate_motor_impairment_and_borderline_intellectual_functioning
642,neural_tube_defects,2102,severe_motor_impairment_and_borderline_intellectual_disability_due_to_encephalocele,11538,2390,severe_motor_impairment_and_borderline_intellectual_functioning
642,neural_tube_defects,2105,mild_motor_impairment_and_mild_intellectual_disability_due_to_encephalocele,11539,568,motor_plus_cognitive_impairments_mild
642,neural_tube_defects,2108,moderate_motor_impairment_and_mild_intellectual_disability_due_to_encephalocele,11540,2393,moderate_motor_impairment_and_mild_intellectual_functioning
642,neural_tube_defects,2111,severe_motor_impairment_and_mild_intellectual_disability_due_to_encephalocele,11541,907,severe_motor_impairment_with_mild_intellectual_disability
642,neural_tube_defects,2114,mild_motor_impairment_and_moderate_intellectual_disability_due_to_encephalocele,11542,2396,mild_motor_impairment_and_moderate_intellectual_functioning
642,neural_tube_defects,2117,moderate_motor_impairment_and_moderate_intellectual_disability_due_to_encephalocele,11543,569,motor_plus_cognitive_impairments_moderate
642,neural_tube_defects,2120,severe_motor_impairment_and_moderate_intellectual_disability_due_to_encephalocele,11544,908,severe_motor_impairment_with_moderate_intellectual_disability
642,neural_tube_defects,2123,mild_motor_impairment_and_severe_intellectual_disability_due_to_encephalocele,11545,2399,mild_motor_impairment_and_severe_intellectual_functioning
642,neural_tube_defects,2126,moderate_motor_impairment_and_severe_intellectual_disability_due_to_encephalocele,11546,2402,moderate_motor_impairment_and_severe_intellectual_functioning
642,neural_tube_defects,2129,severe_motor_impairment_and_severe_intellectual_disability_due_to_encephalocele,11547,909,severe_motor_impairment_with_severe_intellectual_disability
642,neural_tube_defects,2132,mild_motor_impairment_and_profound_intellectual_disability_due_to_encephalocele,11548,766,severe_motor_impairment_with_incontinence
642,neural_tube_defects,2135,moderate_motor_impairment_and_profound_intellectual_disability_due_to_encephalocele,11549,766,severe_motor_impairment_with_incontinence
642,neural_tube_defects,2138,severe_motor_impairment_and_profound_intellectual_disability_due_to_encephalocele,11550,766,severe_motor_impairment_with_incontinence
642,neural_tube_defects,2141,mild_motor_impairment_borderline_intellectual_disability_and_incontinence_due_to_encephalocele,11551,2405,mild_motor_impairment_borderline_intellectual_functioning_and_urinary_incontinence
642,neural_tube_defects,2144,moderate_motor_impairment_borderline_intellectual_disability_and_incontinence_due_to_encephalocele,11552,2408,moderate_motor_impairment_borderline_intellectual_functioning_and_urinary_incontinence
642,neural_tube_defects,2147,severe_motor_impairment_borderline_intellectual_disability_and_incontinence_due_to_encephalocele,11553,2411,severe_motor_impairment_borderline_intellectual_functioning_and_urinary_incontinence
642,neural_tube_defects,2150,mild_motor_impairment_mild_intellectual_disability_and_incontinence_due_to_encephalocele,11554,2414,mild_motor_impairment_mild_intellectual_functioning_and_urinary_incontinence
642,neural_tube_defects,2153,moderate_motor_impairment_mild_intellectual_disability_and_incontinence_due_to_encephalocele,11555,2417,moderate_motor_impairment_mild_intellectual_functioning_and_urinary_incontinence
642,neural_tube_defects,2156,severe_motor_impairment_mild_intellectual_disability_and_incontinence_due_to_encephalocele,11556,903,severe_motor_impairment_with_mild_intellectual_disability_and_incontinence
642,neural_tube_defects,2159,mild_motor_impairment_moderate_intellectual_disability_and_incontinence_due_to_encephalocele,11557,2420,mild_motor_impairment_moderate_intellectual_functioning_and_urinary_incontinence
642,neural_tube_defects,2162,moderate_motor_impairment_moderate_intellectual_disability_and_incontinence_due_to_encephalocele,11558,2423,moderate_motor_impairment_moderate_intellectual_functioning_and_urinary_incontinence
642,neural_tube_defects,2165,severe_motor_impairment_moderate_intellectual_disability_and_incontinence_due_to_encephalocele,11559,904,severe_motor_impairment_with_moderate_intellectual_disability_and_incontinence
642,neural_tube_defects,2168,mild_motor_impairment_severe_intellectual_disability_and_incontinence_due_to_encephalocele,11560,2426,mild_motor_impairment_servere_intellectual_functioning_and_urinary_incontinence
642,neural_tube_defects,2171,moderate_motor_impairment_severe_intellectual_disability_and_incontinence_due_to_encephalocele,11561,2429,moderate_motor_impairment_servere_intellectual_functioning_and_urinary_incontinence
642,neural_tube_defects,2174,severe_motor_impairment_severe_intellectual_disability_and_incontinence_due_to_encephalocele,11562,905,severe_motor_impairment_with_severe_intellectual_disability_and_incontinence
642,neural_tube_defects,2177,mild_motor_impairment_profound_intellectual_disability_and_incontinence_due_to_encephalocele,11563,766,severe_motor_impairment_with_incontinence
642,neural_tube_defects,2180,moderate_motor_impairment_profound_intellectual_disability_and_incontinence_due_to_encephalocele,11564,2453,mild_motor_impairment_profound_intellectual_functioning_and_urinary_incontinence
642,neural_tube_defects,2183,severe_motor_impairment_profound_intellectual_disability_and_incontinence_due_to_encephalocele,11565,905,severe_motor_impairment_with_severe_intellectual_disability_and_incontinence
643,congenital_heart_anomalies,1757,asymptomatic_ventricular_septal_defect_and_atrial_septal_defect,11392,799,asymptomatic
643,congenital_heart_anomalies,4640,congenital_heart_disease_without_intellectual_disability_or_heart_failure_due_to_other_congenital_cardiovascular_anomalies,15820,574,congenital_heart_disease
643,congenital_heart_anomalies,4643,congenital_heart_disease_and_borderline_intellectual_disability_without_heart_failure_due_to_other_congenital_cardiovascular_anomalies,15821,2519,congenital_heart_disease_and_borderline_intellectual_functioning
643,congenital_heart_anomalies,4646,congenital_heart_disease_and_mild_intellectual_disability_without_heart_failure_due_to_other_congenital_cardiovascular_anomalies,15822,2522,congenital_heart_disease_and_intellectual_disability_mental_retardation_mild
643,congenital_heart_anomalies,4649,congenital_heart_disease_and_moderate_intellectual_disability_without_heart_failure_due_to_other_congenital_cardiovascular_anomalies,15823,2525,congenital_heart_disease_and_intellectual_disability_mental_retardation_moderate
643,congenital_heart_anomalies,4652,congenital_heart_disease_and_severe_intellectual_disability_without_heart_failure_due_to_other_congenital_cardiovascular_anomalies,15824,2528,congenital_heart_disease_and_intellectual_disability_mental_retardation_severe
643,congenital_heart_anomalies,4655,congenital_heart_disease_and_profound_intellectual_disability_without_heart_failure_due_to_other_congenital_cardiovascular_anomalies,15825,2531,congenital_heart_disease_and_intellectual_disability_mental_retardation_profound
643,congenital_heart_anomalies,4658,congenital_heart_disease_without_intellectual_disability_or_heart_failure_due_to_single_ventricle_and_single_ventricle_pathway_heart_defects,15844,574,congenital_heart_disease
643,congenital_heart_anomalies,4661,congenital_heart_disease_and_borderline_intellectual_disability_without_heart_failure_due_to_single_ventricle_and_single_ventricle_pathway_heart_defects,15845,2519,congenital_heart_disease_and_borderline_intellectual_functioning
643,congenital_heart_anomalies,4664,congenital_heart_disease_and_mild_intellectual_disability_without_heart_failure_due_to_single_ventricle_and_single_ventricle_pathway_heart_defects,15846,2522,congenital_heart_disease_and_intellectual_disability_mental_retardation_mild
643,congenital_heart_anomalies,4667,congenital_heart_disease_and_moderate_intellectual_disability_without_heart_failure_due_to_single_ventricle_and_single_ventricle_pathway_heart_defects,15847,2525,congenital_heart_disease_and_intellectual_disability_mental_retardation_moderate
643,congenital_heart_anomalies,4670,congenital_heart_disease_and_severe_intellectual_disability_without_heart_failure_due_to_single_ventricle_and_single_ventricle_pathway_heart_defects,15848,2528,congenital_heart_disease_and_intellectual_disability_mental_retardation_severe
643,congenital_heart_anomalies,4673,congenital_heart_disease_and_profound_intellectual_disability_without_heart_failure_due_to_single_ventricle_and_single_ventricle_pathway_heart_defects,15849,2531,congenital_heart_disease_and_intellectual_disability_mental_retardation_profound
643,congenital_heart_anomalies,4676,congenital_heart_disease_and_mild_heart_failure_without_intellectual_disability_due_to_single_ventricle_and_single_ventricle_pathway_heart_defects,15850,2294,congenital_heart_disease_and_mild_heart_failure
643,congenital_heart_anomalies,4679,congenital_heart_disease_borderline_intellectual_disability_and_mild_heart_failure_due_to_single_ventricle_and_single_ventricle_pathway_heart_defects,15851,2303,congenital_heart_disease_borderline_intellectual_functioning_and_mild_heart_failure
643,congenital_heart_anomalies,4682,congenital_heart_disease_mild_intellectual_disability_and_mild_heart_failure_due_to_single_ventricle_and_single_ventricle_pathway_heart_defects,15852,2312,congenital_heart_disease_mild_intellectual_disability_and_mild_heart_failure
643,congenital_heart_anomalies,4685,congenital_heart_disease_moderate_intellectual_disability_and_mild_heart_failure_due_to_single_ventricle_and_single_ventricle_pathway_heart_defects,15853,2321,congenital_heart_disease_moderate_intellectual_disability_and_mild_heart_failure
643,congenital_heart_anomalies,4688,congenital_heart_disease_severe_intellectual_disability_and_mild_heart_failure_due_to_single_ventricle_and_single_ventricle_pathway_heart_defects,15854,2330,congenital_heart_disease_severe_intellectual_disability_and_mild_heart_failure
643,congenital_heart_anomalies,4691,congenital_heart_disease_profound_intellectual_disability_and_mild_heart_failure_due_to_single_ventricle_and_single_ventricle_pathway_heart_defects,15855,2339,congenital_heart_disease_profound_intellectual_disability_and_mild_heart_failure
643,congenital_heart_anomalies,4694,congenital_heart_disease_and_moderate_heart_failure_without_intellectual_disability_due_to_single_ventricle_and_single_ventricle_pathway_heart_defects,15856,2297,congenital_heart_disease_and_moderate_heart_failure
643,congenital_heart_anomalies,4697,congenital_heart_disease_borderline_intellectual_disability_and_moderate_heart_failure_due_to_single_ventricle_and_single_ventricle_pathway_heart_defects,15857,2306,congenital_heart_disease_borderline_intellectual_functioning_and_moderate_heart_failure
643,congenital_heart_anomalies,4700,congenital_heart_disease_mild_intellectual_disability_and_moderate_heart_failure_due_to_single_ventricle_and_single_ventricle_pathway_heart_defects,15858,2315,congenital_heart_disease_mild_intellectual_disability_and_moderate_heart_failure
643,congenital_heart_anomalies,4703,congenital_heart_disease_moderate_intellectual_disability_and_moderate_heart_failure_due_to_single_ventricle_and_single_ventricle_pathway_heart_defects,15859,2324,congenital_heart_disease_moderate_intellectual_disability_and_moderate_heart_failure
643,congenital_heart_anomalies,4706,congenital_heart_disease_severe_intellectual_disability_and_moderate_heart_failure_due_to_single_ventricle_and_single_ventricle_pathway_heart_defects,15860,2333,congenital_heart_disease_severe_intellectual_disability_and_moderate_heart_failure
643,congenital_heart_anomalies,4709,congenital_heart_disease_profound_intellectual_disability_and_moderate_heart_failure_due_to_single_ventricle_and_single_ventricle_pathway_heart_defects,15861,2342,congenital_heart_disease_profound_intellectual_disability_and_moderate_heart_failure
643,congenital_heart_anomalies,4712,congenital_heart_disease_and_severe_heart_failure_without_intellectual_disability_due_to_single_ventricle_and_single_ventricle_pathway_heart_defects,15862,2300,congenital_heart_disease_and_severe_heart_failure
643,congenital_heart_anomalies,4715,congenital_heart_disease_borderline_intellectual_disability_and_severe_heart_failure_due_to_single_ventricle_and_single_ventricle_pathway_heart_defects,15863,2309,congenital_heart_disease_borderline_intellectual_functioning_and_severe_heart_failure
643,congenital_heart_anomalies,4718,congenital_heart_disease_mild_intellectual_disability_and_severe_heart_failure_due_to_single_ventricle_and_single_ventricle_pathway_heart_defects,15864,2318,congenital_heart_disease_mild_intellectual_disability_and_servere_heart_failure
643,congenital_heart_anomalies,4721,congenital_heart_disease_moderate_intellectual_disability_and_severe_heart_failure_due_to_single_ventricle_and_single_ventricle_pathway_heart_defects,15865,2327,congenital_heart_disease_moderate_intellectual_disability_and_severe_heart_failure
643,congenital_heart_anomalies,4724,congenital_heart_disease_severe_intellectual_disability_and_severe_heart_failure_due_to_single_ventricle_and_single_ventricle_pathway_heart_defects,15866,2336,congenital_heart_disease_severe_intellectual_disability_and_severe_heart_failure
643,congenital_heart_anomalies,4727,congenital_heart_disease_profound_intellectual_disability_and_severe_heart_failure_due_to_single_ventricle_and_single_ventricle_pathway_heart_defects,15867,2345,congenital_heart_disease_profound_intellectual_disability_and_severe_heart_failure
643,congenital_heart_anomalies,4730,congenital_heart_disease_without_intellectual_disability_or_heart_failure_due_to_severe_congenital_heart_anomalies_excluding_single_ventricle_heart_defects,15868,574,congenital_heart_disease
643,congenital_heart_anomalies,4733,congenital_heart_disease_and_borderline_intellectual_disability_without_heart_failure_due_to_severe_congenital_heart_anomalies_excluding_single_ventricle_heart_defects,15869,2519,congenital_heart_disease_and_borderline_intellectual_functioning
643,congenital_heart_anomalies,4736,congenital_heart_disease_and_mild_intellectual_disability_without_heart_failure_due_to_severe_congenital_heart_anomalies_excluding_single_ventricle_heart_defects,15870,2522,congenital_heart_disease_and_intellectual_disability_mental_retardation_mild
643,congenital_heart_anomalies,4739,congenital_heart_disease_and_moderate_intellectual_disability_without_heart_failure_due_to_severe_congenital_heart_anomalies_excluding_single_ventricle_heart_defects,15871,2525,congenital_heart_disease_and_intellectual_disability_mental_retardation_moderate
643,congenital_heart_anomalies,4742,congenital_heart_disease_and_severe_intellectual_disability_without_heart_failure_due_to_severe_congenital_heart_anomalies_excluding_single_ventricle_heart_defects,15872,2528,congenital_heart_disease_and_intellectual_disability_mental_retardation_severe
643,congenital_heart_anomalies,4745,congenital_heart_disease_and_profound_intellectual_disability_without_heart_failure_due_to_severe_congenital_heart_anomalies_excluding_single_ventricle_heart_defects,15873,2531,congenital_heart_disease_and_intellectual_disability_mental_retardation_profound
643,congenital_heart_anomalies,4748,congenital_heart_disease_and_mild_heart_failure_without_intellectual_disability_due_to_severe_congenital_heart_anomalies_excluding_single_ventricle_heart_defects,15874,2294,congenital_heart_disease_and_mild_heart_failure
643,congenital_heart_anomalies,4751,congenital_heart_disease_borderline_intellectual_disability_and_mild_heart_failure_due_to_severe_congenital_heart_anomalies_excluding_single_ventricle_heart_defects,15875,2303,congenital_heart_disease_borderline_intellectual_functioning_and_mild_heart_failure
643,congenital_heart_anomalies,4754,congenital_heart_disease_mild_intellectual_disability_and_mild_heart_failure_due_to_severe_congenital_heart_anomalies_excluding_single_ventricle_heart_defects,15876,2312,congenital_heart_disease_mild_intellectual_disability_and_mild_heart_failure
643,congenital_heart_anomalies,4757,congenital_heart_disease_moderate_intellectual_disability_and_mild_heart_failure_due_to_severe_congenital_heart_anomalies_excluding_single_ventricle_heart_defects,15877,2321,congenital_heart_disease_moderate_intellectual_disability_and_mild_heart_failure
643,congenital_heart_anomalies,4760,congenital_heart_disease_severe_intellectual_disability_and_mild_heart_failure_due_to_severe_congenital_heart_anomalies_excluding_single_ventricle_heart_defects,15878,2330,congenital_heart_disease_severe_intellectual_disability_and_mild_heart_failure
643,congenital_heart_anomalies,4763,congenital_heart_disease_profound_intellectual_disability_and_mild_heart_failure_due_to_severe_congenital_heart_anomalies_excluding_single_ventricle_heart_defects,15879,2339,congenital_heart_disease_profound_intellectual_disability_and_mild_heart_failure
643,congenital_heart_anomalies,4766,congenital_heart_disease_and_moderate_heart_failure_without_intellectual_disability_due_to_severe_congenital_heart_anomalies_excluding_single_ventricle_heart_defects,15880,2297,congenital_heart_disease_and_moderate_heart_failure
643,congenital_heart_anomalies,4769,congenital_heart_disease_borderline_intellectual_disability_and_moderate_heart_failure_due_to_severe_congenital_heart_anomalies_excluding_single_ventricle_heart_defects,15881,2306,congenital_heart_disease_borderline_intellectual_functioning_and_moderate_heart_failure
643,congenital_heart_anomalies,4772,congenital_heart_disease_mild_intellectual_disability_and_moderate_heart_failure_due_to_severe_congenital_heart_anomalies_excluding_single_ventricle_heart_defects,15882,2315,congenital_heart_disease_mild_intellectual_disability_and_moderate_heart_failure
643,congenital_heart_anomalies,4775,congenital_heart_disease_moderate_intellectual_disability_and_moderate_heart_failure_due_to_severe_congenital_heart_anomalies_excluding_single_ventricle_heart_defects,15883,2324,congenital_heart_disease_moderate_intellectual_disability_and_moderate_heart_failure
643,congenital_heart_anomalies,4778,congenital_heart_disease_severe_intellectual_disability_and_moderate_heart_failure_due_to_severe_congenital_heart_anomalies_excluding_single_ventricle_heart_defects,15884,2333,congenital_heart_disease_severe_intellectual_disability_and_moderate_heart_failure
643,congenital_heart_anomalies,4781,congenital_heart_disease_profound_intellectual_disability_and_moderate_heart_failure_due_to_severe_congenital_heart_anomalies_excluding_single_ventricle_heart_defects,15885,2342,congenital_heart_disease_profound_intellectual_disability_and_moderate_heart_failure
643,congenital_heart_anomalies,4784,congenital_heart_disease_and_severe_heart_failure_without_intellectual_disability_due_to_severe_congenital_heart_anomalies_excluding_single_ventricle_heart_defects,15886,2300,congenital_heart_disease_and_severe_heart_failure
643,congenital_heart_anomalies,4787,congenital_heart_disease_borderline_intellectual_disability_and_severe_heart_failure_due_to_severe_congenital_heart_anomalies_excluding_single_ventricle_heart_defects,15887,2309,congenital_heart_disease_borderline_intellectual_functioning_and_severe_heart_failure
643,congenital_heart_anomalies,4790,congenital_heart_disease_mild_intellectual_disability_and_severe_heart_failure_due_to_severe_congenital_heart_anomalies_excluding_single_ventricle_heart_defects,15888,2318,congenital_heart_disease_mild_intellectual_disability_and_servere_heart_failure
643,congenital_heart_anomalies,4793,congenital_heart_disease_moderate_intellectual_disability_and_severe_heart_failure_due_to_severe_congenital_heart_anomalies_excluding_single_ventricle_heart_defects,15889,2327,congenital_heart_disease_moderate_intellectual_disability_and_severe_heart_failure
643,congenital_heart_anomalies,4796,congenital_heart_disease_severe_intellectual_disability_and_severe_heart_failure_due_to_severe_congenital_heart_anomalies_excluding_single_ventricle_heart_defects,15890,2336,congenital_heart_disease_severe_intellectual_disability_and_severe_heart_failure
643,congenital_heart_anomalies,4799,congenital_heart_disease_profound_intellectual_disability_and_severe_heart_failure_due_to_severe_congenital_heart_anomalies_excluding_single_ventricle_heart_defects,15891,2345,congenital_heart_disease_profound_intellectual_disability_and_severe_heart_failure
643,congenital_heart_anomalies,4802,congenital_heart_disease_without_heart_failure_or_intellectual_disability_due_to_critical_malformations_of_great_vessels_congenital_valvular_heart_disease_and_patent_ductus_arteriosus,15892,574,congenital_heart_disease
643,congenital_heart_anomalies,4805,congenital_heart_disease_and_borderline_intellectual_disability_without_heart_failure_due_to_critical_malformations_of_great_vessels_congenital_valvular_heart_disease_and_patent_ductus_arteriosus,15893,2519,congenital_heart_disease_and_borderline_intellectual_functioning
643,congenital_heart_anomalies,4808,congenital_heart_disease_and_mild_intellectual_disability_without_heart_failure_due_to_critical_malformations_of_great_vessels_congenital_valvular_heart_disease_and_patent_ductus_arteriosus,15894,2522,congenital_heart_disease_and_intellectual_disability_mental_retardation_mild
643,congenital_heart_anomalies,4811,congenital_heart_disease_and_moderate_intellectual_disability_without_heart_failure_due_to_critical_malformations_of_great_vessels_congenital_valvular_heart_disease_and_patent_ductus_arteriosus,15895,2525,congenital_heart_disease_and_intellectual_disability_mental_retardation_moderate
643,congenital_heart_anomalies,4814,congenital_heart_disease_and_severe_intellectual_disability_without_heart_failure_due_to_critical_malformations_of_great_vessels_congenital_valvular_heart_disease_and_patent_ductus_arteriosus,15896,2528,congenital_heart_disease_and_intellectual_disability_mental_retardation_severe
643,congenital_heart_anomalies,4817,congenital_heart_disease_and_profound_intellectual_disability_without_heart_failure_due_to_critical_malformations_of_great_vessels_congenital_valvular_heart_disease_and_patent_ductus_arteriosus,15897,2531,congenital_heart_disease_and_intellectual_disability_mental_retardation_profound
643,congenital_heart_anomalies,4820,congenital_heart_disease_and_mild_heart_failure_without_intellectual_disability_due_to_critical_malformations_of_great_vessels_congenital_valvular_heart_disease_and_patent_ductus_arteriosus,15898,2294,congenital_heart_disease_and_mild_heart_failure
643,congenital_heart_anomalies,4823,congenital_heart_disease_borderline_intellectual_disability_and_mild_heart_failure_due_to_critical_malformations_of_great_vessels_congenital_valvular_heart_disease_and_patent_ductus_arteriosus,15899,2303,congenital_heart_disease_borderline_intellectual_functioning_and_mild_heart_failure
643,congenital_heart_anomalies,4826,congenital_heart_disease_mild_intellectual_disability_and_mild_heart_failure_due_to_critical_malformations_of_great_vessels_congenital_valvular_heart_disease_and_patent_ductus_arteriosus,15900,2312,congenital_heart_disease_mild_intellectual_disability_and_mild_heart_failure
643,congenital_heart_anomalies,4829,congenital_heart_disease_moderate_intellectual_disability_and_mild_heart_failure_due_to_critical_malformations_of_great_vessels_congenital_valvular_heart_disease_and_patent_ductus_arteriosus,15901,2321,congenital_heart_disease_moderate_intellectual_disability_and_mild_heart_failure
643,congenital_heart_anomalies,4832,congenital_heart_disease_severe_intellectual_disability_and_mild_heart_failure_due_to_critical_malformations_of_great_vessels_congenital_valvular_heart_disease_and_patent_ductus_arteriosus,15902,2330,congenital_heart_disease_severe_intellectual_disability_and_mild_heart_failure
643,congenital_heart_anomalies,4835,congenital_heart_disease_profound_intellectual_disability_and_mild_heart_failure_due_to_critical_malformations_of_great_vessels_congenital_valvular_heart_disease_and_patent_ductus_arteriosus,15903,2339,congenital_heart_disease_profound_intellectual_disability_and_mild_heart_failure
643,congenital_heart_anomalies,4838,congenital_heart_disease_and_moderate_heart_failure_without_intellectual_disability_due_to_critical_malformations_of_great_vessels_congenital_valvular_heart_disease_and_patent_ductus_arteriosus,15904,2297,congenital_heart_disease_and_moderate_heart_failure
643,congenital_heart_anomalies,4841,congenital_heart_disease_borderline_intellectual_disability_and_moderate_heart_failure_due_to_critical_malformations_of_great_vessels_congenital_valvular_heart_disease_and_patent_ductus_arteriosus,15905,2306,congenital_heart_disease_borderline_intellectual_functioning_and_moderate_heart_failure
643,congenital_heart_anomalies,4844,congenital_heart_disease_mild_intellectual_disability_and_moderate_heart_failure_due_to_critical_malformations_of_great_vessels_congenital_valvular_heart_disease_and_patent_ductus_arteriosus,15906,2315,congenital_heart_disease_mild_intellectual_disability_and_moderate_heart_failure
643,congenital_heart_anomalies,4847,congenital_heart_disease_moderate_intellectual_disability_and_moderate_heart_failure_due_to_critical_malformations_of_great_vessels_congenital_valvular_heart_disease_and_patent_ductus_arteriosus,15907,2324,congenital_heart_disease_moderate_intellectual_disability_and_moderate_heart_failure
643,congenital_heart_anomalies,4850,congenital_heart_disease_severe_intellectual_disability_and_moderate_heart_failure_due_to_critical_malformations_of_great_vessels_congenital_valvular_heart_disease_and_patent_ductus_arteriosus,15908,2333,congenital_heart_disease_severe_intellectual_disability_and_moderate_heart_failure
643,congenital_heart_anomalies,4853,congenital_heart_disease_profound_intellectual_disability_and_moderate_heart_failure_due_to_critical_malformations_of_great_vessels_congenital_valvular_heart_disease_and_patent_ductus_arteriosus,15909,2342,congenital_heart_disease_profound_intellectual_disability_and_moderate_heart_failure
643,congenital_heart_anomalies,4856,congenital_heart_disease_and_severe_heart_failure_without_intellectual_disability_due_to_critical_malformations_of_great_vessels_congenital_valvular_heart_disease_and_patent_ductus_arteriosus,15910,2300,congenital_heart_disease_and_severe_heart_failure
643,congenital_heart_anomalies,4859,congenital_heart_disease_borderline_intellectual_disability_and_severe_heart_failure_due_to_critical_malformations_of_great_vessels_congenital_valvular_heart_disease_and_patent_ductus_arteriosus,15911,2309,congenital_heart_disease_borderline_intellectual_functioning_and_severe_heart_failure
643,congenital_heart_anomalies,4862,congenital_heart_disease_mild_intellectual_disability_and_severe_heart_failure_due_to_critical_malformations_of_great_vessels_congenital_valvular_heart_disease_and_patent_ductus_arteriosus,15912,2318,congenital_heart_disease_mild_intellectual_disability_and_servere_heart_failure
643,congenital_heart_anomalies,4865,congenital_heart_disease_moderate_intellectual_disability_and_severe_heart_failure_due_to_critical_malformations_of_great_vessels_congenital_valvular_heart_disease_and_patent_ductus_arteriosus,15913,2327,congenital_heart_disease_moderate_intellectual_disability_and_severe_heart_failure
643,congenital_heart_anomalies,4868,congenital_heart_disease_severe_intellectual_disability_and_severe_heart_failure_due_to_critical_malformations_of_great_vessels_congenital_valvular_heart_disease_and_patent_ductus_arteriosus,15914,2336,congenital_heart_disease_severe_intellectual_disability_and_severe_heart_failure
643,congenital_heart_anomalies,4871,congenital_heart_disease_profound_intellectual_disability_and_severe_heart_failure_due_to_critical_malformations_of_great_vessels_congenital_valvular_heart_disease_and_patent_ductus_arteriosus,15915,2345,congenital_heart_disease_profound_intellectual_disability_and_severe_heart_failure
643,congenital_heart_anomalies,4874,congenital_heart_disease_without_heart_failure_or_intellectual_disability_due_to_ventricular_septal_defect_and_atrial_septal_defect,15916,574,congenital_heart_disease
643,congenital_heart_anomalies,4877,congenital_heart_disease_and_borderline_intellectual_disability_without_heart_failure_due_to_ventricular_septal_defect_and_atrial_septal_defect,15917,2519,congenital_heart_disease_and_borderline_intellectual_functioning
643,congenital_heart_anomalies,4880,congenital_heart_disease_and_mild_intellectual_disability_without_heart_failure_due_to_ventricular_septal_defect_and_atrial_septal_defect,15918,2522,congenital_heart_disease_and_intellectual_disability_mental_retardation_mild
643,congenital_heart_anomalies,4883,congenital_heart_disease_and_moderate_intellectual_disability_without_heart_failure_due_to_ventricular_septal_defect_and_atrial_septal_defect,15919,2525,congenital_heart_disease_and_intellectual_disability_mental_retardation_moderate
643,congenital_heart_anomalies,4886,congenital_heart_disease_and_severe_intellectual_disability_without_heart_failure_due_to_ventricular_septal_defect_and_atrial_septal_defect,15920,2528,congenital_heart_disease_and_intellectual_disability_mental_retardation_severe
643,congenital_heart_anomalies,4889,congenital_heart_disease_and_profound_intellectual_disability_without_heart_failure_due_to_ventricular_septal_defect_and_atrial_septal_defect,15921,2531,congenital_heart_disease_and_intellectual_disability_mental_retardation_profound
643,congenital_heart_anomalies,4892,congenital_heart_disease_and_mild_heart_failure_without_intellectual_disability_due_to_ventricular_septal_defect_and_atrial_septal_defect,15922,2294,congenital_heart_disease_and_mild_heart_failure
643,congenital_heart_anomalies,4895,congenital_heart_disease_borderline_intellectual_disability_and_mild_heart_failure_due_to_ventricular_septal_defect_and_atrial_septal_defect,15923,2303,congenital_heart_disease_borderline_intellectual_functioning_and_mild_heart_failure
643,congenital_heart_anomalies,4898,congenital_heart_disease_mild_intellectual_disability_and_mild_heart_failure_due_to_ventricular_septal_defect_and_atrial_septal_defect,15924,2312,congenital_heart_disease_mild_intellectual_disability_and_mild_heart_failure
643,congenital_heart_anomalies,4901,congenital_heart_disease_moderate_intellectual_disability_and_mild_heart_failure_due_to_ventricular_septal_defect_and_atrial_septal_defect,15925,2321,congenital_heart_disease_moderate_intellectual_disability_and_mild_heart_failure
643,congenital_heart_anomalies,4904,congenital_heart_disease_severe_intellectual_disability_and_mild_heart_failure_due_to_ventricular_septal_defect_and_atrial_septal_defect,15926,2330,congenital_heart_disease_severe_intellectual_disability_and_mild_heart_failure
643,congenital_heart_anomalies,4907,congenital_heart_disease_profound_intellectual_disability_and_mild_heart_failure_due_to_ventricular_septal_defect_and_atrial_septal_defect,15927,2339,congenital_heart_disease_profound_intellectual_disability_and_mild_heart_failure
643,congenital_heart_anomalies,4910,congenital_heart_disease_and_moderate_heart_failure_without_intellectual_disability_due_to_ventricular_septal_defect_and_atrial_septal_defect,15928,2297,congenital_heart_disease_and_moderate_heart_failure
643,congenital_heart_anomalies,4913,congenital_heart_disease_borderline_intellectual_disability_and_moderate_heart_failure_due_to_ventricular_septal_defect_and_atrial_septal_defect,15929,2306,congenital_heart_disease_borderline_intellectual_functioning_and_moderate_heart_failure
643,congenital_heart_anomalies,4916,congenital_heart_disease_mild_intellectual_disability_and_moderate_heart_failure_due_to_ventricular_septal_defect_and_atrial_septal_defect,15930,2315,congenital_heart_disease_mild_intellectual_disability_and_moderate_heart_failure
643,congenital_heart_anomalies,4919,congenital_heart_disease_moderate_intellectual_disability_and_moderate_heart_failure_due_to_ventricular_septal_defect_and_atrial_septal_defect,15931,2324,congenital_heart_disease_moderate_intellectual_disability_and_moderate_heart_failure
643,congenital_heart_anomalies,4922,congenital_heart_disease_severe_intellectual_disability_and_moderate_heart_failure_due_to_ventricular_septal_defect_and_atrial_septal_defect,15932,2333,congenital_heart_disease_severe_intellectual_disability_and_moderate_heart_failure
643,congenital_heart_anomalies,4925,congenital_heart_disease_profound_intellectual_disability_and_moderate_heart_failure_due_to_ventricular_septal_defect_and_atrial_septal_defect,15933,2342,congenital_heart_disease_profound_intellectual_disability_and_moderate_heart_failure
643,congenital_heart_anomalies,4928,congenital_heart_disease_and_severe_heart_without_intellectual_disability_due_to_ventricular_septal_defect_and_atrial_septal_defect,15934,2300,congenital_heart_disease_and_severe_heart_failure
643,congenital_heart_anomalies,4931,congenital_heart_disease_borderline_intellectual_disability_and_severe_heart_failure_due_to_ventricular_septal_defect_and_atrial_septal_defect,15935,2309,congenital_heart_disease_borderline_intellectual_functioning_and_severe_heart_failure
643,congenital_heart_anomalies,4934,congenital_heart_disease_mild_intellectual_disability_and_severe_heart_failure_due_to_ventricular_septal_defect_and_atrial_septal_defect,15936,2318,congenital_heart_disease_mild_intellectual_disability_and_servere_heart_failure
643,congenital_heart_anomalies,4937,congenital_heart_disease_moderate_intellectual_disability_and_severe_heart_failure_due_to_ventricular_septal_defect_and_atrial_septal_defect,15937,2327,congenital_heart_disease_moderate_intellectual_disability_and_severe_heart_failure
643,congenital_heart_anomalies,4940,congenital_heart_disease_severe_intellectual_disability_and_severe_heart_failure_due_to_ventricular_septal_defect_and_atrial_septal_defect,15938,2336,congenital_heart_disease_severe_intellectual_disability_and_severe_heart_failure
643,congenital_heart_anomalies,4943,congenital_heart_disease_profound_intellectual_disability_and_severe_heart_failure_due_to_ventricular_septal_defect_and_atrial_septal_defect,15939,2345,congenital_heart_disease_profound_intellectual_disability_and_severe_heart_failure
643,congenital_heart_anomalies,5792,congenital_heart_disease_and_controlled_medically_managed_heart_failure_without_intellectual_disability_due_to_critical_malformations_of_great_vessels_congenital_valvular_heart_disease_and_patent_ductus_arteriosus,20042,2666,congenital_heart_disease_and_generic_uncomplicated_disease_worry_and_daily_medication
643,congenital_heart_anomalies,5795,congenital_heart_disease_and_controlled_medically_managed_heart_failure_without_intellectual_disability_due_to_severe_congenital_heart_anomalies_excluding_single_ventricle_heart_defects,20043,2666,congenital_heart_disease_and_generic_uncomplicated_disease_worry_and_daily_medication
643,congenital_heart_anomalies,5798,congenital_heart_disease_and_controlled_medically_managed_heart_failure_without_intellectual_disability_due_to_single_ventricle_and_single_ventricle_pathway_heart_defects,20044,2666,congenital_heart_disease_and_generic_uncomplicated_disease_worry_and_daily_medication
643,congenital_heart_anomalies,5801,congenital_heart_disease_and_controlled_medically_managed_heart_failure_without_intellectual_disability_due_to_ventricular_septal_defect_and_atrial_septal_defect,20045,2666,congenital_heart_disease_and_generic_uncomplicated_disease_worry_and_daily_medication
643,congenital_heart_anomalies,5804,congenital_heart_disease_borderline_intellectual_disability_and_controlled_medically_managed_heart_failure_due_to_critical_malformations_of_great_vessels_congenital_valvular_heart_disease_and_patent_ductus_arteriosus,20046,2669,congenital_heart_disease_and_borderline_intellectual_functioning_and_generic_uncomplicated_disease_worry_and_daily_medication
643,congenital_heart_anomalies,5807,congenital_heart_disease_borderline_intellectual_disability_and_controlled_medically_managed_heart_failure_due_to_severe_congenital_heart_anomalies_excluding_single_ventricle_heart_defects,20047,2669,congenital_heart_disease_and_borderline_intellectual_functioning_and_generic_uncomplicated_disease_worry_and_daily_medication
643,congenital_heart_anomalies,5810,congenital_heart_disease_borderline_intellectual_disability_and_controlled_medically_managed_heart_failure_due_to_single_ventricle_and_single_ventricle_pathway_heart_defects,20048,2669,congenital_heart_disease_and_borderline_intellectual_functioning_and_generic_uncomplicated_disease_worry_and_daily_medication
643,congenital_heart_anomalies,5813,congenital_heart_disease_borderline_intellectual_disability_and_controlled_medically_managed_heart_failure_due_to_ventricular_septal_defect_and_atrial_septal_defect,20049,2669,congenital_heart_disease_and_borderline_intellectual_functioning_and_generic_uncomplicated_disease_worry_and_daily_medication
643,congenital_heart_anomalies,5816,congenital_heart_disease_mild_intellectual_disability_and_controlled_medically_managed_heart_failure_due_to_critical_malformations_of_great_vessels_congenital_valvular_heart_disease_and_patent_ductus_arteriosus,20050,2672,congenital_heart_disease_and_intellectual_disability_mental_retardation_mild_and_generic_uncomplicated_disease_worry_and_daily_medication
643,congenital_heart_anomalies,5819,congenital_heart_disease_mild_intellectual_disability_and_controlled_medically_managed_heart_failure_due_to_severe_congenital_heart_anomalies_excluding_single_ventricle_heart_defects,20051,2672,congenital_heart_disease_and_intellectual_disability_mental_retardation_mild_and_generic_uncomplicated_disease_worry_and_daily_medication
643,congenital_heart_anomalies,5822,congenital_heart_disease_mild_intellectual_disability_and_controlled_medically_managed_heart_failure_due_to_single_ventricle_and_single_ventricle_pathway_heart_defects,20052,2672,congenital_heart_disease_and_intellectual_disability_mental_retardation_mild_and_generic_uncomplicated_disease_worry_and_daily_medication
643,congenital_heart_anomalies,5825,congenital_heart_disease_mild_intellectual_disability_and_controlled_medically_managed_heart_failure_due_to_ventricular_septal_defect_and_atrial_septal_defect,20053,2672,congenital_heart_disease_and_intellectual_disability_mental_retardation_mild_and_generic_uncomplicated_disease_worry_and_daily_medication
643,congenital_heart_anomalies,5828,congenital_heart_disease_moderate_intellectual_disability_and_controlled_medically_managed_heart_failure_due_to_critical_malformations_of_great_vessels_congenital_valvular_heart_disease_and_patent_ductus_arteriosus,20054,2675,congenital_heart_disease_and_intellectual_disability_mental_retardation_moderate_and_generic_uncomplicated_disease_worry_and_daily_medication
643,congenital_heart_anomalies,5831,congenital_heart_disease_moderate_intellectual_disability_and_controlled_medically_managed_heart_failure_due_to_severe_congenital_heart_anomalies_excluding_single_ventricle_heart_defects,20057,2675,congenital_heart_disease_and_intellectual_disability_mental_retardation_moderate_and_generic_uncomplicated_disease_worry_and_daily_medication
643,congenital_heart_anomalies,5834,congenital_heart_disease_moderate_intellectual_disability_and_controlled_medically_managed_heart_failure_due_to_single_ventricle_and_single_ventricle_pathway_heart_defects,20055,2675,congenital_heart_disease_and_intellectual_disability_mental_retardation_moderate_and_generic_uncomplicated_disease_worry_and_daily_medication
643,congenital_heart_anomalies,5837,congenital_heart_disease_moderate_intellectual_disability_and_controlled_medically_managed_heart_failure_due_to_ventricular_septal_defect_and_atrial_septal_defect,20056,2675,congenital_heart_disease_and_intellectual_disability_mental_retardation_moderate_and_generic_uncomplicated_disease_worry_and_daily_medication
643,congenital_heart_anomalies,5840,congenital_heart_disease_profound_intellectual_disability_and_controlled_medically_managed_heart_failure_due_to_severe_congenital_heart_anomalies_excluding_single_ventricle_heart_defects,20058,2678,congenital_heart_disease_and_intellectual_disability_mental_retardation_severe_and_generic_uncomplicated_disease_worry_and_daily_medication
643,congenital_heart_anomalies,5843,congenital_heart_disease_profound_intellectual_disability_and_controlled_medically_managed_heart_failure_due_to_single_ventricle_and_single_ventricle_pathway_heart_defects,20061,2678,congenital_heart_disease_and_intellectual_disability_mental_retardation_severe_and_generic_uncomplicated_disease_worry_and_daily_medication
643,congenital_heart_anomalies,5846,congenital_heart_disease_profound_intellectual_disability_and_controlled_medically_managed_heart_failure_due_to_ventricular_septal_defect_and_atrial_septal_defect,20059,2678,congenital_heart_disease_and_intellectual_disability_mental_retardation_severe_and_generic_uncomplicated_disease_worry_and_daily_medication
643,congenital_heart_anomalies,5849,congenital_heart_disease_profound_intellectual_disability_and_controlled_medically_managed_heart_failure_due_to_critical_malformations_of_great_vessels_congenital_valvular_heart_disease_and_patent_ductus_arteriosus,20060,2678,congenital_heart_disease_and_intellectual_disability_mental_retardation_severe_and_generic_uncomplicated_disease_worry_and_daily_medication
643,congenital_heart_anomalies,5852,congenital_heart_disease_severe_intellectual_disability_and_controlled_medically_managed_heart_failure_due_to_critical_malformations_of_great_vessels_congenital_valvular_heart_disease_and_patent_ductus_arteriosus,20062,2681,congenital_heart_disease_and_intellectual_disability_mental_retardation_profound_and_generic_uncomplicated_disease_worry_and_daily_medication
643,congenital_heart_anomalies,5855,congenital_heart_disease_severe_intellectual_disability_and_controlled_medically_managed_heart_failure_due_to_severe_congenital_heart_anomalies_excluding_single_ventricle_heart_defects,20063,2681,congenital_heart_disease_and_intellectual_disability_mental_retardation_profound_and_generic_uncomplicated_disease_worry_and_daily_medication
643,congenital_heart_anomalies,5858,congenital_heart_disease_severe_intellectual_disability_and_controlled_medically_managed_heart_failure_due_to_single_ventricle_and_single_ventricle_pathway_heart_defects,20064,2681,congenital_heart_disease_and_intellectual_disability_mental_retardation_profound_and_generic_uncomplicated_disease_worry_and_daily_medication
643,congenital_heart_anomalies,5861,congenital_heart_disease_severe_intellectual_disability_and_controlled_medically_managed_heart_failure_due_to_ventricular_septal_defect_and_atrial_septal_defect,20065,2681,congenital_heart_disease_and_intellectual_disability_mental_retardation_profound_and_generic_uncomplicated_disease_worry_and_daily_medication
644,orofacial_clefts,923,disfigurement_level_1_due_to_orofacial_clefts,3056,553,disfigurement_level_1
644,orofacial_clefts,924,disfigurement_level_2_due_to_orofacial_clefts,3057,554,disfigurement_level_2
644,orofacial_clefts,925,disfigurement_level_2_and_speech_problems_due_to_orofacial_clefts,3058,773,speech_problems_with_disfigurement_level_2
645,down_syndrome,838,isolated_congenital_heart_disease_due_to_down_syndrome,9830,574,congenital_heart_disease
645,down_syndrome,930,asymptomatic_down_syndrome,9829,799,asymptomatic
645,down_syndrome,1212,borderline_intellectual_disability_due_to_down_syndrome,9819,450,borderline_intellectual_functioning
645,down_syndrome,1213,mild_intellectual_disability_due_to_down_syndrome,9820,451,intellectual_disability_mental_retardation_mild
645,down_syndrome,1214,moderate_intellectual_disability_due_to_down_syndrome,9821,452,intellectual_disability_mental_retardation_moderate
645,down_syndrome,1215,severe_intellectual_disability_due_to_down_syndrome,9822,453,intellectual_disability_mental_retardation_severe
645,down_syndrome,1216,profound_intellectual_disability_due_to_down_syndrome,9823,454,intellectual_disability_mental_retardation_profound
645,down_syndrome,1217,borderline_intellectual_disability_with_congenital_heart_disease_due_to_down_syndrome,9824,897,borderline_intellectual_disability_with_congenital_heart_disease
645,down_syndrome,1218,mild_intellectual_disability_with_congenital_heart_disease_due_to_down_syndrome,9825,898,mild_intellectual_disability_with_congenital_heart_disease
645,down_syndrome,1219,moderate_intellectual_disability_with_congenital_heart_disease_due_to_down_syndrome,9826,899,moderate_intellectual_disability_with_congenital_heart_disease
645,down_syndrome,1220,severe_intellectual_disability_with_congenital_heart_disease_due_to_down_syndrome,9827,900,severe_intellectual_disability_with_congenital_heart_disease
645,down_syndrome,1221,profound_intellectual_disability_with_congenital_heart_disease_due_to_down_syndrome,9828,901,profound_intellectual_disability_with_congenital_heart_disease
645,down_syndrome,1234,mild_dementia_due_to_down_syndrome,9938,408,dementia_mild
645,down_syndrome,1235,moderate_dementia_due_to_down_syndrome,9939,409,dementia_moderate
645,down_syndrome,1236,severe_dementia_due_to_down_syndrome,9940,410,dementia_severe
645,down_syndrome,1237,congenital_heart_disease_and_mild_dementia_due_to_down_syndrome,9818,911,congenital_heart_disease_and_mild_dementia
645,down_syndrome,1238,congenital_heart_disease_and_moderate_dementia_due_to_down_syndrome,9944,912,congenital_heart_disease_and_moderate_dementia
645,down_syndrome,1239,congenital_heart_disease_and_severe_dementia_due_to_down_syndrome,9945,913,congenital_heart_disease_and_severe_dementia
645,down_syndrome,1267,borderline_intellectual_disability_mild_dementia_and_congenital_heart_disease_due_to_down_syndrome,10157,914,congenital_heart_disease_mild_dementia_borderline_intellectual_disability
645,down_syndrome,1268,mild_intellectual_disability_mild_dementia_and_congenital_heart_disease_due_to_down_syndrome,10158,915,congenital_heart_disease_mild_dementia_mild_intellectual_disability
645,down_syndrome,1269,moderate_intellectual_disability_mild_dementia_and_congenital_heart_disease_due_to_down_syndrome,10159,916,congenital_heart_disease_mild_dementia_moderate_intellectual_disability
645,down_syndrome,1270,severe_intellectual_disability_mild_dementia_and_congenital_heart_disease_due_to_down_syndrome,10160,917,congenital_heart_disease_mild_dementia_severe_intellectual_disability
645,down_syndrome,1271,profound_intellectual_disability_mild_dementia_and_congenital_heart_disease_due_to_down_syndrome,10161,918,congenital_heart_disease_mild_dementia_profound_intellectual_disability
645,down_syndrome,1272,borderline_intellectual_disability_moderate_dementia_and_congenital_heart_disease_due_to_down_syndrome,10162,919,congenital_heart_disease_moderate_dementia_borderline_intellectual_disability
645,down_syndrome,1273,mild_intellectual_disability_moderate_dementia_and_congenital_heart_disease_due_to_down_syndrome,10163,920,congenital_heart_disease_moderate_dementia_mild_intellectual_disability
645,down_syndrome,1274,moderate_intellectual_disability_moderate_dementia_and_congenital_heart_disease_due_to_down_syndrome,10164,921,congenital_heart_disease_moderate_dementia_moderate_intellectual_disability
645,down_syndrome,1275,severe_intellectual_disability_moderate_dementia_and_congenital_heart_disease_due_to_down_syndrome,10165,922,congenital_heart_disease_moderate_dementia_severe_intellectual_disability
645,down_syndrome,1276,profound_intellectual_disability_moderate_dementia_and_congenital_heart_disease_due_to_down_syndrome,10166,923,congenital_heart_disease_moderate_dementia_profound_intellectual_disability
645,down_syndrome,1277,borderline_intellectual_disability_severe_dementia_and_congenital_heart_disease_due_to_down_syndrome,10167,924,congenital_heart_disease_severe_dementia_borderline_intellectual_disability
645,down_syndrome,1278,mild_intellectual_disability_severe_dementia_and_congenital_heart_disease_due_to_down_syndrome,10168,925,congenital_heart_disease_severe_dementia_mild_intellectual_disability
645,down_syndrome,1279,moderate_intellectual_disability_severe_dementia_and_congenital_heart_disease_due_to_down_syndrome,10169,926,congenital_heart_disease_severe_dementia_moderate_intellectual_disability
645,down_syndrome,1280,severe_intellectual_disability_severe_dementia_and_congenital_heart_disease_due_to_down_syndrome,10170,927,congenital_heart_disease_severe_dementia_severe_intellectual_disability
645,down_syndrome,1281,profound_intellectual_disability_severe_dementia_and_congenital_heart_disease_due_to_down_syndrome,10171,928,congenital_heart_disease_severe_dementia_profound_intellectual_disability
645,down_syndrome,1297,profound_intellectual_disability_and_mild_dementia_due_to_down_syndrome,10248,933,mild_dementia_profound_intellectual_disability
645,down_syndrome,1298,severe_intellectual_disability_and_mild_dementia_due_to_down_syndrome,10249,932,mild_dementia_severe_intellectual_disability
645,down_syndrome,1299,moderate_intellectual_disability_and_mild_dementia_due_to_down_syndrome,10250,931,mild_dementia_moderate_intellectual_disability
645,down_syndrome,1300,mild_intellectual_disability_and_mild_dementia_due_to_down_syndrome,10251,930,mild_dementia_mild_intellectual_disability
645,down_syndrome,1301,borderline_intellectual_disability_and_mild_dementia_due_to_down_syndrome,10252,929,mild_dementia_borderline_intellectual_disability
645,down_syndrome,1302,profound_intellectual_disability_and_moderate_dementia_due_to_down_syndrome,10253,938,moderate_dementia_profound_intellectual_disability
645,down_syndrome,1303,severe_intellectual_disability_and_moderate_dementia_due_to_down_syndrome,10254,937,moderate_dementia_severe_intellectual_disability
645,down_syndrome,1304,moderate_intellectual_disability_and_moderate_dementia_due_to_down_syndrome,10255,936,moderate_dementia_moderate_intellectual_disability
645,down_syndrome,1305,mild_intellectual_disability_and_moderate_dementia_due_to_down_syndrome,10256,935,moderate_dementia_mild_intellectual_disability
645,down_syndrome,1306,borderline_intellectual_disability_and_moderate_dementia_due_to_down_syndrome,10257,934,moderate_dementia_borderline_intellectual_disability
645,down_syndrome,1307,profound_intellectual_disability_and_severe_dementia_due_to_down_syndrome,10258,943,severe_dementia_profound_intellectual_disability
645,down_syndrome,1308,severe_intellectual_disability_and_severe_dementia_due_to_down_syndrome,10259,942,severe_dementia_severe_intellectual_disability
645,down_syndrome,1309,moderate_intellectual_disability_and_severe_dementia_due_to_down_syndrome,10260,941,severe_dementia_moderate_intellectual_disability
645,down_syndrome,1310,mild_intellectual_disability_and_severe_dementia_due_to_down_syndrome,10261,940,severe_dementia_mild_intellectual_disability
645,down_syndrome,1311,borderline_intellectual_disability_and_severe_dementia_due_to_down_syndrome,10262,939,severe_dementia_borderline_intellectual_disability
646,turner_syndrome,570,congenital_heart_disease_due_to_turner_syndrome,2207,574,congenital_heart_disease
646,turner_syndrome,571,primary_infertility_due_to_turner_syndrome,2208,400,infertility_primary
646,turner_syndrome,688,congenital_heart_disease_with_infertility_due_to_turner_syndrome,2653,787,congenital_heart_disease_with_primary_infertility
646,turner_syndrome,914,asymptomatic_turner_syndrome,3021,799,asymptomatic
647,klinefelter_syndrome,572,borderline_intellectual_disability_due_to_klinefelter_syndrome,2213,450,borderline_intellectual_functioning
647,klinefelter_syndrome,573,mild_intellectual_disability_due_to_klinefelter_syndrome,2214,451,intellectual_disability_mental_retardation_mild
647,klinefelter_syndrome,574,mild_intellectual_disability_with_infertility_due_to_klinefelter_syndrome,2218,774,mild_intellectual_disability_with_primary_infertility
647,klinefelter_syndrome,691,borderline_intellectual_disability_with_infertility_due_to_klinefelter_syndrome,2659,788,borderline_intellectual_disability_with_primary_infertility
647,klinefelter_syndrome,932,primary_infertility_due_to_klinefelter_syndrome,3069,400,infertility_primary
647,klinefelter_syndrome,933,asymptomatic_klinefelter_syndrome,3070,799,asymptomatic
648,other_chromosomal_abnormalities,931,asymptomatic_other_chromosomal_abnormalities,9854,799,asymptomatic
648,other_chromosomal_abnormalities,934,isolated_congenital_heart_disease_due_to_other_chromosomal_abnormalities,9855,574,congenital_heart_disease
648,other_chromosomal_abnormalities,1223,borderline_intellectual_disability_due_to_other_chromosomal_abnormalities,9843,450,borderline_intellectual_functioning
648,other_chromosomal_abnormalities,1224,mild_intellectual_disability_due_to_other_chromosomal_abnormalities,9844,451,intellectual_disability_mental_retardation_mild
648,other_chromosomal_abnormalities,1225,moderate_intellectual_disability_due_to_other_chromosomal_abnormalities,9845,452,intellectual_disability_mental_retardation_moderate
648,other_chromosomal_abnormalities,1226,severe_intellectual_disability_due_to_other_chromosomal_abnormalities,9846,453,intellectual_disability_mental_retardation_severe
648,other_chromosomal_abnormalities,1227,profound_intellectual_disability_due_to_other_chromosomal_abnormalities,9847,454,intellectual_disability_mental_retardation_profound
648,other_chromosomal_abnormalities,1228,borderline_intellectual_disability_with_congenital_heart_disease_due_to_other_chromosomal_abnormalities,9848,897,borderline_intellectual_disability_with_congenital_heart_disease
648,other_chromosomal_abnormalities,1229,mild_intellectual_disability_with_congenital_heart_disease_due_to_other_chromosomal_abnormalities,9849,898,mild_intellectual_disability_with_congenital_heart_disease
648,other_chromosomal_abnormalities,1230,moderate_intellectual_disability_with_congenital_heart_disease_due_to_other_chromosomal_abnormalities,9850,899,moderate_intellectual_disability_with_congenital_heart_disease
648,other_chromosomal_abnormalities,1231,severe_intellectual_disability_with_congenital_heart_disease_due_to_other_chromosomal_abnormalities,9851,900,severe_intellectual_disability_with_congenital_heart_disease
648,other_chromosomal_abnormalities,1232,profound_intellectual_disability_with_congenital_heart_disease_due_to_other_chromosomal_abnormalities,9852,901,profound_intellectual_disability_with_congenital_heart_disease
648,other_chromosomal_abnormalities,1240,mild_dementia_due_to_other_chromosomal_abnormalities,9948,408,dementia_mild
648,other_chromosomal_abnormalities,1241,moderate_dementia_due_to_other_chromosomal_abnormalities,9949,409,dementia_moderate
648,other_chromosomal_abnormalities,1242,severe_dementia_due_to_other_chromosomal_abnormalities,9950,410,dementia_severe
648,other_chromosomal_abnormalities,1243,congenital_heart_disease_and_mild_dementia_due_to_other_chromosomal_abnormalities,9842,911,congenital_heart_disease_and_mild_dementia
648,other_chromosomal_abnormalities,1244,congenital_heart_disease_and_moderate_dementia_due_to_other_chromosomal_abnormalities,9954,912,congenital_heart_disease_and_moderate_dementia
648,other_chromosomal_abnormalities,1245,congenital_heart_disease_and_severe_dementia_due_to_other_chromosomal_abnormalities,9955,913,congenital_heart_disease_and_severe_dementia
648,other_chromosomal_abnormalities,1282,borderline_intellectual_disability_mild_dementia_and_congenital_heart_disease_due_to_other_chromosomal_abnormalities,10187,914,congenital_heart_disease_mild_dementia_borderline_intellectual_disability
648,other_chromosomal_abnormalities,1283,mild_intellectual_disability_mild_dementia_and_congenital_heart_disease_due_to_other_chromosomal_abnormalities,10188,915,congenital_heart_disease_mild_dementia_mild_intellectual_disability
648,other_chromosomal_abnormalities,1284,moderate_intellectual_disability_mild_dementia_and_congenital_heart_disease_due_to_other_chromosomal_abnormalities,10189,916,congenital_heart_disease_mild_dementia_moderate_intellectual_disability
648,other_chromosomal_abnormalities,1285,severe_intellectual_disability_mild_dementia_and_congenital_heart_disease_due_to_other_chromosomal_abnormalities,10190,917,congenital_heart_disease_mild_dementia_severe_intellectual_disability
648,other_chromosomal_abnormalities,1286,profound_intellectual_disability_mild_dementia_and_congenital_heart_disease_due_to_other_chromosomal_abnormalities,10191,918,congenital_heart_disease_mild_dementia_profound_intellectual_disability
648,other_chromosomal_abnormalities,1287,borderline_intellectual_disability_moderate_dementia_and_congenital_heart_disease_due_to_other_chromosomal_abnormalities,10192,919,congenital_heart_disease_moderate_dementia_borderline_intellectual_disability
648,other_chromosomal_abnormalities,1288,mild_intellectual_disability_moderate_dementia_and_congenital_heart_disease_due_to_other_chromosomal_abnormalities,10193,920,congenital_heart_disease_moderate_dementia_mild_intellectual_disability
648,other_chromosomal_abnormalities,1289,moderate_intellectual_disability_moderate_dementia_and_congenital_heart_disease_due_to_other_chromosomal_abnormalities,10194,921,congenital_heart_disease_moderate_dementia_moderate_intellectual_disability
648,other_chromosomal_abnormalities,1290,severe_intellectual_disability_moderate_dementia_and_congenital_heart_disease_due_to_other_chromosomal_abnormalities,10195,922,congenital_heart_disease_moderate_dementia_severe_intellectual_disability
648,other_chromosomal_abnormalities,1291,profound_intellectual_disability_moderate_dementia_and_congenital_heart_disease_due_to_other_chromosomal_abnormalities,10196,923,congenital_heart_disease_moderate_dementia_profound_intellectual_disability
648,other_chromosomal_abnormalities,1292,borderline_intellectual_disability_severe_dementia_and_congenital_heart_disease_due_to_other_chromosomal_abnormalities,10197,924,congenital_heart_disease_severe_dementia_borderline_intellectual_disability
648,other_chromosomal_abnormalities,1293,mild_intellectual_disability_severe_dementia_and_congenital_heart_disease_due_to_other_chromosomal_abnormalities,10198,925,congenital_heart_disease_severe_dementia_mild_intellectual_disability
648,other_chromosomal_abnormalities,1294,moderate_intellectual_disability_severe_dementia_and_congenital_heart_disease_due_to_other_chromosomal_abnormalities,10199,926,congenital_heart_disease_severe_dementia_moderate_intellectual_disability
648,other_chromosomal_abnormalities,1295,severe_intellectual_disability_severe_dementia_and_congenital_heart_disease_due_to_other_chromosomal_abnormalities,10200,927,congenital_heart_disease_severe_dementia_severe_intellectual_disability
648,other_chromosomal_abnormalities,1296,profound_intellectual_disability_severe_dementia_and_congenital_heart_disease_due_to_other_chromosomal_abnormalities,10201,928,congenital_heart_disease_severe_dementia_profound_intellectual_disability
648,other_chromosomal_abnormalities,1312,profound_intellectual_disability_and_mild_dementia_due_to_other_chromosomal_abnormalities,10278,933,mild_dementia_profound_intellectual_disability
648,other_chromosomal_abnormalities,1313,severe_intellectual_disability_and_mild_dementia_due_to_other_chromosomal_abnormalities,10279,932,mild_dementia_severe_intellectual_disability
648,other_chromosomal_abnormalities,1314,moderate_intellectual_disability_and_mild_dementia_due_to_other_chromosomal_abnormalities,10280,931,mild_dementia_moderate_intellectual_disability
648,other_chromosomal_abnormalities,1315,mild_intellectual_disability_and_mild_dementia_due_to_other_chromosomal_abnormalities,10281,930,mild_dementia_mild_intellectual_disability
648,other_chromosomal_abnormalities,1316,borderline_intellectual_disability_and_mild_dementia_due_to_other_chromosomal_abnormalities,10282,929,mild_dementia_borderline_intellectual_disability
648,other_chromosomal_abnormalities,1317,profound_intellectual_disability_and_moderate_dementia_due_to_other_chromosomal_abnormalities,10283,938,moderate_dementia_profound_intellectual_disability
648,other_chromosomal_abnormalities,1318,severe_intellectual_disability_and_moderate_dementia_due_to_other_chromosomal_abnormalities,10284,937,moderate_dementia_severe_intellectual_disability
648,other_chromosomal_abnormalities,1319,moderate_intellectual_disability_and_moderate_dementia_due_to_other_chromosomal_abnormalities,10285,936,moderate_dementia_moderate_intellectual_disability
648,other_chromosomal_abnormalities,1320,mild_intellectual_disability_and_moderate_dementia_due_to_other_chromosomal_abnormalities,10286,935,moderate_dementia_mild_intellectual_disability
648,other_chromosomal_abnormalities,1321,borderline_intellectual_disability_and_moderate_dementia_due_to_other_chromosomal_abnormalities,10287,934,moderate_dementia_borderline_intellectual_disability
648,other_chromosomal_abnormalities,1322,profound_intellectual_disability_and_severe_dementia_due_to_other_chromosomal_abnormalities,10288,943,severe_dementia_profound_intellectual_disability
648,other_chromosomal_abnormalities,1323,severe_intellectual_disability_and_severe_dementia_due_to_other_chromosomal_abnormalities,10289,942,severe_dementia_severe_intellectual_disability
648,other_chromosomal_abnormalities,1324,moderate_intellectual_disability_and_severe_dementia_due_to_other_chromosomal_abnormalities,10290,941,severe_dementia_moderate_intellectual_disability
648,other_chromosomal_abnormalities,1325,mild_intellectual_disability_and_severe_dementia_due_to_other_chromosomal_abnormalities,10291,940,severe_dementia_mild_intellectual_disability
648,other_chromosomal_abnormalities,1326,borderline_intellectual_disability_and_severe_dementia_due_to_other_chromosomal_abnormalities,10292,939,severe_dementia_borderline_intellectual_disability
648,other_chromosomal_abnormalities,1898,severe_motor_and_cognitive_impairment_due_to_edward_syndrome_or_patau_syndrome,11310,570,motor_plus_cognitive_impairments_severe
648,other_chromosomal_abnormalities,1901,severe_motor_and_cognitive_impairment_with_congenital_heart_disease_due_to_edward_syndrome_or_patau_syndrome,11311,2366,severe_motor_plus_cognitive_impairments_and_congenital_heart_disease
649,congenital_musculoskeletal_and_limb_anomalies,1550,disfigurement_level_1_due_to_polydactyly_and_syndactyly,11108,553,disfigurement_level_1
649,congenital_musculoskeletal_and_limb_anomalies,1553,disfigurement_level_2_due_to_congenital_limb_deficiency,11109,554,disfigurement_level_2
649,congenital_musculoskeletal_and_limb_anomalies,1556,disfigurement_level_2_with_pain_due_to_congenital_limb_deficiency,11110,557,disfigurement_level_2_with_itch_pain
649,congenital_musculoskeletal_and_limb_anomalies,1565,disfigurement_level_2_and_mild_motor_impairment_due_to_congenital_limb_deficiency,11113,2216,level_2_disfigurement_with_mild_motor_impairment
649,congenital_musculoskeletal_and_limb_anomalies,1568,disfigurement_level_2_and_moderate_motor_impairment_due_to_congenital_limb_deficiency,11114,2219,level_2_disfigurement_with_moderate_motor_impairment
649,congenital_musculoskeletal_and_limb_anomalies,1571,disfigurement_level_2_with_pain_and_mild_motor_impairment_due_to_congenital_limb_deficiency,11115,2222,level_2_disfigurement_with_itch_pain_and_mild_motor_impairment
649,congenital_musculoskeletal_and_limb_anomalies,1574,disfigurement_level_2_with_pain_and_moderate_motor_impairment_due_to_congenital_limb_deficiency,11116,2225,level_2_disfigurement_with_itch_pain_and_moderate_motor_impairment
649,congenital_musculoskeletal_and_limb_anomalies,1577,disfigurement_level_2_due_to_other_congenital_musculoskeletal_anomalies,11117,554,disfigurement_level_2
649,congenital_musculoskeletal_and_limb_anomalies,1580,disfigurement_level_2_with_pain_due_to_other_congenital_musculoskeletal_anomalies,11118,557,disfigurement_level_2_with_itch_pain
649,congenital_musculoskeletal_and_limb_anomalies,1589,disfigurement_level_2_and_mild_motor_impairment_due_to_other_congenital_musculoskeletal_anomalies,11121,2216,level_2_disfigurement_with_mild_motor_impairment
649,congenital_musculoskeletal_and_limb_anomalies,1592,disfigurement_level_2_and_moderate_motor_impairment_due_to_other_congenital_musculoskeletal_anomalies,11122,2219,level_2_disfigurement_with_moderate_motor_impairment
649,congenital_musculoskeletal_and_limb_anomalies,1595,disfigurement_level_2_with_pain_and_mild_motor_impairment_due_to_other_congenital_musculoskeletal_anomalies,11123,2222,level_2_disfigurement_with_itch_pain_and_mild_motor_impairment
649,congenital_musculoskeletal_and_limb_anomalies,1598,disfigurement_level_2_with_pain_and_moderate_motor_impairment_due_to_other_congenital_musculoskeletal_anomalies,11124,2225,level_2_disfigurement_with_itch_pain_and_moderate_motor_impairment
650,urogenital_congenital_anomalies,1709,asymptomatic_congenital_genital_anomalies,11031,799,asymptomatic
650,urogenital_congenital_anomalies,1712,atypical_genitalia_due_to_congenital_genital_anomalies,11032,553,disfigurement_level_1
650,urogenital_congenital_anomalies,1715,primary_infertility_due_to_congenital_genital_anomalies,11033,400,infertility_primary
650,urogenital_congenital_anomalies,1718,impotence_due_to_congenital_genital_anomalies,11034,399,impotence
650,urogenital_congenital_anomalies,1721,recurrent_urinary_tract_infections_or_other_abdominal_issues_due_to_congenital_genital_anomalies,11035,544,abdominopelvic_problem_mild
650,urogenital_congenital_anomalies,1724,atypical_genital_and_recurrent_urinary_tract_infections_and_other_abdominal_issues_due_to_congenital_genital_anomalies,11036,2282,mild_abdominopelvic_problem_and_level_1_disfigurement
650,urogenital_congenital_anomalies,1727,atypical_genitalia_and_primary_infertility_due_to_congenital_genital_anomalies,11037,800,disfigurement_level_1_and_primary_infertility
650,urogenital_congenital_anomalies,1730,atypical_genitalia_and_impotence_due_to_congenital_genital_anomalies,11038,2273,level_1_disfigurement_and_impotence
650,urogenital_congenital_anomalies,1733,primary_infertility_and_recurrent_urinary_tract_infections_or_other_abdominal_issues_due_to_congenital_genital_anomalies,11039,801,mild_abdominal_pain_and_primary_infertility
650,urogenital_congenital_anomalies,1736,impotence_and_recurrent_urinary_tract_infections_or_other_abdominal_issues_due_to_congenital_genital_anomalies,11040,2264,mild_abdominopelvic_problem_and_impotence
650,urogenital_congenital_anomalies,1739,infertility_and_impotence_due_to_congenital_genital_anomalies,11041,2279,primary_infertility_and_impotence
650,urogenital_congenital_anomalies,1742,atypical_genitalia_recurrent_urinary_tract_infections_or_other_abdominal_issues_and_infertility_due_to_congenital_genital_anomalies,11042,2270,mild_abdominopelvic_problem_level_1_disfigurement_and_primary_infertility
650,urogenital_congenital_anomalies,1745,atypical_genitalia_recurrent_urinary_tract_infections_or_other_abdominal_issues_and_impotence_due_to_congenital_genital_anomalies,11043,2276,mild_abdominopelvic_problem_level_1_disfigurement_and_impotence
650,urogenital_congenital_anomalies,1748,atypical_genitalia_infertility_and_impotence_due_to_congenital_genital_anomalies,11044,2270,mild_abdominopelvic_problem_level_1_disfigurement_and_primary_infertility
650,urogenital_congenital_anomalies,1751,infertility_impotence_and_recurrent_urinary_tract_infections_or_other_abdominal_issues_and_impotence_due_to_congenital_genital_anomalies,11045,2261,mild_abdominopelvic_problem_primary_infertility_and_impotence
650,urogenital_congenital_anomalies,1754,atypical_genitalia_infertility_impotence_and_recurrent_urinary_tract_infections_or_other_abdominal_issues_and_impotence_due_to_congenital_genital_anomalies,11046,2258,mild_abdominopelvic_problem_primary_infertility_impotence_and_level_1_disfigurement
650,urogenital_congenital_anomalies,1850,asymptomatic_congenital_anomalies_of_the_urinary_tract,11361,799,asymptomatic
650,urogenital_congenital_anomalies,1853,atypical_genitalia_due_to_congenital_anomalies_of_the_urinary_tract,11362,553,disfigurement_level_1
650,urogenital_congenital_anomalies,1856,incontinence_due_to_congenital_anomalies_of_the_urinary_tract,11363,398,urinary_incontinence
650,urogenital_congenital_anomalies,1859,impotence_due_to_congenital_anomalies_of_the_urinary_tract,11364,399,impotence
650,urogenital_congenital_anomalies,1862,recurrent_urinary_tract_infections_or_other_abdominal_issues_due_to_congenital_anomalies_of_the_urinary_tract,11365,544,abdominopelvic_problem_mild
650,urogenital_congenital_anomalies,1865,atypical_genital_and_recurrent_urinary_tract_infections_and_other_abdominal_issues_due_to_congenital_anomalies_of_the_urinary_tract,11366,2282,mild_abdominopelvic_problem_and_level_1_disfigurement
650,urogenital_congenital_anomalies,1868,atypical_genitalia_and_incontinence_due_to_congenital_anomalies_of_the_urinary_tract,11367,2282,mild_abdominopelvic_problem_and_level_1_disfigurement
650,urogenital_congenital_anomalies,1871,atypical_genitalia_and_impotence_due_to_congenital_anomalies_of_the_urinary_tract,11368,2273,level_1_disfigurement_and_impotence
650,urogenital_congenital_anomalies,1874,incontinence_and_recurrent_urinary_tract_infections_or_other_abdominal_issues_due_to_congenital_anomalies_of_the_urinary_tract,11369,2351,level_1_disfigurement_and_urinary_incontinence
650,urogenital_congenital_anomalies,1877,impotence_and_recurrent_urinary_tract_infections_or_other_abdominal_issues_due_to_congenital_anomalies_of_the_urinary_tract,11370,2264,mild_abdominopelvic_problem_and_impotence
650,urogenital_congenital_anomalies,1880,incontinence_and_impotence_due_to_congenital_anomalies_of_the_urinary_tract,11371,2354,urinary_incontinence_and_impotence
650,urogenital_congenital_anomalies,1883,atypical_genitalia_recurrent_urinary_tract_infections_or_other_abdominal_issues_and_incontinence_due_to_congenital_anomalies_of_the_urinary_tract,11372,2357,mild_abdominopelvic_problem_urinary_incontinence_and_level_1_disfigurement
650,urogenital_congenital_anomalies,1886,atypical_genitalia_recurrent_urinary_tract_infections_or_other_abdominal_issues_and_impotence_due_to_congenital_anomalies_of_the_urinary_tract,11373,2276,mild_abdominopelvic_problem_level_1_disfigurement_and_impotence
650,urogenital_congenital_anomalies,1889,atypical_genitalia_incontinence_and_impotence_due_to_congenital_anomalies_of_the_urinary_tract,11374,2357,mild_abdominopelvic_problem_urinary_incontinence_and_level_1_disfigurement
650,urogenital_congenital_anomalies,1892,incontinence_impotence_and_recurrent_urinary_tract_infections_or_other_abdominal_issues_and_impotence_due_to_congenital_anomalies_of_the_urinary_tract,11375,2360,mild_abdominopelvic_problem_urinary_incontinence_and_impotence
650,urogenital_congenital_anomalies,1895,atypical_genitalia_incontinence_impotence_and_recurrent_urinary_tract_infections_or_other_abdominal_issues_and_impotence_due_to_congenital_anomalies_of_the_urinary_tract,11376,2363,mild_abdominopelvic_problem_urinary_incontinence_impotence_and_level_1_disfigurement
651,digestive_congenital_anomalies,1601,asymptomatic_congenital_diaphragmatic_hernia,11077,799,asymptomatic
651,digestive_congenital_anomalies,1604,chronic_abdominal_pain_due_to_congenital_diaphragmatic_hernia,11078,544,abdominopelvic_problem_mild
651,digestive_congenital_anomalies,1607,disfigurement_due_to_congenital_diaphragmatic_hernia,11079,553,disfigurement_level_1
651,digestive_congenital_anomalies,1610,mild_chronic_respiratory_problems_and_breathlessness_due_to_congenital_diaphragmatic_hernia,11080,405,copd_and_other_chronic_respiratory_problems_mild
651,digestive_congenital_anomalies,1613,developmental_delay_or_mild_intellectual_disability_due_to_congenital_diaphragmatic_hernia,11081,451,intellectual_disability_mental_retardation_mild
651,digestive_congenital_anomalies,1616,chronic_abdominal_pain_and_disfigurement_due_to_congenital_diaphragmatic_hernia,11082,2228,level_1_disfigurement_with_itch_pain_and_mild_abdominopelvic_problem
651,digestive_congenital_anomalies,1619,chronic_abdominal_pain_and_mild_chronic_respiratory_problems_due_to_congenital_diaphragmatic_hernia,11083,2231,mild_abdominopelvic_problem_and_mild_copd_and_other_chronic_respiratory_problems
651,digestive_congenital_anomalies,1622,chronic_abdominal_pain_and_developmental_delay_due_to_congenital_diaphragmatic_hernia,11084,2234,mild_abdominopelvic_problem_and_mild_intellectual_disability
651,digestive_congenital_anomalies,1625,disfigurement_and_mild_chronic_respiratory_problems_due_to_congenital_diaphragmatic_hernia,11085,2237,level_1_disfigurement_with_itch_pain_and_mild_copd_and_other_chronic_respiratory_problems
651,digestive_congenital_anomalies,1628,disfigurement_and_developmental_delay_due_to_congenital_diaphragmatic_hernia,11086,2240,level_1_disfigurement_with_itch_pain_and_mild_intellectual_disability
651,digestive_congenital_anomalies,1631,_mild_chronic_respiratory_problems_and_developmental_delay_due_to_congenital_diaphragmatic_hernia,11087,2243,mild_intellectual_disability_and_mild_copd_and_other_chronic_respiratory_problem
651,digestive_congenital_anomalies,1634,chronic_abdominal_pain_disfigurement_and_chronic_respiratory_problems_due_to_congenital_diaphragmatic_hernia,11088,2246,mild_abdominopelvic_problem_mild_copd_and_other_chronic_respiratory_problems_and_level_1_disfigurement_with_itch_pain
651,digestive_congenital_anomalies,1637,chronic_abdominal_pain_disfigurement_and_developmental_delay_due_to_congenital_diaphragmatic_hernia,11089,2249,mild_abdominopelvic_problem_mild_intellectual_disability_and_level_1_disfigurement_with_itch_pain
651,digestive_congenital_anomalies,1640,chronic_abdominal_pain_chronic_respiratory_problems_and_developmental_delay_due_to_congenital_diaphragmatic_hernia,11090,2246,mild_abdominopelvic_problem_mild_copd_and_other_chronic_respiratory_problems_and_level_1_disfigurement_with_itch_pain
651,digestive_congenital_anomalies,1643,disfigurement_chronic_respiratory_problems_and_developmental_delay_due_to_congenital_diaphragmatic_hernia,11091,2252,mild_copd_and_other_chronic_respiratory_problems_mild_intellectual_disability_and_level_1_disfigurement_with_itch_pain
651,digestive_congenital_anomalies,1646,chronic_abdominal_pain_disfigurement_developmental_delay_and_chronic_respiratory_problems_due_to_congenital_diaphragmatic_hernia,11092,2255,mild_abdominopelvic_problem_mild_copd_and_other_chronic_respiratory_problems_mild_intellectual_disability_and_level_1_disfigurement_with_itch_pain
651,digestive_congenital_anomalies,1649,asymptomatic_congenital_atresia_and_or_stenosis_of_the_digestive_tract,11154,799,asymptomatic
651,digestive_congenital_anomalies,1652,dysphagia_or_acid_reflux_due_to_congenital_atresia_and_or_stenosis_of_the_digestive_tract,11155,544,abdominopelvic_problem_mild
651,digestive_congenital_anomalies,1655,chronic_abdominal_pain_due_to_congenital_atresia_and_or_stenosis_of_the_digestive_tract,11156,545,abdominopelvic_problem_moderate
651,digestive_congenital_anomalies,1658,chronic_respiratory_problems_including_difficulty_breaking_and_recurrent_upper_respiratory_infections_due_to_atresia_and_or_stenosis_of_the_digestive_tract,11157,405,copd_and_other_chronic_respiratory_problems_mild
651,digestive_congenital_anomalies,1661,chronic_respiratory_problems_and_dysphagia_or_acid_reflux_due_to_congenital_atresia_and_or_stenosis_of_the_digestive_tract,11158,2231,mild_abdominopelvic_problem_and_mild_copd_and_other_chronic_respiratory_problems
651,digestive_congenital_anomalies,1664,chronic_respiratory_problems_and_abdominal_pain_due_to_congenital_atresia_and_or_stenosis_of_the_digestive_tract,11159,2231,mild_abdominopelvic_problem_and_mild_copd_and_other_chronic_respiratory_problems
651,digestive_congenital_anomalies,1667,dysphagia_or_acid_reflux_and_chronic_abdominal_pain_due_to_congenital_atresia_and_or_stenosis_of_the_digestive_tract,11160,2291,mild_abdominopelvic_problem_and_moderate_abdominopelvic_problem
651,digestive_congenital_anomalies,1670,dysphagia_or_acid_reflux_chronic_abdominal_pain_and_chronic_respiratory_problems_due_to_congenital_atresia_and_or_stenosis_of_the_digestive_tract,11161,2288,mild_abdominopelvic_problem_moderate_abdominopelvic_problem_and_mild_copd_and_other_chronic_respiratory_problems
651,digestive_congenital_anomalies,1673,asymptomatic_congenital_malformations_of_the_abdominal_wall_after_treatment,11162,799,asymptomatic
651,digestive_congenital_anomalies,1676,disfigurement_from_scars_following_treatment_for_congenital_malformations_of_the_abdominal_wall,11163,553,disfigurement_level_1
651,digestive_congenital_anomalies,1679,constipation_due_to_congenital_malformations_of_the_abdominal_wall,11164,545,abdominopelvic_problem_moderate
651,digestive_congenital_anomalies,1682,chronic_abdominal_pain_due_to_congenital_malformations_of_the_abdominal_wall,11165,544,abdominopelvic_problem_mild
651,digestive_congenital_anomalies,1685,constipation_and_concern_about_scars_due_to_congenital_malformations_of_the_abdominal_wall,11166,2282,mild_abdominopelvic_problem_and_level_1_disfigurement
651,digestive_congenital_anomalies,1688,chronic_abdominal_pain_and_concern_about_scars_due_to_congenital_malformations_of_the_abdominal_wall,11167,2267,moderate_abdominopelvic_problem_and_level_1_disfigurement
651,digestive_congenital_anomalies,1691,constipation_and_chronic_abdominal_pain_due_to_congenital_malformations_of_the_abdominal_wall,11168,2291,mild_abdominopelvic_problem_and_moderate_abdominopelvic_problem
651,digestive_congenital_anomalies,1694,constipation_chronic_abdominal_pain_and_concern_about_scars_due_to_congenital_malformations_of_the_abdominal_wall,11169,2285,mild_abdominopelvic_problem_moderate_abdominopelvic_problem_and_level_1_disfigurement
651,digestive_congenital_anomalies,1697,asymptomatic_other_congenital_malformations_of_the_digestive_tract,11170,799,asymptomatic
651,digestive_congenital_anomalies,1700,acid_reflux_dyspahgia_and_or_constipation_due_to_other_congenital_malformations_of_the_digestive_tract,11171,544,abdominopelvic_problem_mild
651,digestive_congenital_anomalies,1703,chronic_abdominal_pain_and_or_nausea_due_to_other_congenital_malformations_of_the_digestive_tract,11172,545,abdominopelvic_problem_moderate
651,digestive_congenital_anomalies,1706,chronic_abdominal_pain_and_or_nausea_with_acid_reflux_dyspahgia_and_or_constipation_due_to_other_congenital_malformations_of_the_digestive_tract,11173,2291,mild_abdominopelvic_problem_and_moderate_abdominopelvic_problem
652,other_congenital_birth_defects,576,mild_hearing_loss_due_to_other_congenital_anomalies,2235,455,hearing_loss_mild
652,other_congenital_birth_defects,577,mild_hearing_loss_with_ringing_due_to_other_congenital_anomalies,2236,460,hearing_loss_mild_with_ringing
652,other_congenital_birth_defects,578,moderate_hearing_loss_due_to_other_congenital_anomalies,2237,456,hearing_loss_moderate
652,other_congenital_birth_defects,579,moderate_hearing_loss_with_ringing_due_to_other_congenital_anomalies,2238,461,hearing_loss_moderate_with_ringing
652,other_congenital_birth_defects,580,severe_hearing_loss_with_ringing_due_to_other_congenital_anomalies,2239,462,hearing_loss_severe_with_ringing
652,other_congenital_birth_defects,581,severe_hearing_loss_due_to_other_congenital_anomalies,2240,457,hearing_loss_severe
652,other_congenital_birth_defects,582,complete_hearing_loss_due_to_other_congenital_anomalies,2241,459,hearing_loss_complete
652,other_congenital_birth_defects,583,complete_hearing_loss_with_ringing_due_to_other_congenital_anomalies,2242,464,hearing_loss_complete_with_ringing
652,other_congenital_birth_defects,584,moderately_severe_hearing_loss_due_to_other_congenital_anomalies,2243,575,hearing_loss_moderately_severe
652,other_congenital_birth_defects,585,moderately_severe_hearing_loss_with_ringing_due_to_other_congenital_anomalies,2244,576,hearing_loss_moderately_severe_with_ringing
652,other_congenital_birth_defects,586,profound_hearing_loss_due_to_other_congenital_anomalies,2245,458,hearing_loss_profound
652,other_congenital_birth_defects,587,profound_hearing_loss_with_ringing_due_to_other_congenital_anomalies,2246,463,hearing_loss_profound_with_ringing
652,other_congenital_birth_defects,5162,other_congenital_birth_defects,16427,639,post_como_calculation_for_residuals_yll_yld_ratio_other_methods
655,psoriasis,591,mild_psoriasis,2252,556,disfigurement_level_1_with_itch_pain
655,psoriasis,592,moderate_psoriasis,2253,557,disfigurement_level_2_with_itch_pain
655,psoriasis,593,severe_psoriasis,2254,558,disfigurement_level_3_with_itch_pain
656,cellulitis,969,mild_cellulitis,3125,351,infectious_disease_acute_episode_mild
656,cellulitis,970,severe_cellulitis,3126,353,infectious_disease_acute_episode_severe
656,cellulitis,4628,moderate_cellulitis,16299,352,infectious_disease_acute_episode_moderate
657,pyoderma,594,impetigo,2258,351,infectious_disease_acute_episode_mild
657,pyoderma,595,abscess_and_other_bacterial_skin_diseases,2261,351,infectious_disease_acute_episode_mild
658,scabies,596,scabies,2262,556,disfigurement_level_1_with_itch_pain
659,fungal_skin_diseases,597,tinea_capitis,2265,351,infectious_disease_acute_episode_mild
659,fungal_skin_diseases,672,other_fungal_skin_diseases,2616,351,infectious_disease_acute_episode_mild
660,viral_skin_diseases,598,mild_viral_warts,2270,351,infectious_disease_acute_episode_mild
660,viral_skin_diseases,599,severe_viral_warts,2272,554,disfigurement_level_2
660,viral_skin_diseases,900,mild_molluscum_contagiosum,2984,351,infectious_disease_acute_episode_mild
660,viral_skin_diseases,901,severe_molluscum_contagiosum,2985,554,disfigurement_level_2
661,acne_vulgaris,4619,mild_acne_vulgaris,16296,553,disfigurement_level_1
661,acne_vulgaris,4622,moderate_acne_vulgaris,16297,554,disfigurement_level_2
661,acne_vulgaris,4625,severe_acne_vulgaris,16298,555,disfigurement_level_3
661,acne_vulgaris,5618,non_disabling_symptomatic_acne,20010,553,disfigurement_level_1
662,alopecia_areata,601,mild_alopecia_areata,2277,553,disfigurement_level_1
662,alopecia_areata,602,severe_alopecia_areata,2278,554,disfigurement_level_2
663,pruritus,603,pruritus,2280,553,disfigurement_level_1
664,urticaria,604,mild_urticaria,2284,556,disfigurement_level_1_with_itch_pain
664,urticaria,605,severe_urticaria,2285,557,disfigurement_level_2_with_itch_pain
665,decubitus_ulcer,606,mild_decubitus_ulcer,2287,556,disfigurement_level_1_with_itch_pain
665,decubitus_ulcer,607,moderate_decubitus_ulcer,2288,557,disfigurement_level_2_with_itch_pain
665,decubitus_ulcer,608,severe_decubitus_ulcer,2289,558,disfigurement_level_3_with_itch_pain
668,other_skin_and_subcutaneous_diseases,898,asymptomatic_other_skin_and_subcutaneous_diseases,2981,799,asymptomatic
668,other_skin_and_subcutaneous_diseases,899,symptomatic_other_skin_and_subcutaneous_diseases,2982,553,disfigurement_level_1
670,glaucoma,609,moderate_vision_impairment_due_to_glaucoma,2292,466,distance_vision_moderate_impairment
670,glaucoma,610,severe_vision_impairment_due_to_glaucoma,2293,467,distance_vision_severe_impairment
670,glaucoma,611,blindness_due_to_glaucoma,3917,468,distance_vision_blindness
671,cataract,612,moderate_vision_impairment_due_to_cataract,2297,466,distance_vision_moderate_impairment
671,cataract,613,severe_vision_impairment_due_to_cataract,2298,467,distance_vision_severe_impairment
671,cataract,614,blindness_due_to_cataract,3920,468,distance_vision_blindness
672,age_related_macular_degeneration,615,moderate_vision_impairment_due_to_macular_degeneration,2302,466,distance_vision_moderate_impairment
672,age_related_macular_degeneration,616,severe_vision_impairment_due_to_macular_degeneration,2303,467,distance_vision_severe_impairment
672,age_related_macular_degeneration,617,blindness_due_to_macular_degeneration,3923,468,distance_vision_blindness
674,age_related_and_other_hearing_loss,621,mild_hearing_loss_due_to_age_related_and_other_hearing_loss,2312,455,hearing_loss_mild
674,age_related_and_other_hearing_loss,622,mild_hearing_loss_with_ringing_due_to_age_related_and_other_hearing_loss,2313,460,hearing_loss_mild_with_ringing
674,age_related_and_other_hearing_loss,623,moderate_hearing_loss_due_to_age_related_and_other_hearing_loss,2314,456,hearing_loss_moderate
674,age_related_and_other_hearing_loss,624,moderate_hearing_loss_with_ringing_due_to_age_related_and_other_hearing_loss,2315,461,hearing_loss_moderate_with_ringing
674,age_related_and_other_hearing_loss,625,moderately_severe_hearing_loss_due_to_age_related_and_other_hearing_loss,2316,575,hearing_loss_moderately_severe
674,age_related_and_other_hearing_loss,626,moderately_severe_hearing_loss_with_ringing_due_to_age_related_and_other_hearing_loss,2317,576,hearing_loss_moderately_severe_with_ringing
674,age_related_and_other_hearing_loss,627,severe_hearing_loss_with_ringing_due_to_age_related_and_other_hearing_loss,2318,462,hearing_loss_severe_with_ringing
674,age_related_and_other_hearing_loss,628,severe_hearing_loss_due_to_age_related_and_other_hearing_loss,2319,457,hearing_loss_severe
674,age_related_and_other_hearing_loss,629,profound_hearing_loss_due_to_age_related_and_other_hearing_loss,2320,458,hearing_loss_profound
674,age_related_and_other_hearing_loss,630,profound_hearing_loss_with_ringing_due_to_age_related_and_other_hearing_loss,2321,463,hearing_loss_profound_with_ringing
674,age_related_and_other_hearing_loss,631,complete_hearing_loss_due_to_age_related_and_other_hearing_loss,2322,459,hearing_loss_complete
674,age_related_and_other_hearing_loss,632,complete_hearing_loss_with_ringing_due_to_age_related_and_other_hearing_loss,2323,464,hearing_loss_complete_with_ringing
675,other_vision_loss_internal,634,moderate_vision_impairment_due_to_other_vision_loss,2326,466,distance_vision_moderate_impairment
675,other_vision_loss_internal,635,severe_vision_impairment_due_to_other_vision_loss,2327,467,distance_vision_severe_impairment
675,other_vision_loss_internal,636,blindness_due_to_other_vision_loss,3926,468,distance_vision_blindness
679,other_sense_organ_diseases,1333,asymptomatic_acute_other_sense_organ_diseases,10311,799,asymptomatic
679,other_sense_organ_diseases,1334,mild_acute_other_sense_organ_diseases,10312,351,infectious_disease_acute_episode_mild
679,other_sense_organ_diseases,1335,moderate_acute_other_sense_organ_diseases,10313,352,infectious_disease_acute_episode_moderate
679,other_sense_organ_diseases,1337,asymptomatic_chronic_other_sense_organ_diseases,10315,799,asymptomatic
679,other_sense_organ_diseases,1339,mild_chronic_other_sense_organ_diseases,10317,553,disfigurement_level_1
679,other_sense_organ_diseases,1340,moderate_chronic_other_sense_organ_diseases,10318,823,vertigo
681,caries_of_deciduous_teeth,662,pain_due_to_caries_of_deciduous_teeth,2582,551,dental_caries_symptomatic
681,caries_of_deciduous_teeth,943,asymptomatic_caries_of_deciduous_teeth,3091,799,asymptomatic
682,caries_of_permanent_teeth,663,pain_due_to_caries_of_permanent_teeth,2583,551,dental_caries_symptomatic
682,caries_of_permanent_teeth,944,asymptomatic_caries_of_permanent_teeth,3092,799,asymptomatic
683,periodontal_diseases,936,chronic_periodontal_diseases,3083,550,periodontitis
684,edentulism,664,difficulty_eating_due_to_edentulism_and_severe_tooth_loss,2584,552,severe_tooth_loss
684,edentulism,945,asymptomatic_edentulism_and_severe_tooth_loss,3093,799,asymptomatic
685,other_oral_disorders,1048,mild_other_oral_disorders,3252,351,infectious_disease_acute_episode_mild
685,other_oral_disorders,1049,severe_other_oral_disorders,3253,352,infectious_disease_acute_episode_moderate
837,thalassemias_trait,645,mild_anemia_due_to_b_thalassemia_trait,2485,547,anemia_mild
837,thalassemias_trait,646,moderate_anemia_due_to_b_thalassemia_trait,2486,548,anemia_moderate
837,thalassemias_trait,647,severe_anemia_due_to_b_thalassemia_trait,2487,549,anemia_severe
837,thalassemias_trait,648,mild_anemia_due_to_hemoglobin_e_trait,2489,547,anemia_mild
837,thalassemias_trait,649,moderate_anemia_due_to_hemoglobin_e_trait,2490,548,anemia_moderate
837,thalassemias_trait,650,severe_anemia_due_to_hemoglobin_e_trait,2491,549,anemia_severe
837,thalassemias_trait,1050,asymptomatic_b_thalassemia_trait,3255,799,asymptomatic
837,thalassemias_trait,1051,asymptomatic_hemoglobin_e_trait,3256,799,asymptomatic
838,sickle_cell_trait,651,mild_anemia_due_to_sickle_cell_trait,2502,547,anemia_mild
838,sickle_cell_trait,652,moderate_anemia_due_to_sickle_cell_trait,2503,548,anemia_moderate
838,sickle_cell_trait,653,severe_anemia_due_to_sickle_cell_trait,2504,549,anemia_severe
838,sickle_cell_trait,1052,asymptomatic_sickle_cell_trait,3257,799,asymptomatic
839,g6pd_trait,654,hemizygous_g6pd_deficiency_with_mild_anemia,2506,547,anemia_mild
839,g6pd_trait,655,hemizygous_g6pd_deficiency_with_moderate_anemia,2507,548,anemia_moderate
839,g6pd_trait,656,hemizygous_g6pd_deficiency_with_severe_anemia,2508,549,anemia_severe
839,g6pd_trait,1053,hemizygous_g6pd_deficiency_asymptomatic,3258,799,asymptomatic
843,ebola,1184,ebola_cases,9668,353,infectious_disease_acute_episode_severe
843,ebola,1185,post_ebola_chronic_fatigue_syndrome,9669,354,infectious_disease_post_acute_consequences_fatigue_emotional_lability_insomnia
845,acute_lymphoid_leukemia,1186,diagnosis_and_primary_therapy_phase_of_acute_lymphoid_leukemia,9476,368,cancer_diagnosis_and_primary_therapy
845,acute_lymphoid_leukemia,1190,controlled_phase_of_acute_lymphoid_leukemia,9477,559,generic_uncomplicated_disease_worry_and_daily_medication
845,acute_lymphoid_leukemia,1194,metastatic_phase_of_acute_lymphoid_leukemia,9478,369,cancer_metastatic
845,acute_lymphoid_leukemia,1198,terminal_phase_of_acute_lymphoid_leukemia,9479,372,terminal_phase_with_medication_for_cancers_end_stage_kidney_liver_disease
846,chronic_lymphoid_leukemia,1188,diagnosis_and_primary_therapy_phase_of_chronic_lymphoid_leukemia,9481,368,cancer_diagnosis_and_primary_therapy
846,chronic_lymphoid_leukemia,1192,controlled_phase_of_chronic_lymphoid_leukemia,9482,559,generic_uncomplicated_disease_worry_and_daily_medication
846,chronic_lymphoid_leukemia,1196,metastatic_phase_of_chronic_lymphoid_leukemia,9483,369,cancer_metastatic
846,chronic_lymphoid_leukemia,1200,terminal_phase_of_chronic_lymphoid_leukemia,9484,372,terminal_phase_with_medication_for_cancers_end_stage_kidney_liver_disease
847,acute_myeloid_leukemia,1187,diagnosis_and_primary_therapy_phase_of_acute_myeloid_leukemia,9486,368,cancer_diagnosis_and_primary_therapy
847,acute_myeloid_leukemia,1191,controlled_phase_of_acute_myeloid_leukemia,9487,559,generic_uncomplicated_disease_worry_and_daily_medication
847,acute_myeloid_leukemia,1195,metastatic_phase_of_acute_myeloid_leukemia,9488,369,cancer_metastatic
847,acute_myeloid_leukemia,1199,terminal_phase_of_acute_myeloid_leukemia,9489,372,terminal_phase_with_medication_for_cancers_end_stage_kidney_liver_disease
848,chronic_myeloid_leukemia,1189,diagnosis_and_primary_therapy_phase_of_chronic_myeloid_leukemia,9491,368,cancer_diagnosis_and_primary_therapy
848,chronic_myeloid_leukemia,1193,controlled_phase_of_chronic_myeloid_leukemia,9492,559,generic_uncomplicated_disease_worry_and_daily_medication
848,chronic_myeloid_leukemia,1197,metastatic_phase_of_chronic_myeloid_leukemia,9493,369,cancer_metastatic
848,chronic_myeloid_leukemia,1201,terminal_phase_of_chronic_myeloid_leukemia,9494,372,terminal_phase_with_medication_for_cancers_end_stage_kidney_liver_disease
849,non_melanoma_skin_cancer_squamous_cell_carcinoma,2039,mild_disfigurement_due_to_squamous_cell_carcinoma,11519,553,disfigurement_level_1
849,non_melanoma_skin_cancer_squamous_cell_carcinoma,2042,moderate_disfigurement_due_to_squamous_cell_carcinoma,11520,554,disfigurement_level_2
849,non_melanoma_skin_cancer_squamous_cell_carcinoma,2045,severe_disfigurement_due_to_squamous_cell_carcinoma,11521,558,disfigurement_level_3_with_itch_pain
850,non_melanoma_skin_cancer_basal_cell_carcinoma,657,disfigurement_due_to_basal_cell_carcinoma,2514,553,disfigurement_level_1
850,non_melanoma_skin_cancer_basal_cell_carcinoma,7226,basal_cell_carcinoma_without_disfigurement,9757,799,asymptomatic
934,drug_susceptible_tuberculosis,1493,drug_susceptible_tuberculosis,10829,366,tuberculosis_not_hiv_infected
935,zika_virus,1511,acute_zika_infection,10401,352,infectious_disease_acute_episode_moderate
935,zika_virus,1514,guillain_barre_syndrome_due_to_zika_infection,10402,540,spinal_cord_lesion_below_neck_level_treated
935,zika_virus,1517,congenital_zika_syndrome,10403,785,severe_motor_plus_cognitive_impairment_with_epilepsy
935,zika_virus,1520,asymptomatic_zika_infection,11028,799,asymptomatic
936,guinea_worm_disease,2204,mild_pain_due_to_guinea_worm_emergence,11647,556,disfigurement_level_1_with_itch_pain
936,guinea_worm_disease,5537,moderate_pain_and_limited_mobility_due_to_guinea_worm,19838,479,musculoskeletal_problems_lower_limbs_moderate
938,alcoholic_cardiomyopathy,1532,mild_heart_failure_due_to_alcoholic_cardiomyopathy,11219,381,heart_failure_mild
938,alcoholic_cardiomyopathy,1535,moderate_heart_failure_due_to_alcoholic_cardiomyopathy,11220,382,heart_failure_moderate
938,alcoholic_cardiomyopathy,1538,severe_heart_failure_due_to_alcoholic_cardiomyopathy,11221,383,heart_failure_severe
938,alcoholic_cardiomyopathy,5729,controlled_medically_managed_heart_failure_due_to_alcoholic_cardiomyopathy,20066,559,generic_uncomplicated_disease_worry_and_daily_medication
942,myocarditis,409,acute_myocarditis,1855,352,infectious_disease_acute_episode_moderate
942,myocarditis,1523,mild_heart_failure_due_to_myocarditis,11216,381,heart_failure_mild
942,myocarditis,1526,moderate_heart_failure_due_to_myocarditis,11217,382,heart_failure_moderate
942,myocarditis,1529,severe_heart_failure_due_to_myocarditis,11218,383,heart_failure_severe
942,myocarditis,5753,controlled_medically_managed_heart_failure_due_to_myocarditis,20067,559,generic_uncomplicated_disease_worry_and_daily_medication
943,other_leukemia,1481,metastatic_phase_of_other_leukemia,10739,369,cancer_metastatic
943,other_leukemia,1484,diagnosis_and_primary_therapy_phase_of_other_leukemia,10737,368,cancer_diagnosis_and_primary_therapy
943,other_leukemia,1487,terminal_phase_of_other_leukemia,18821,372,terminal_phase_with_medication_for_cancers_end_stage_kidney_liver_disease
943,other_leukemia,1490,controlled_phase_of_other_leukemia,10738,559,generic_uncomplicated_disease_worry_and_daily_medication
944,other_cardiomyopathy,1541,mild_heart_failure_due_to_other_cardiomyopathy,11222,381,heart_failure_mild
944,other_cardiomyopathy,1544,moderate_heart_failure_due_to_other_cardiomyopathy,11223,382,heart_failure_moderate
944,other_cardiomyopathy,1547,severe_heart_failure_due_to_other_cardiomyopathy,11224,383,heart_failure_severe
944,other_cardiomyopathy,5756,controlled_medically_managed_heart_failure_due_to_other_cardiomyopathy,20068,559,generic_uncomplicated_disease_worry_and_daily_medication
946,multidrug_resistant_tuberculosis_without_extensive_drug_resistance,1496,multidrug_resistant_tuberculosis_without_extensive_drug_resistance,10830,366,tuberculosis_not_hiv_infected
947,extensively_drug_resistant_tuberculosis,1499,extensively_drug_resistant_tuberculosis,10831,366,tuberculosis_not_hiv_infected
948,hiv_aids_drug_susceptible_tuberculosis,5099,hiv_aids_drug_susceptible_tuberculosis_with_mild_anemia,16337,2561,tuberculosis_hiv_infected_and_anemia_mild
948,hiv_aids_drug_susceptible_tuberculosis,5102,hiv_aids_drug_susceptible_tuberculosis_with_moderate_anemia,16338,2564,tuberculosis_hiv_infected_and_anemia_moderate
948,hiv_aids_drug_susceptible_tuberculosis,5105,hiv_aids_drug_susceptible_tuberculosis_with_severe_anemia,16339,2567,tuberculosis_hiv_infected_and_anemia_severe
948,hiv_aids_drug_susceptible_tuberculosis,5108,hiv_aids_drug_susceptible_tuberculosis_without_anemia,16340,367,tuberculosis_hiv_infected
949,hiv_aids_multidrug_resistant_tuberculosis_without_extensive_drug_resistance,5111,hiv_aids_multidrug_resistant_tuberculosis_without_extensive_drug_resistance_with_mild_anemia,16341,2561,tuberculosis_hiv_infected_and_anemia_mild
949,hiv_aids_multidrug_resistant_tuberculosis_without_extensive_drug_resistance,5114,hiv_aids_multidrug_resistant_tuberculosis_without_extensive_drug_resistance_with_moderate_anemia,16342,2564,tuberculosis_hiv_infected_and_anemia_moderate
949,hiv_aids_multidrug_resistant_tuberculosis_without_extensive_drug_resistance,5117,hiv_aids_multidrug_resistant_tuberculosis_without_extensive_drug_resistance_with_severe_anemia,16343,2567,tuberculosis_hiv_infected_and_anemia_severe
949,hiv_aids_multidrug_resistant_tuberculosis_without_extensive_drug_resistance,5120,hiv_aids_multidrug_resistant_tuberculosis_without_extensive_drug_resistance_without_anemia,16344,367,tuberculosis_hiv_infected
950,hiv_aids_extensively_drug_resistant_tuberculosis,5123,hiv_aids_extensively_drug_resistant_tuberculosis_with_mild_anemia,16345,2561,tuberculosis_hiv_infected_and_anemia_mild
950,hiv_aids_extensively_drug_resistant_tuberculosis,5126,hiv_aids_extensively_drug_resistant_tuberculosis_with_moderate_anemia,16346,2564,tuberculosis_hiv_infected_and_anemia_moderate
950,hiv_aids_extensively_drug_resistant_tuberculosis,5129,hiv_aids_extensively_drug_resistant_tuberculosis_with_severe_anemia,16347,2567,tuberculosis_hiv_infected_and_anemia_severe
950,hiv_aids_extensively_drug_resistant_tuberculosis,5132,hiv_aids_extensively_drug_resistant_tuberculosis_without_anemia,16348,367,tuberculosis_hiv_infected
954,latent_tuberculosis_infection,2192,latent_tuberculosis_infection,24730,799,asymptomatic
959,invasive_non_typhoidal_salmonella_ints,5555,severe_acute_ints,19680,353,infectious_disease_acute_episode_severe
964,myelodysplastic_myeloproliferative_and_other_hematopoietic_neoplasms,5405,myelodysplastic_myeloproliferative_and_other_hematopoietic_neoplasms,18759,559,generic_uncomplicated_disease_worry_and_daily_medication
965,benign_and_in_situ_intestinal_neoplasms,5408,benign_and_in_situ_intestinal_neoplasms,18760,799,asymptomatic
966,benign_and_in_situ_cervical_and_uterine_neoplasms,5411,benign_and_in_situ_cervical_and_uterine_neoplasms,18761,799,asymptomatic
967,other_benign_and_in_situ_neoplasms_internal,5414,other_benign_and_in_situ_neoplasms,18762,799,asymptomatic
968,non_rheumatic_calcific_aortic_valve_disease,5285,calcific_aortic_valve_disease_after_valve_intervention,19578,559,generic_uncomplicated_disease_worry_and_daily_medication
968,non_rheumatic_calcific_aortic_valve_disease,5288,asymptomatic_calcific_aortic_valve_disease,19386,799,asymptomatic
968,non_rheumatic_calcific_aortic_valve_disease,5291,mild_heart_failure_due_to_calcific_aortic_valve_disease,19579,381,heart_failure_mild
968,non_rheumatic_calcific_aortic_valve_disease,5294,moderate_heart_failure_due_to_calcific_aortic_valve_disease,19580,382,heart_failure_moderate
968,non_rheumatic_calcific_aortic_valve_disease,5297,severe_heart_failure_due_to_calcific_aortic_valve_disease,19581,383,heart_failure_severe
968,non_rheumatic_calcific_aortic_valve_disease,5732,controlled_medically_managed_heart_failure_due_to_calcific_aortic_valve_disease,20069,559,generic_uncomplicated_disease_worry_and_daily_medication
969,non_rheumatic_degenerative_mitral_valve_disease,5300,degenerative_mitral_valve_disease_after_valve_intervention,19582,559,generic_uncomplicated_disease_worry_and_daily_medication
969,non_rheumatic_degenerative_mitral_valve_disease,5303,asymptomatic_degenerative_mitral_valve_disease,19387,799,asymptomatic
969,non_rheumatic_degenerative_mitral_valve_disease,5306,mild_heart_failure_due_to_degenerative_mitral_valve_disease,19583,381,heart_failure_mild
969,non_rheumatic_degenerative_mitral_valve_disease,5309,moderate_heart_failure_due_to_degenerative_mitral_valve_disease,19584,382,heart_failure_moderate
969,non_rheumatic_degenerative_mitral_valve_disease,5312,severe_heart_failure_due_to_degenerative_mitral_valve_disease,19585,383,heart_failure_severe
969,non_rheumatic_degenerative_mitral_valve_disease,5738,controlled_medically_managed_heart_failure_due_to_degenerative_mitral_valve_disease,20070,559,generic_uncomplicated_disease_worry_and_daily_medication
970,other_non_rheumatic_valve_diseases,5321,mild_heart_failure_due_to_other_non_rheumatic_valve_disease,19588,381,heart_failure_mild
970,other_non_rheumatic_valve_diseases,5324,moderate_heart_failure_due_to_other_non_rheumatic_valve_disease,19589,382,heart_failure_moderate
970,other_non_rheumatic_valve_diseases,5327,severe_heart_failure_due_to_other_non_rheumatic_valve_disease,19590,383,heart_failure_severe
970,other_non_rheumatic_valve_diseases,5765,controlled_medically_managed_heart_failure_due_to_other_non_rheumatic_valve_disease,20071,559,generic_uncomplicated_disease_worry_and_daily_medication
971,nonalcoholic_fatty_liver_disease_including_cirrhosis,5387,cirrhosis_and_other_chronic_liver_diseases_due_to_nash_compensated,19681,799,asymptomatic
971,nonalcoholic_fatty_liver_disease_including_cirrhosis,5477,non_alcoholic_fatty_liver_disease_nafld_non_alcoholic_steatohepatitis_nash,20089,799,asymptomatic
971,nonalcoholic_fatty_liver_disease_including_cirrhosis,23046,cirrhosis_and_other_chronic_liver_diseases_due_to_nash_decompensated_with_mild_anemia,23853,2720,decompensated_cirrhosis_of_the_liver_and_mild_anemia
971,nonalcoholic_fatty_liver_disease_including_cirrhosis,23047,cirrhosis_and_other_chronic_liver_diseases_due_to_nash_decompensated_with_moderate_anemia,23854,2721,decompensated_cirrhosis_of_the_liver_and_moderate_anemia
971,nonalcoholic_fatty_liver_disease_including_cirrhosis,23048,cirrhosis_and_other_chronic_liver_diseases_due_to_nash_decompensated_with_severe_anemia,23855,2722,decompensated_cirrhosis_of_the_liver_and_severe_anemia
971,nonalcoholic_fatty_liver_disease_including_cirrhosis,23166,cirrhosis_and_other_chronic_liver_diseases_due_to_nash_decompensated_with_controlled_medically_managed_heart_failure,25430,2744,decompensated_cirrhosis_of_the_liver_generic_uncomplicated_disease_worry_and_daily_medication
971,nonalcoholic_fatty_liver_disease_including_cirrhosis,23167,cirrhosis_and_other_chronic_liver_diseases_due_to_nash_decompensated_with_mild_heart_failure,25473,2745,decompensated_cirrhosis_of_the_liver_heart_failure_mild
971,nonalcoholic_fatty_liver_disease_including_cirrhosis,23168,cirrhosis_and_other_chronic_liver_diseases_due_to_nash_decompensated_with_moderate_heart_failure,25516,2746,decompensated_cirrhosis_of_the_liver_heart_failure_moderate
971,nonalcoholic_fatty_liver_disease_including_cirrhosis,23169,cirrhosis_and_other_chronic_liver_diseases_due_to_nash_decompensated_with_severe_heart_failure,25559,2747,decompensated_cirrhosis_of_the_liver_heart_failure_severe
971,nonalcoholic_fatty_liver_disease_including_cirrhosis,23170,cirrhosis_and_other_chronic_liver_diseases_due_to_nash_decompensated_without_anemia_or_heart_failure,25891,394,decompensated_cirrhosis_of_the_liver
975,diabetes_mellitus_type_1,5429,diabetic_foot_due_to_neuropathy_due_to_diabetes_mellitus_type_1,19708,838,diabetic_neuropathy_with_diabetic_foot
975,diabetes_mellitus_type_1,5432,diabetic_neuropathy_due_to_diabetes_mellitus_type_1_without_diabetic_foot_or_amputation,19710,390,diabetic_neuropathy
975,diabetes_mellitus_type_1,5435,diabetic_neuropathy_and_amputation_with_treatment_due_to_diabetes_mellitus_type_1,19711,839,diabetic_neuropathy_with_treated_amputation
975,diabetes_mellitus_type_1,5438,diabetic_neuropathy_and_amputation_without_treatment_due_to_diabetes_mellitus_type_1,19712,840,diabetic_neuropathy_with_untreated_amputation
975,diabetes_mellitus_type_1,5441,uncomplicated_diabetes_mellitus_type_1,19706,559,generic_uncomplicated_disease_worry_and_daily_medication
975,diabetes_mellitus_type_1,5444,moderate_vision_impairment_due_to_diabetes_mellitus_type_1_retinopathy,19716,466,distance_vision_moderate_impairment
975,diabetes_mellitus_type_1,5447,severe_vision_impairment_due_to_diabetes_mellitus_type_1_retinopathy,19717,467,distance_vision_severe_impairment
975,diabetes_mellitus_type_1,5450,blindness_due_to_diabetes_mellitus_type_1_retinopathy,19719,468,distance_vision_blindness
976,diabetes_mellitus_type_2,5453,diabetic_foot_due_to_neuropathy_due_to_diabetes_mellitus_type_2,19722,838,diabetic_neuropathy_with_diabetic_foot
976,diabetes_mellitus_type_2,5456,diabetic_neuropathy_due_to_diabetes_mellitus_type_2_without_diabetic_foot_or_amputation,19724,390,diabetic_neuropathy
976,diabetes_mellitus_type_2,5459,diabetic_neuropathy_and_amputation_with_treatment_due_to_diabetes_mellitus_type_2,19725,839,diabetic_neuropathy_with_treated_amputation
976,diabetes_mellitus_type_2,5462,diabetic_neuropathy_and_amputation_without_treatment_due_to_diabetes_mellitus_type_2,19726,840,diabetic_neuropathy_with_untreated_amputation
976,diabetes_mellitus_type_2,5465,uncomplicated_diabetes_mellitus_type_2,19720,559,generic_uncomplicated_disease_worry_and_daily_medication
976,diabetes_mellitus_type_2,5468,moderate_vision_impairment_due_to_diabetes_mellitus_type_2_retinopathy,19730,466,distance_vision_moderate_impairment
976,diabetes_mellitus_type_2,5471,severe_vision_impairment_due_to_diabetes_mellitus_type_2_retinopathy,19731,467,distance_vision_severe_impairment
976,diabetes_mellitus_type_2,5474,blindness_due_to_diabetes_mellitus_type_2_retinopathy,19733,468,distance_vision_blindness
977,atopic_dermatitis,588,mild_atopic_dermatitis,2248,556,disfigurement_level_1_with_itch_pain
977,atopic_dermatitis,589,moderate_atopic_dermatitis,2249,557,disfigurement_level_2_with_itch_pain
977,atopic_dermatitis,590,severe_atopic_dermatitis,2250,558,disfigurement_level_3_with_itch_pain
978,contact_dermatitis,659,mild_contact_dermatitis,2575,556,disfigurement_level_1_with_itch_pain
978,contact_dermatitis,660,moderate_contact_dermatitis,2576,557,disfigurement_level_2_with_itch_pain
978,contact_dermatitis,1047,asymptomatic_contact_dermatitis,3251,799,asymptomatic
979,seborrhoeic_dermatitis,661,symptomatic_seborrhoeic_dermatitis,2579,556,disfigurement_level_1_with_itch_pain
979,seborrhoeic_dermatitis,1046,asymptomatic_seborrhoeic_dermatitis,3250,799,asymptomatic
991,non_malignant_brain_and_other_central_nervous_system_neoplasms,23457,diagnosis_and_primary_therapy_phase_of_low_grade_brain_and_other_central_nervous_system_neoplasms,27981,368,cancer_diagnosis_and_primary_therapy
991,non_malignant_brain_and_other_central_nervous_system_neoplasms,23458,controlled_phase_of_low_grade_brain_and_other_central_nervous_system_neoplasms,27982,559,generic_uncomplicated_disease_worry_and_daily_medication
991,non_malignant_brain_and_other_central_nervous_system_neoplasms,23459,metastatic_phase_of_low_grade_brain_and_other_central_nervous_system,27983,369,cancer_metastatic
991,non_malignant_brain_and_other_central_nervous_system_neoplasms,23460,terminal_phase_of_low_grade_brain_and_other_central_nervous_system,27984,372,terminal_phase_with_medication_for_cancers_end_stage_kidney_liver_disease
995,maternal_abortion_and_miscarriage,191,maternal_abortive_outcome,3644,545,abdominopelvic_problem_moderate
996,liver_cancer_due_to_nash,5417,diagnosis_and_primary_therapy_phase_of_liver_cancer_due_to_nash,18764,368,cancer_diagnosis_and_primary_therapy
996,liver_cancer_due_to_nash,5420,controlled_phase_of_liver_cancer_due_to_nash,18765,559,generic_uncomplicated_disease_worry_and_daily_medication
996,liver_cancer_due_to_nash,5423,metastatic_phase_of_liver_cancer_due_to_nash,18766,369,cancer_metastatic
996,liver_cancer_due_to_nash,5426,terminal_phase_of_liver_cancer_due_to_nash,18767,373,terminal_phase_without_medication_for_cancers_end_stage_kidney_liver_disease
997,chronic_kidney_disease_due_to_diabetes_mellitus_type_1,5201,end_stage_renal_disease_after_transplant_due_to_type_1_diabetes_mellitus,19405,392,end_stage_renal_disease_with_kidney_transplant
997,chronic_kidney_disease_due_to_diabetes_mellitus_type_1,5213,stage_3_chronic_kidney_disease_due_to_type_1_diabetes_mellitus_with_severe_anemia,19409,549,anemia_severe
997,chronic_kidney_disease_due_to_diabetes_mellitus_type_1,5219,stage_3_chronic_kidney_disease_due_to_type_1_diabetes_mellitus_with_moderate_anemia,19411,548,anemia_moderate
997,chronic_kidney_disease_due_to_diabetes_mellitus_type_1,5225,stage_3_chronic_kidney_disease_due_to_type_1_diabetes_mellitus_with_mild_anemia,19413,547,anemia_mild
997,chronic_kidney_disease_due_to_diabetes_mellitus_type_1,5231,stage_3_chronic_kidney_disease_due_to_type_1_diabetes_mellitus_without_anemia,19415,799,asymptomatic
997,chronic_kidney_disease_due_to_diabetes_mellitus_type_1,5237,stage_4_chronic_kidney_disease_untreated_due_to_type_1_diabetes_mellitus_with_severe_anemia,19417,837,severe_anemia_with_stage_iv_ckd
997,chronic_kidney_disease_due_to_diabetes_mellitus_type_1,5243,stage_4_chronic_kidney_disease_untreated_due_to_type_1_diabetes_mellitus_with_moderate_anemia,19419,836,moderate_anemia_with_stage_iv_ckd
997,chronic_kidney_disease_due_to_diabetes_mellitus_type_1,5249,stage_4_chronic_kidney_disease_untreated_due_to_type_1_diabetes_mellitus_with_mild_anemia,19421,835,mild_anemia_with_stage_iv_ckd
997,chronic_kidney_disease_due_to_diabetes_mellitus_type_1,5255,stage_4_chronic_kidney_disease_untreated_due_to_type_1_diabetes_mellitus_without_anemia,19423,391,chronic_kidney_disease_stage_iv
997,chronic_kidney_disease_due_to_diabetes_mellitus_type_1,5261,stage_5_chronic_kidney_disease_untreated_due_to_type_1_diabetes_mellitus_with_severe_anemia,19425,2462,severe_anemia_and_terminal_phase_without_medication_for_cancers_end_stage_kidney_liver_disease
997,chronic_kidney_disease_due_to_diabetes_mellitus_type_1,5267,stage_5_chronic_kidney_disease_untreated_due_to_type_1_diabetes_mellitus_with_moderate_anemia,19427,2459,moderate_anemia_and_terminal_phase_without_medication_for_cancers_end_stage_kidney_liver_disease
997,chronic_kidney_disease_due_to_diabetes_mellitus_type_1,5273,stage_5_chronic_kidney_disease_untreated_due_to_type_1_diabetes_mellitus_with_mild_anemia,19429,2456,mild_anemia_and_terminal_phase_without_medication_for_cancers_end_stage_kidney_liver_disease
997,chronic_kidney_disease_due_to_diabetes_mellitus_type_1,5279,stage_5_chronic_kidney_disease_untreated_due_to_type_1_diabetes_mellitus_without_anemia_or_heart_faliure,19431,373,terminal_phase_without_medication_for_cancers_end_stage_kidney_liver_disease
997,chronic_kidney_disease_due_to_diabetes_mellitus_type_1,5540,stage_1_2_chronic_kidney_disease_with_preserved_gfr_due_to_type_1_diabetes_mellitus,19831,799,asymptomatic
997,chronic_kidney_disease_due_to_diabetes_mellitus_type_1,22989,end_stage_renal_disease_on_dialysis_due_to_type_1_diabetes_mellitus_with_mild_anemia,23411,2694,end_stage_renal_disease_on_dialysis_and_mild_anemia
997,chronic_kidney_disease_due_to_diabetes_mellitus_type_1,22999,end_stage_renal_disease_on_dialysis_due_to_type_1_diabetes_mellitus_with_moderate_anemia,23421,2724,end_stage_renal_disease_on_dialysis_and_moderate_anemia
997,chronic_kidney_disease_due_to_diabetes_mellitus_type_1,23009,end_stage_renal_disease_on_dialysis_due_to_type_1_diabetes_mellitus_with_severe_anemia,23431,2725,end_stage_renal_disease_on_dialysis_and_severe_anemia
997,chronic_kidney_disease_due_to_diabetes_mellitus_type_1,23019,end_stage_renal_disease_on_dialysis_due_to_type_1_diabetes_mellitus_without_anemia,23441,393,end_stage_renal_disease_on_dialysis
997,chronic_kidney_disease_due_to_diabetes_mellitus_type_1,23171,stage_5_chronic_kidney_disease_untreated_due_to_type_1_diabetes_mellitus_with_asymptomatic_heart_failure,26012,2740,generic_uncomplicated_disease_worry_and_daily_medication_chronic_kidney_disease_stage_iv
997,chronic_kidney_disease_due_to_diabetes_mellitus_type_1,23172,stage_5_chronic_kidney_disease_untreated_due_to_type_1_diabetes_mellitus_with_mild_heart_failure,26014,2741,heart_failure_mild_chronic_kidney_disease_stage_iv
997,chronic_kidney_disease_due_to_diabetes_mellitus_type_1,23173,stage_5_chronic_kidney_disease_untreated_due_to_type_1_diabetes_mellitus_with_moderate_heart_failure,26015,2742,heart_failure_moderate_chronic_kidney_disease_stage_iv
997,chronic_kidney_disease_due_to_diabetes_mellitus_type_1,23174,stage_5_chronic_kidney_disease_untreated_due_to_type_1_diabetes_mellitus_with_severe_heart_failure,26016,2743,heart_failure_severe_chronic_kidney_disease_stage_iv
998,chronic_kidney_disease_due_to_diabetes_mellitus_type_2,5204,end_stage_renal_disease_after_transplant_due_to_type_2_diabetes_mellitus,19406,392,end_stage_renal_disease_with_kidney_transplant
998,chronic_kidney_disease_due_to_diabetes_mellitus_type_2,5216,stage_3_chronic_kidney_disease_due_to_type_2_diabetes_mellitus_with_severe_anemia,19410,549,anemia_severe
998,chronic_kidney_disease_due_to_diabetes_mellitus_type_2,5222,stage_3_chronic_kidney_disease_due_to_type_2_diabetes_mellitus_with_mdoerate_anemia,19412,548,anemia_moderate
998,chronic_kidney_disease_due_to_diabetes_mellitus_type_2,5228,stage_3_chronic_kidney_disease_due_to_type_2_diabetes_mellitus_with_mild_anemia,19414,547,anemia_mild
998,chronic_kidney_disease_due_to_diabetes_mellitus_type_2,5234,stage_3_chronic_kidney_disease_due_to_type_2_diabetes_mellitus_without_anemia,19416,799,asymptomatic
998,chronic_kidney_disease_due_to_diabetes_mellitus_type_2,5240,stage_4_chronic_kidney_disease_untreated_due_to_type_2_diabetes_mellitus_with_severe_anemia,19418,837,severe_anemia_with_stage_iv_ckd
998,chronic_kidney_disease_due_to_diabetes_mellitus_type_2,5246,stage_4_chronic_kidney_disease_untreated_due_to_type_2_diabetes_mellitus_with_mdoerate_anemia,19420,836,moderate_anemia_with_stage_iv_ckd
998,chronic_kidney_disease_due_to_diabetes_mellitus_type_2,5252,stage_4_chronic_kidney_disease_untreated_due_to_type_2_diabetes_mellitus_with_mild_anemia,19422,835,mild_anemia_with_stage_iv_ckd
998,chronic_kidney_disease_due_to_diabetes_mellitus_type_2,5258,stage_4_chronic_kidney_disease_untreated_due_to_type_2_diabetes_mellitus_without_anemia,19424,391,chronic_kidney_disease_stage_iv
998,chronic_kidney_disease_due_to_diabetes_mellitus_type_2,5264,stage_5_chronic_kidney_disease_untreated_due_to_type_2_diabetes_mellitus_with_severe_anemia,19426,2462,severe_anemia_and_terminal_phase_without_medication_for_cancers_end_stage_kidney_liver_disease
998,chronic_kidney_disease_due_to_diabetes_mellitus_type_2,5270,stage_5_chronic_kidney_disease_untreated_due_to_type_2_diabetes_mellitus_with_moderate_anemia,19428,2459,moderate_anemia_and_terminal_phase_without_medication_for_cancers_end_stage_kidney_liver_disease
998,chronic_kidney_disease_due_to_diabetes_mellitus_type_2,5276,stage_5_chronic_kidney_disease_untreated_due_to_type_2_diabetes_mellitus_with_mild_anemia,19430,2456,mild_anemia_and_terminal_phase_without_medication_for_cancers_end_stage_kidney_liver_disease
998,chronic_kidney_disease_due_to_diabetes_mellitus_type_2,5282,stage_5_chronic_kidney_disease_untreated_due_to_type_2_diabetes_mellitus_without_anemia,19432,373,terminal_phase_without_medication_for_cancers_end_stage_kidney_liver_disease
998,chronic_kidney_disease_due_to_diabetes_mellitus_type_2,5543,stage_1_2_chronic_kidney_disease_with_preserved_gfr_due_to_type_2_diabetes_mellitus,19832,799,asymptomatic
998,chronic_kidney_disease_due_to_diabetes_mellitus_type_2,22990,end_stage_renal_disease_on_dialysis_due_to_type_2_diabetes_mellitus_with_mild_anemia,23412,2694,end_stage_renal_disease_on_dialysis_and_mild_anemia
998,chronic_kidney_disease_due_to_diabetes_mellitus_type_2,23000,end_stage_renal_disease_on_dialysis_due_to_type_2_diabetes_mellitus_with_moderate_anemia,23422,2724,end_stage_renal_disease_on_dialysis_and_moderate_anemia
998,chronic_kidney_disease_due_to_diabetes_mellitus_type_2,23010,end_stage_renal_disease_on_dialysis_due_to_type_2_diabetes_mellitus_with_severe_anemia,23432,2725,end_stage_renal_disease_on_dialysis_and_severe_anemia
998,chronic_kidney_disease_due_to_diabetes_mellitus_type_2,23020,end_stage_renal_disease_on_dialysis_due_to_type_2_diabetes_mellitus_without_anemia,23442,393,end_stage_renal_disease_on_dialysis
998,chronic_kidney_disease_due_to_diabetes_mellitus_type_2,23175,stage_5_chronic_kidney_disease_untreated_due_to_type_2_diabetes_mellitus_with_asymptomatic_heart_failure,26017,2740,generic_uncomplicated_disease_worry_and_daily_medication_chronic_kidney_disease_stage_iv
998,chronic_kidney_disease_due_to_diabetes_mellitus_type_2,23176,stage_5_chronic_kidney_disease_untreated_due_to_type_2_diabetes_mellitus_with_mild_heart_failure,26019,2741,heart_failure_mild_chronic_kidney_disease_stage_iv
998,chronic_kidney_disease_due_to_diabetes_mellitus_type_2,23177,stage_5_chronic_kidney_disease_untreated_due_to_type_2_diabetes_mellitus_with_moderate_heart_failure,26020,2742,heart_failure_moderate_chronic_kidney_disease_stage_iv
998,chronic_kidney_disease_due_to_diabetes_mellitus_type_2,23178,stage_5_chronic_kidney_disease_untreated_due_to_type_2_diabetes_mellitus_with_severe_heart_failure,26021,2743,heart_failure_severe_chronic_kidney_disease_stage_iv
999,refraction_disorders,618,moderate_vision_impairment_due_to_uncorrected_refractive_error,2307,466,distance_vision_moderate_impairment
999,refraction_disorders,619,severe_vision_impairment_due_to_uncorrected_refractive_error,2308,467,distance_vision_severe_impairment
999,refraction_disorders,620,blindness_due_to_uncorrected_refractive_error,2310,468,distance_vision_blindness
1000,near_vision_loss,5483,near_vision_loss,20969,469,presbyopia
1004,pulmonary_arterial_hypertension,22932,controlled_medically_managed_heart_failure_due_to_pulmonary_arterial_hypertension,23945,559,generic_uncomplicated_disease_worry_and_daily_medication
1004,pulmonary_arterial_hypertension,22933,mild_heart_failure_due_to_pulmonary_arterial_hypertension,23946,381,heart_failure_mild
1004,pulmonary_arterial_hypertension,22934,moderate_heart_failure_due_to_pulmonary_arterial_hypertension,23947,382,heart_failure_moderate
1004,pulmonary_arterial_hypertension,22935,severe_heart_failure_due_to_pulmonary_arterial_hypertension,23948,383,heart_failure_severe
1004,pulmonary_arterial_hypertension,23249,pulmonary_arterial_hypertension_with_no_heart_failure,25832,560,generic_uncomplicated_disease_anxiety_about_diagnosis
1005,hepatoblastoma,22900,diagnosis_and_primary_therapy_phase_of_hepatoblastoma,23788,368,cancer_diagnosis_and_primary_therapy
1005,hepatoblastoma,22901,controlled_phase_of_hepatoblastoma,23789,559,generic_uncomplicated_disease_worry_and_daily_medication
1005,hepatoblastoma,22902,metastatic_phase_of_hepatoblastoma,23790,369,cancer_metastatic
1005,hepatoblastoma,22903,terminal_phase_of_hepatoblastoma,23791,372,terminal_phase_with_medication_for_cancers_end_stage_kidney_liver_disease
1006,burkitt_lymphoma,22892,diagnosis_and_primary_therapy_phase_of_burkitt_lymphoma,23778,368,cancer_diagnosis_and_primary_therapy
1006,burkitt_lymphoma,22893,controlled_phase_of_burkitt_lymphoma,23779,559,generic_uncomplicated_disease_worry_and_daily_medication
1006,burkitt_lymphoma,22894,metastatic_phase_of_burkitt_lymphoma,23780,369,cancer_metastatic
1006,burkitt_lymphoma,22895,terminal_phase_of_burkitt_lymphoma,23781,372,terminal_phase_with_medication_for_cancers_end_stage_kidney_liver_disease
1007,other_non_hodgkin_lymphoma,22896,diagnosis_and_primary_therapy_phase_of_other_non_hodgkin_lymphoma,23783,368,cancer_diagnosis_and_primary_therapy
1007,other_non_hodgkin_lymphoma,22897,controlled_phase_of_other_non_hodgkin_lymphoma,23784,559,generic_uncomplicated_disease_worry_and_daily_medication
1007,other_non_hodgkin_lymphoma,22898,metastatic_phase_of_other_non_hodgkin_lymphoma,23785,369,cancer_metastatic
1007,other_non_hodgkin_lymphoma,22899,terminal_phase_of_other_non_hodgkin_lymphoma,23786,372,terminal_phase_with_medication_for_cancers_end_stage_kidney_liver_disease
1009,retinoblastoma,22912,diagnosis_and_primary_therapy_phase_of_retinoblastoma,23798,368,cancer_diagnosis_and_primary_therapy
1009,retinoblastoma,22913,controlled_phase_of_retinoblastoma,23799,559,generic_uncomplicated_disease_worry_and_daily_medication
1009,retinoblastoma,22914,metastatic_phase_of_retinoblastoma,23800,369,cancer_metastatic
1009,retinoblastoma,22915,terminal_phase_of_retinoblastoma,23801,372,terminal_phase_with_medication_for_cancers_end_stage_kidney_liver_disease
1010,other_eye_cancers,22916,diagnosis_and_primary_therapy_phase_of_other_eye_cancers,23803,368,cancer_diagnosis_and_primary_therapy
1010,other_eye_cancers,22917,controlled_phase_of_other_eye_cancers,23804,559,generic_uncomplicated_disease_worry_and_daily_medication
1010,other_eye_cancers,22918,metastatic_phase_of_other_eye_cancers,23805,369,cancer_metastatic
1010,other_eye_cancers,22919,terminal_phase_of_other_eye_cancers,23806,372,terminal_phase_with_medication_for_cancers_end_stage_kidney_liver_disease
1011,soft_tissue_and_other_extraosseous_sarcomas,22920,diagnosis_and_primary_therapy_phase_of_soft_tissue_and_other_extraosseous_sarcomas,23808,368,cancer_diagnosis_and_primary_therapy
1011,soft_tissue_and_other_extraosseous_sarcomas,22921,controlled_phase_of_soft_tissue_and_other_extraosseous_sarcomas,23809,559,generic_uncomplicated_disease_worry_and_daily_medication
1011,soft_tissue_and_other_extraosseous_sarcomas,22922,metastatic_phase_of_soft_tissue_and_other_extraosseous_sarcomas,23810,369,cancer_metastatic
1011,soft_tissue_and_other_extraosseous_sarcomas,22923,terminal_phase_of_soft_tissue_and_other_extraosseous_sarcomas,23811,372,terminal_phase_with_medication_for_cancers_end_stage_kidney_liver_disease
1012,malignant_neoplasm_of_bone_and_articular_cartilage,22924,diagnosis_and_primary_therapy_phase_of_malignant_bone_tumors,23813,368,cancer_diagnosis_and_primary_therapy
1012,malignant_neoplasm_of_bone_and_articular_cartilage,22925,controlled_phase_of_malignant_bone_tumors,23814,559,generic_uncomplicated_disease_worry_and_daily_medication
1012,malignant_neoplasm_of_bone_and_articular_cartilage,22926,metastatic_phase_of_malignant_bone_tumors,23815,369,cancer_metastatic
1012,malignant_neoplasm_of_bone_and_articular_cartilage,22927,terminal_phase_of_malignant_bone_tumors,23816,372,terminal_phase_with_medication_for_cancers_end_stage_kidney_liver_disease
1013,neuroblastoma_and_other_peripheral_nervous_cell_tumors,22928,diagnosis_and_primary_therapy_phase_of_neuroblastoma_and_other_peripheral_nervous_cell_tumors,23818,368,cancer_diagnosis_and_primary_therapy
1013,neuroblastoma_and_other_peripheral_nervous_cell_tumors,22929,controlled_phase_of_neuroblastoma_and_other_peripheral_nervous_cell_tumors,23819,559,generic_uncomplicated_disease_worry_and_daily_medication
1013,neuroblastoma_and_other_peripheral_nervous_cell_tumors,22930,metastatic_phase_of_neuroblastoma_and_other_peripheral_nervous_cell_tumors,23820,369,cancer_metastatic
1013,neuroblastoma_and_other_peripheral_nervous_cell_tumors,22931,terminal_phase_of_neuroblastoma_and_other_peripheral_nervous_cell_tumors,23821,372,terminal_phase_with_medication_for_cancers_end_stage_kidney_liver_disease
1014,osteoarthritis_hip,546,mild_osteoarthritis_of_the_hip,2142,478,musculoskeletal_problems_lower_limbs_mild
1014,osteoarthritis_hip,547,moderate_osteoarthritis_of_the_hip,2143,479,musculoskeletal_problems_lower_limbs_moderate
1014,osteoarthritis_hip,548,severe_osteoarthritis_of_the_hip,2144,480,musculoskeletal_problems_lower_limbs_severe
1014,osteoarthritis_hip,7181,asymptomatic_osteoarthritis_of_the_hip,20011,799,asymptomatic
1015,osteoarthritis_knee,549,mild_osteoarthritis_of_the_knee,2146,478,musculoskeletal_problems_lower_limbs_mild
1015,osteoarthritis_knee,550,moderate_osteoarthritis_of_the_knee,2147,479,musculoskeletal_problems_lower_limbs_moderate
1015,osteoarthritis_knee,551,severe_osteoarthritis_of_the_knee,2148,480,musculoskeletal_problems_lower_limbs_severe
1015,osteoarthritis_knee,7178,asymptomatic_osteoarthritis_of_the_knee,20012,799,asymptomatic
1016,osteoarthritis_hand,22886,mild_osteoarthritis_of_the_hand_and_foot,24814,478,musculoskeletal_problems_lower_limbs_mild
1016,osteoarthritis_hand,22887,moderate_osteoarthritis_of_the_hand_and_foot,24815,479,musculoskeletal_problems_lower_limbs_moderate
1016,osteoarthritis_hand,22888,severe_osteoarthritis_of_the_hand_and_foot,24816,480,musculoskeletal_problems_lower_limbs_severe
1016,osteoarthritis_hand,23051,asymptomatic_osteoarthritis_of_the_hand_and_foot,24817,799,asymptomatic
1017,osteoarthritis_other,22889,mild_osteoarthritis_other,24818,478,musculoskeletal_problems_lower_limbs_mild
1017,osteoarthritis_other,22890,moderate_osteoarthritis_other,24819,479,musculoskeletal_problems_lower_limbs_moderate
1017,osteoarthritis_other,22891,severe_osteoarthritis_other,24820,480,musculoskeletal_problems_lower_limbs_severe
1017,osteoarthritis_other,23052,asymptomatic_osteoarthritis_other,24821,799,asymptomatic
1024,ulcerative_colitis,4604,asymptomatic_ulcerative_colitis,26155,799,asymptomatic
1024,ulcerative_colitis,5567,ulcerative_colitis_with_mild_anemia,26157,2731,crohn_disease_or_ulcerative_colitis_mild_anemia
1024,ulcerative_colitis,5570,ulcerative_colitis_with_moderate_anemia,26158,2732,crohn_disease_or_ulcerative_colitis_moderate_anemia
1024,ulcerative_colitis,5573,ulcerative_colitis_with_severe_anemia,26159,2733,crohn_disease_or_ulcerative_colitis_severe_anemia
1024,ulcerative_colitis,23261,ulcerative_colitis_symptomatic_without_anemia,26160,396,crohn_disease_or_ulcerative_colitis
1025,crohns_disease,4607,asymptomatic_crohns_disease,26163,799,asymptomatic
1025,crohns_disease,5579,crohns_disease_with_mild_anemia,26165,2731,crohn_disease_or_ulcerative_colitis_mild_anemia
1025,crohns_disease,5582,crohns_disease_with_moderate_anemia,26166,2732,crohn_disease_or_ulcerative_colitis_moderate_anemia
1025,crohns_disease,5585,crohns_disease_with_severe_anemia,26167,2733,crohn_disease_or_ulcerative_colitis_severe_anemia
1025,crohns_disease,23262,crohns_disease_symptomatic_without_anemia,26168,396,crohn_disease_or_ulcerative_colitis
1032,thyroid_diseases,23179,mild_anemia_due_to_hypothyroidism,25899,547,anemia_mild
1032,thyroid_diseases,23180,moderate_anemia_due_to_hypothyroidism,25906,548,anemia_moderate
1032,thyroid_diseases,23181,severe_anemia_due_to_hypothyroidism,26004,549,anemia_severe
1032,thyroid_diseases,23182,mild_heart_failure_due_to_hypothyroidism,25902,381,heart_failure_mild
1032,thyroid_diseases,23183,moderate_heart_failure_due_to_hypothyroidism,25909,382,heart_failure_moderate
1032,thyroid_diseases,23184,severe_heart_failure_due_to_hypothyroidism,26007,383,heart_failure_severe
1032,thyroid_diseases,23185,controlled_medically_managed_heart_failure_due_to_hypothyroidism,25895,559,generic_uncomplicated_disease_worry_and_daily_medication
1032,thyroid_diseases,23186,asymptomatic_hypothyroidism,25883,799,asymptomatic
1032,thyroid_diseases,23187,mild_anemia_due_to_hyperthyroidism,25898,547,anemia_mild
1032,thyroid_diseases,23188,moderate_anemia_due_to_hyperthyroidism,25905,548,anemia_moderate
1032,thyroid_diseases,23189,severe_anemia_due_to_hyperthyroidism,26003,549,anemia_severe
1032,thyroid_diseases,23190,mild_heart_failure_due_to_hyperthyroidism,25901,381,heart_failure_mild
1032,thyroid_diseases,23191,moderate_heart_failure_due_to_hyperthyroidism,25908,382,heart_failure_moderate
1032,thyroid_diseases,23192,severe_heart_failure_due_to_hyperthyroidism,26006,383,heart_failure_severe
1032,thyroid_diseases,23193,controlled_medically_managed_heart_failure_due_to_hyperthyroidism,25894,559,generic_uncomplicated_disease_worry_and_daily_medication
1032,thyroid_diseases,23194,asymptomatic_hyperthyroidism,25676,799,asymptomatic
1032,thyroid_diseases,23266,symptomatic_hypothyroidism_without_anemia_or_heart_failure,25672,812,hypothyroidism
1032,thyroid_diseases,23267,mild_symptomatic_hyperthyroidism_without_anemia_or_heart_failure,25674,559,generic_uncomplicated_disease_worry_and_daily_medication
1032,thyroid_diseases,23268,moderate_severe_symptomatic_hyperthyroidism_without_anemia_or_heart_failure,25675,813,hyperthyroidism
1048,covid_19,23428,post_acute_fatigue_syndrome_due_to_covid_19,26816,354,infectious_disease_post_acute_consequences_fatigue_emotional_lability_insomnia
1048,covid_19,23429,post_acute_mild_cognitive_symptoms_due_to_covid_19,26861,408,dementia_mild
1048,covid_19,23430,post_acute_severe_cognitive_symptoms_due_to_covid_19,26864,409,dementia_moderate
1048,covid_19,23431,post_acute_mild_respiratory_symptoms_due_to_covid_19,26867,405,copd_and_other_chronic_respiratory_problems_mild
1048,covid_19,23432,post_acute_moderate_respiratory_symptoms_due_to_covid_19,26870,406,copd_and_other_chronic_respiratory_problems_moderate
1048,covid_19,23433,post_acute_severe_respiratory_symptoms_due_to_covid_19,26873,407,copd_and_other_chronic_respiratory_problems_severe
1048,covid_19,23434,post_acute_fatigue_syndrome_and_mild_cognitive_symptoms_due_to_covid_19,26876,2792,infectious_disease_post_acute_consequences_fatigue_emotional_lability_insomnia_and_dementia_mild
1048,covid_19,23435,post_acute_fatigue_syndrome_and_severe_cognitive_symptoms_due_to_covid_19,26879,2793,infectious_disease_post_acute_consequences_fatigue_emotional_lability_insomnia_and_dementia_moderate
1048,covid_19,23436,post_acute_fatigue_syndrome_and_mild_respiratory_symptoms_due_to_covid_19,26882,2794,infectious_disease_post_acute_consequences_fatigue_emotional_lability_insomnia_and_copd_and_other_chronic_respiratory_problems_mild
1048,covid_19,23437,post_acute_fatigue_syndrome_and_moderate_respiratory_symptoms_due_to_covid_19,26885,2795,infectious_disease_post_acute_consequences_fatigue_emotional_lability_insomnia_and_copd_and_other_chronic_respiratory_problems_moderate
1048,covid_19,23438,post_acute_fatigue_syndrome_and_severe_respiratory_symptoms_due_to_covid_19,26888,2796,infectious_disease_post_acute_consequences_fatigue_emotional_lability_insomnia_and_copd_and_other_chronic_respiratory_problems_severe
1048,covid_19,23439,post_acute_mild_respiratory_and_mild_cognitive_symptoms_due_to_covid_19,26891,2797,copd_and_other_chronic_respiratory_problems_mild_and_dementia_mild
1048,covid_19,23440,post_acute_mild_respiratory_and_severe_cognitive_symptoms_due_to_covid_19,26894,2798,copd_and_other_chronic_respiratory_problems_mild_and_dementia_moderate
1048,covid_19,23441,post_acute_moderate_respiratory_and_mild_cognitive_symptoms_due_to_covid_19,26897,2799,copd_and_other_chronic_respiratory_problems_moderate_and_dementia_mild
1048,covid_19,23442,post_acute_moderate_respiratory_and_severe_cognitive_symptoms_due_to_covid_19,26900,2800,copd_and_other_chronic_respiratory_problems_moderate_and_dementia_moderate
1048,covid_19,23443,post_acute_severe_respiratory_and_mild_cognitive_symptoms_due_to_covid_19,26903,2801,copd_and_other_chronic_respiratory_problems_severe_and_dementia_mild
1048,covid_19,23444,post_acute_severe_respiratory_and_severe_cognitive_symptoms_due_to_covid_19,26906,2802,copd_and_other_chronic_respiratory_problems_severe_and_dementia_moderate
1048,covid_19,23445,post_acute_fatigue_syndrome_and_mild_respiratory_and_mild_cognitive_symptoms_due_to_covid_19,26909,2803,infectious_disease_post_acute_consequences_fatigue_emotional_lability_insomnia_and_copd_and_other_chronic_respiratory_problems_mild_and_dementia_mild
1048,covid_19,23446,post_acute_fatigue_syndrome_and_mild_respiratory_and_severe_cognitive_symptoms_due_to_covid_19,26912,2804,infectious_disease_post_acute_consequences_fatigue_emotional_lability_insomnia_and_copd_and_other_chronic_respiratory_problems_mild_and_dementia_moderate
1048,covid_19,23447,post_acute_fatigue_syndrome_and_moderate_respiratory_and_mild_cognitive_symptoms_due_to_covid_19,26915,2805,infectious_disease_post_acute_consequences_fatigue_emotional_lability_insomnia_and_copd_and_other_chronic_respiratory_problems_moderate_and_dementia_mild
1048,covid_19,23448,post_acute_fatigue_syndrome_and_moderate_respiratory_and_severe_cognitive_symptoms_due_to_covid_19,26918,2806,infectious_disease_post_acute_consequences_fatigue_emotional_lability_insomnia_and_copd_and_other_chronic_respiratory_problems_moderate_and_dementia_moderate
1048,covid_19,23449,post_acute_fatigue_syndrome_and_severe_respiratory_and_mild_cognitive_symptoms_due_to_covid_19,26921,2807,infectious_disease_post_acute_consequences_fatigue_emotional_lability_insomnia_and_copd_and_other_chronic_respiratory_problems_severe_and_dementia_mild
1048,covid_19,23450,post_acute_fatigue_syndrome_and_severe_respiratory_and_severe_cognitive_symptoms_due_to_covid_19,26924,2808,infectious_disease_post_acute_consequences_fatigue_emotional_lability_insomnia_and_copd_and_other_chronic_respiratory_problems_severe_and_dementia_moderate
1048,covid_19,23451,asymptomatic_covid_19_cases,26771,799,asymptomatic
1048,covid_19,23452,mild_acute_covid_19,26774,351,infectious_disease_acute_episode_mild
1048,covid_19,23453,moderate_acute_covid_19,26777,352,infectious_disease_acute_episode_moderate
1048,covid_19,23454,severe_acute_covid_19,26780,353,infectious_disease_acute_episode_severe
1048,covid_19,23455,critical_acute_covid_19,26783,2809,intensive_care_unit_admission
1048,covid_19,23456,guillain_barre_syndrome_due_to_covid_19,26930,540,spinal_cord_lesion_below_neck_level_treated
1115,other_corneal_opacities,23461,moderate_vision_impairment_due_to_other_corneal_opacities,24860,466,distance_vision_moderate_impairment
1115,other_corneal_opacities,23462,severe_vision_impairment_due_to_other_corneal_opacities,24861,467,distance_vision_severe_impairment
1115,other_corneal_opacities,23463,blindness_due_to_other_corneal_opacities,24862,468,distance_vision_blindness
1118,gestational_diabetes,23468,gestational_diabetes_mellitus,27715,559,generic_uncomplicated_disease_worry_and_daily_medication
1119,peripartum_cardiomyopathy,23464,mild_heart_failure_due_to_peripartum_cardiomyopathy,27702,381,heart_failure_mild
1119,peripartum_cardiomyopathy,23465,moderate_heart_failure_due_to_peripartum_cardiomyopathy,27703,382,heart_failure_moderate
1119,peripartum_cardiomyopathy,23466,severe_heart_failure_due_to_peripartum_cardiomyopathy,27704,383,heart_failure_severe
1119,peripartum_cardiomyopathy,23467,controlled_medically_managed_heart_failure_due_to_peripartum_cardiomyopathy,27705,559,generic_uncomplicated_disease_worry_and_daily_medication
