healthstate_id,healthstate_name,healthstate_name_pretty,lay_description,dw_mean,dw_lower,dw_upper
351,infectious_disease_acute_episode_mild,"Infectious disease, acute episode, mild","has a low fever and mild discomfort , but no difficulty with daily activities.",0.00578649719999999,0.00229985,0.0121090724999999
352,infectious_disease_acute_episode_moderate,"Infectious disease, acute episode, moderate","has a fever and aches, and feels weak, which causes some difficulty with daily activities.",0.0505949457999999,0.0323782225,0.0740504499999999
353,infectious_disease_acute_episode_severe,"Infectious disease, acute episode, severe","has a high fever and pain, and feels very weak, which causes great difficulty with daily activities.",0.1334115188,0.0884595149999999,0.189501665
354,infectious_disease_post_acute_consequences_fatigue_emotional_lability_insomnia,"Infectious disease, post-acute consequences (fatigue, emotional lability, insomnia)",is always tired and easily upset. The person feels pain all over the body and is depressed.,0.218848731399999,0.148066725,0.307829015
355,diarrhea_mild,"Diarrhea, mild",has diarrhea three or more times a day with occasional discomfort in the belly.,0.0735369638999999,0.0487335,0.104392015
356,diarrhea_moderate,"Diarrhea, moderate","has diarrhea three or more times a day, with painful cramps in the belly and feeling thirsty",0.1878741985,0.12484303,0.26416233
357,diarrhea_severe,"Diarrhea, severe",has diarrhea three or more times a day with severe belly cramps. The person is very thirsty and feels nauseous and tired.,0.2470957725,0.164043595,0.3477750675
358,epididymo_orchitis,Epididymo-orchitis,has swelling and tenderness in the testicles and pain during urination.,0.128124532799999,0.0860990049999999,0.180450619999999
359,herpes_zoster,Herpes zoster,"has a blistering skin rash that causes pain, with some burning and itching.",0.0577660135,0.0354452725,0.0897105249999999
360,hiv_cases_symptomatic_pre_aids,"HIV cases, symptomatic, pre-AIDS","has weight loss, fatigue, and frequent infections.",0.2744787049,0.184358544999999,0.3770957625
361,hiv_aids_cases_receiving_arv_treatment,"HIV/AIDS cases, receiving ARV treatment",has occasional fevers and infections. The person takes daily medication that sometimes causes diarrhea.,0.0780173292,0.05212429,0.111066657499999
362,aids_cases_not_receiving_arv_treatment,"AIDS cases, not receiving ARV treatment","has severe weight loss, weakness, fatigue, cough and fever, and frequent infections, skin rashes and diarrhea.",0.58159009,0.4055435,0.7426055025
363,intestinal_nematode_infections_symptomatic,"Intestinal nematode infections, symptomatic",has cramping pain and a bloated feeling in the belly.,0.0265582283999999,0.0145425174999999,0.0434779674999999
364,lymphatic_filariasis_symptomatic,"Lymphatic filariasis, symptomatic","has swollen legs with hard and thick skin, which causes difficulty in moving around.",0.108583132899999,0.0731142824999999,0.153728012499999
365,ear_pain,Ear pain,has an ear-ache that causes some difficulty with daily activities.,0.0133199734999999,0.0068780425,0.0236444199999999
366,tuberculosis_not_hiv_infected,"Tuberculosis, not HIV infected","has a persistent cough and fever, is short of breath, feels weak, and has lost a lot of weight.",0.3326206579,0.2236295975,0.453926995
367,tuberculosis_hiv_infected,"Tuberculosis, HIV infected","has a persistent cough and fever, shortness of breath, night sweats, weakness and fatigue and severe weight loss.",0.408459204299999,0.2735789425,0.549464505
368,cancer_diagnosis_and_primary_therapy,"Cancer, diagnosis and primary therapy","has pain, nausea, fatigue, weight loss and high anxiety.",0.2875011801,0.19259089,0.39893967
369,cancer_metastatic,"Cancer, metastatic","has severe pain, extreme fatigue, weight loss and high anxiety.",0.4513611172,0.30716694,0.6002998325
370,mastectomy,Mastectomy,had one of her breasts removed and sometimes has pain or swelling in the arms.,0.0355751118,0.020313505,0.0567764849999999
371,stoma,Stoma,has a pouch attached to an opening in the belly to collect and empty stools.,0.0951031172999999,0.06324088,0.1313257775
372,terminal_phase_with_medication_for_cancers_end_stage_kidney_liver_disease,"Terminal phase, with medication (for cancers, end-stage kidney/liver disease)","has lost a lot of weight and regularly uses strong medication to avoid constant pain. The person has no appetite, feels nauseous, and needs to spend most of the day in bed.",0.539560491899999,0.3766958325,0.687095269999999
373,terminal_phase_without_medication_for_cancers_end_stage_kidney_liver_disease,"Terminal phase, without medication (for cancers, end-stage kidney/liver disease)","has lost a lot of weight and has constant pain. The person has no appetite, feels nauseous, and needs to spend most of the day in bed.",0.568502387999999,0.38881356,0.72678767
374,acute_myocardial_infarction_days_1_2,"Acute myocardial infarction, days 1-2","has severe chest pain that becomes worse with any physical activity,. The person feels nauseous, short of breath, and very anxious.",0.4322702155,0.28814892,0.579097444999999
375,acute_myocardial_infarction_days_3_28,"Acute myocardial infarction, days 3-28","gets short of breath after heavy physical activity, and tires easily, but has no problems when at rest. The person has to take medication every day and has some anxiety.",0.0741002145999999,0.0486908875,0.10531088
376,angina_pectoris_mild,"Angina pectoris, mild","has chest pain that occurs with strenuous physical activity, such as running or lifting heavy objects. After a brief rest, the pain goes away.",0.0331917431,0.0204113699999999,0.0517855
377,angina_pectoris_moderate,"Angina pectoris, moderate","has chest pain that occurs with moderate physical activity, such as walking uphill or more than half a kilometer (around a quarter-mile) on level ground. After a brief rest, the pain goes away.",0.0795039955000001,0.0519106175,0.112882594999999
378,angina_pectoris_severe,"Angina pectoris, severe","has chest pain that occurs with minimal physical activity, such as walking only a short distance. After a brief rest, the pain goes away. The person avoids most physical activities because of the pain.",0.1668826617,0.1099840325,0.239530909999999
379,cardiac_conduction_disorders_and_cardiac_dysrhythmias,Cardiac conduction disorders and cardiac dysrhythmias,has periods of rapid and irregular heartbeats and occasional fainting.,0.224156355,0.1509735225,0.312090852499999
380,claudication,Claudication,has cramping pains in the legs after walking a medium distance. The pain goes away after a short rest.,0.0141852508,0.00678562,0.025297475
381,heart_failure_mild,"Heart failure, mild","is short of breath and easily tires with moderate physical activity, such as walking uphill or more than a quarter-mile on level ground. The person feels comfortable at rest or during activities requiring less effort.",0.0414518940999999,0.0261032225,0.0623395449999999
382,heart_failure_moderate,"Heart failure, moderate","is short of breath and easily tires with minimal physical activity, such as walking only a short distance. The person feels comfortable at rest but avoids moderate activity.",0.0716534326999999,0.0466007775,0.10308943
383,heart_failure_severe,"Heart failure, severe","is short of breath and feels tired when at rest. The person avoids any physical activity, for fear of worsening the breathing problems.",0.1790666962,0.1215548,0.250729157499999
384,stroke_long_term_consequences_mild,"Stroke, long-term consequences, mild","has some difficulty in moving around and some weakness in one hand, but is able to walk without help.",0.0190102814,0.010070085,0.03225334
385,stroke_long_term_consequences_moderate,"Stroke, long-term consequences, moderate","has some difficulty in moving around, and in using the hands for lifting and holding things, dressing and grooming.",0.0700598348999999,0.046415625,0.099395025
386,stroke_long_term_consequences_moderate_plus_cognition_problems,"Stroke, long-term consequences, moderate plus cognition problems","has some difficulty in moving around, in using the hands for lifting and holding things, dressing and grooming, and in speaking. The person is often forgetful and confused.",0.3163443026,0.205675055,0.4373492725
387,stroke_long_term_consequences_severe,"Stroke, long-term consequences, severe","is confined to bed or a wheelchair, has difficulty speaking and depends on others for feeding, toileting and dressing.",0.5520013925,0.376783112499999,0.706919589999999
388,stroke_long_term_consequences_severe_plus_cognition_problems,"Stroke, long-term consequences, severe plus cognition problems","is confined to bed or a wheelchair, depends on others for feeding, toileting and dressing, and has difficulty speaking, thinking clearly and remembering things.",0.5875458344,0.4109979775,0.7444341725
390,diabetic_neuropathy,Diabetic neuropathy,"has pain, tingling and numbness in the arms, legs, hands and feet. The person sometimes gets cramps and muscle weakness.",0.133189991499999,0.0888952025,0.186941284999999
391,chronic_kidney_disease_stage_iv,Chronic kidney disease (stage IV),"tires easily, has nausea, reduced appetite and difficulty sleeping.",0.1044765406,0.0703975824999999,0.146670059999999
392,end_stage_renal_disease_with_kidney_transplant,"End-stage renal disease, with kidney transplant","sometimes feels tired and down, and has some difficulty with daily activities.",0.0243154636999999,0.01356873,0.038964985
393,end_stage_renal_disease_on_dialysis,"End-stage renal disease, on dialysis","is tired and has itching, cramps, headache, joint pains and shortness of breath. The person needs intensive medical care every other day lasting about half a day.",0.5708971681,0.398238814999999,0.725164355
394,decompensated_cirrhosis_of_the_liver,Decompensated cirrhosis of the liver,"has a swollen belly and swollen legs. The person feels weakness, fatigue and loss of appetite.",0.178202515,0.1227194525,0.249597854999999
395,gastric_bleeding,Gastric bleeding,vomits blood and feels nauseous.,0.324803941499999,0.209245324999999,0.4621667625
396,crohn_disease_or_ulcerative_colitis,Crohn disease or ulcerative colitis,"has cramping abdominal pain, has diarrhea several times a day, and feels very tired for two months every year. When the person does not have symptoms, there is anxiety about them returning.",0.2308938722,0.156489777499999,0.319841207499999
397,benign_prostatic_hypertrophy_symptomatic_cases,"Benign prostatic hypertrophy, symptomatic cases","feels the urge to urinate frequently, but when passing urine it comes out slowly and sometimes is painful.",0.0672618071,0.0428933425,0.0974404374999999
398,urinary_incontinence,Urinary incontinence,cannot control urinating.,0.1391354587,0.0941811225,0.197545537499999
399,impotence,Impotence,has difficulty in obtaining or maintaining an erection.,0.0173388969,0.008892265,0.03032386
400,infertility_primary,"Infertility, primary","wants to have a child and has a fertile partner, but the couple cannot conceive.",0.0075640454,0.0033355575,0.0152421275
401,infertility_secondary,"Infertility, secondary","has at least one child, and wants to have more children. The person has a fertile partner, but the couple cannot conceive.",0.00514515299999999,0.0020020575,0.0110252224999999
402,asthma_controlled,"Asthma, controlled","has wheezing and cough once a month, which does not cause difficulty with daily activities.",0.0145813465,0.007377575,0.0262653924999999
403,asthma_partially_controlled,"Asthma, partially controlled","has wheezing and cough once a week, which causes some difficulty with daily activities.",0.0355050781,0.0219988025,0.055251005
404,asthma_uncontrolled,"Asthma, uncontrolled","has wheezing, cough and shortness of breath more than twice a week, which causes difficulty with daily activities and sometimes wakes the person at night.",0.132692258399999,0.08564092,0.192439812499999
405,copd_and_other_chronic_respiratory_problems_mild,"COPD and other chronic respiratory problems, mild","has cough and shortness of breath after heavy physical activity, but is able to walk long distances and climb stairs.",0.0193167207999999,0.0106353925,0.0327228799999999
406,copd_and_other_chronic_respiratory_problems_moderate,"COPD and other chronic respiratory problems, moderate","has cough, wheezing and shortness of breath, even after light physical activity. The person feels tired and can walk only short distances or climb only a few stairs.",0.2251717079,0.15291988,0.309728992499999
407,copd_and_other_chronic_respiratory_problems_severe,"COPD and other chronic respiratory problems, severe","has cough, wheezing and shortness of breath all the time. The person has great difficulty walking even short distances or climbing any stairs, feels tired when at rest, and is anxious.",0.407857976799999,0.273411367499999,0.555659084999999
408,dementia_mild,"Dementia, mild","has some trouble remembering recent events, and finds it hard to concentrate and make decisions and plans.",0.0691408628000001,0.045942015,0.0988524549999999
409,dementia_moderate,"Dementia, moderate","has memory problems and confusion, feels disoriented, at times hears voices that are not real, and needs help with some daily activities.",0.376894274299999,0.252304192499999,0.50846593
410,dementia_severe,"Dementia, severe",has complete memory loss; no longer recognizes close family members; and requires help with all daily activities.,0.448573711,0.303861799999999,0.5945717425
411,headache_migraine,"Headache, migraine","has severe, throbbing head pain and nausea that cause great difficulty in daily activities and sometimes confine the person to bed. Moving around, light, and noise make it worse.",0.440546864,0.2943653275,0.587536335
412,headache_tension_type,"Headache, tension-type","has a moderate headache that also affects the neck, which causes difficulty in daily activities.",0.0372188569,0.02243812,0.0572016174999999
413,headache_medication_overuse,"Headache, medication overuse","has daily headaches, felt as dull pain and often lasting all day, with poor sleep, nausea and fatigue. The person takes medicine for the headaches, which provides little relief but is needed to avoid having worse symptoms.",0.222925730899999,0.14620602,0.313341065
414,multiple_sclerosis_mild,"Multiple sclerosis, mild","has mild loss of feeling in one hand, is a little unsteady while walking, has slight loss of vision in one eye, and often needs to urinate urgently.",0.182609825,0.123919704999999,0.252949129999999
415,multiple_sclerosis_moderate,"Multiple sclerosis, moderate","needs help walking, has difficulty with writing and arm coordination, has loss of vision in one eye and cannot control urinating.",0.4634399066,0.313012745,0.6125260675
416,multiple_sclerosis_severe,"Multiple sclerosis, severe","has slurred speech and difficulty swallowing. The person has weak arms and hands, very limited and stiff leg movement, has loss of vision in both eyes and cannot control urinating.",0.719005913199998,0.5343160775,0.8580725075
421,parkinson_disease_mild,"Parkinson disease, mild","has mild tremors and moves a little slowly, but is able to walk and do daily activities without assistance.",0.0099332631,0.00465146,0.0186548874999999
422,parkinson_disease_moderate,"Parkinson disease, moderate","has moderate tremors and moves slowly, which causes some difficulty in walking and daily activities. The person has some trouble swallowing, talking, sleeping, and remembering things.",0.2671785045,0.1808180375,0.372160549999999
423,parkinson_disease_severe,"Parkinson disease, severe","has severe tremors and moves very slowly, which causes great difficulty in walking and daily activities. The person falls easily and has a lot of difficulty talking, swallowing, sleeping, and remembering things.",0.5750796266,0.396338567499999,0.7297619
424,alcohol_use_disorder_mild,"Alcohol use disorder, mild","drinks a lot of alcohol and sometimes has difficulty controlling the urge to drink. While intoxicated, the person has difficulty performing daily activities.",0.235253593899999,0.15983442,0.326835584999999
425,alcohol_use_disorder_moderate,"Alcohol use disorder, moderate","drinks a lot, gets drunk almost every week and has great difficulty controlling the urge to drink. Drinking and recovering cause great difficulty in daily activities, sleep loss, and fatigue.",0.373244756299999,0.248045632499999,0.5076648575
426,alcohol_use_disorder_severe,"Alcohol use disorder, severe","gets drunk almost every day and is unable to control the urge to drink. Drinking and recovering replace most daily activities. The person has difficulty thinking, remembering and communicating, and feels constant pain and fatigue.",0.5695974386,0.3961320725,0.731846637499999
427,fetal_alcohol_syndrome_mild,"Fetal alcohol syndrome, mild","is a little slow in developing physically and mentally, which causes some difficulty in learning but no other difficulties in daily activities.",0.0164155471,0.00804237999999999,0.0299662949999999
428,fetal_alcohol_syndrome_moderate,"Fetal alcohol syndrome, moderate","is slow in developing physically and mentally, which causes some difficulty in daily activities.",0.0558721418,0.0347602125,0.0827346475
429,fetal_alcohol_syndrome_severe,"Fetal alcohol syndrome, severe","is very slow in developing physically and mentally, which causes great difficulty in daily activities.",0.1794882318,0.1190704225,0.2567498425
430,cannabis_dependence,Cannabis dependence,"uses marijuana daily and has difficulty controlling the habit. The person sometimes has mood swings, anxiety and hallucinations, and has some difficulty in daily activities.",0.265583123199999,0.177685364999999,0.36350294
431,amphetamine_dependence,Amphetamine dependence,"uses stimulants (drugs) and has difficulty controlling the habit. The person sometimes has depression, hallucinations and mood swings, and has difficulty in daily activities.",0.485913812199999,0.32875916,0.637112954999999
432,cocaine_dependence,Cocaine dependence,"uses cocaine and has difficulty controlling the habit. The person sometimes has mood swings, anxiety, paranoia, hallucinations and sleep problems, and has some difficulty in daily activities.",0.4785786378,0.324012972499999,0.6342597425
433,heroin_and_other_opioid_dependence,Heroin and other opioid dependence,"uses heroin daily and has difficulty controlling the habit. When the effects wear off, the person feels severe nausea, agitation, vomiting and fever. The person has a lot of difficulty in daily activities.",0.6966036407,0.510010485,0.842625082499999
434,anxiety_disorders_mild,"Anxiety disorders, mild","feels mildly anxious and worried, which makes it slightly difficult to concentrate, remember things, and sleep. The person tires easily but is able to perform daily activities.",0.0296041460999999,0.0177326275,0.0461461549999999
435,anxiety_disorders_moderate,"Anxiety disorders, moderate","feels anxious and worried, which makes it difficult to concentrate, remember things, and sleep. The person tires easily and finds it difficult to perform daily activities.",0.133407369,0.0908662075,0.18649768
436,anxiety_disorders_severe,"Anxiety disorders, severe","constantly feels very anxious and worried, which makes it difficult to concentrate, remember things and sleep. The person has lost pleasure in life and thinks about suicide.",0.523305401499999,0.361662029999999,0.6766047775
437,major_depressive_disorder_mild_episode,"Major depressive disorder, mild episode","feels persistent sadness and has lost interest in usual activities. The person sometimes sleeps badly, feels tired, or has trouble concentrating but still manages to function in daily life with extra effort.",0.1454356196,0.0991711325,0.208591854999999
438,major_depressive_disorder_moderate_episode,"Major depressive disorder, moderate episode","has constant sadness and has lost interest in usual activities. The person has some difficulty in daily life, sleeps badly, has trouble concentrating, and sometimes thinks about harming himself (or herself).",0.3961870202,0.26690284,0.5307613075
439,major_depressive_disorder_severe_episode,"Major depressive disorder, severe episode","has overwhelming, constant sadness and cannot function in daily life. The person sometimes loses touch with reality and wants to harm or kill himself (or herself).",0.6583288358,0.476547299999999,0.8068270825
440,bipolar_disorder_manic_episode,"Bipolar disorder, manic episode","is hyperactive, hears and believes things that are not real, and engages in impulsive and aggressive behavior that endanger the person and others.",0.492358850599999,0.340784735,0.645723635
441,bipolar_disorder_residual_state,"Bipolar disorder, residual state","has mild mood swings, irritability and some difficulty with daily activities.",0.0319552272,0.0183837625,0.05126908
442,schizophrenia_acute_state,"Schizophrenia, acute state","hears and sees things that are not real and is afraid, confused, and sometimes violent. The person has great difficulty with communication and daily activities, and sometimes wants to harm or kill himself (or herself).",0.7779924079,0.605936645,0.900499425
443,schizophrenia_residual_state,"Schizophrenia, residual state","hears and sees things that are not real and has trouble communicating. The person can be forgetful, has difficulty with daily activities, and thinks about hurting himself (or herself).",0.5881977008,0.4106036925,0.753979244999999
444,anorexia_nervosa,Anorexia nervosa,"feels an overwhelming need to starve and exercises excessively to lose weight. The person is very thin, weak and anxious.",0.224482824,0.1499442925,0.312258499999999
445,bulimia_nervosa,Bulimia nervosa,"has uncontrolled overeating followed by guilt, starving, and vomiting to lose weight.",0.2231469959,0.149430375,0.310534854999999
446,attention_deficit_hyperactivity_disorder,Attention deficit hyperactivity disorder,"is hyperactive and has difficulty concentrating, remembering things, and completing tasks.",0.0445303985999999,0.0279434975,0.06582978
447,conduct_disorder,Conduct disorder,"has frequent behavior problems, which are sometimes violent. The person often has difficulty interacting with other people and feels irritable.",0.241025042899999,0.1593268525,0.34128756
450,borderline_intellectual_functioning,Borderline intellectual functioning,"is slow in learning at school. As an adult, the person has some difficulty doing complex or unfamiliar tasks but otherwise functions independently.",0.0107930086,0.00519012,0.0202353999999999
451,intellectual_disability_mental_retardation_mild,"Intellectual disability / mental retardation, mild","has low intelligence and is slow in learning at school. As an adult, the person can live independently, but often needs help to raise children and can only work at simple supervised jobs.",0.0425405801999999,0.025978245,0.0644539299999999
452,intellectual_disability_mental_retardation_moderate,"Intellectual disability / mental retardation, moderate","has low intelligence, and is slow in learning to speak and to do even simple tasks. As an adult, the person requires a lot of support to live independently and raise children. The person can only work at the simplest supervised jobs.",0.100020868199999,0.0660495175,0.1417487475
453,intellectual_disability_mental_retardation_severe,"Intellectual disability / mental retardation, severe","has very low intelligence and cannot speak more than a few words, needs constant supervision and help with most daily activities, and can do only the simplest tasks.",0.1600574337,0.107062184999999,0.226226345
454,intellectual_disability_mental_retardation_profound,"Intellectual disability / mental retardation, profound","has very low intelligence, has almost no language, and does not understand even the most basic requests or instructions. The person requires constant supervision and help for all activities.",0.2003070717,0.1332570125,0.282521015
455,hearing_loss_mild,"Hearing loss, mild","has great difficulty hearing and understanding another person talking in a noisy place (for example, on an urban street).",0.0095578866,0.00419248,0.0188052
456,hearing_loss_moderate,"Hearing loss, moderate","is unable to hear and understand another person talking in a noisy place (for example, on an urban street), and has difficulty hearing another person talking even in a quiet place or on the phone.",0.0265751711999999,0.0152951175,0.0422289125
457,hearing_loss_severe,"Hearing loss, severe","is unable to hear and understand another person talking, even in a quiet place, and unable to take part in a phone conversation. Difficulties with communicating and relating to others cause emotional impact at times (for example worry or depression).",0.1583974349,0.1047161475,0.226632689999999
458,hearing_loss_profound,"Hearing loss, profound","is unable to hear and understand another person talking, even in a quiet place, is unable to take part in a phone conversation, and has great difficulty hearing anything in any other situation. Difficulties with communicating and relating to othersoften cause worry, depression, and loneliness.",0.2039397084,0.1344881475,0.2876618475
459,hearing_loss_complete,"Hearing loss, complete","cannot hear at all in any situation, including even the loudest sounds, and cannot communicate verbally or use a phone. Difficulties with communicating and relating to others often cause worry, depression or loneliness.",0.214834670199999,0.144054895,0.3066187425
460,hearing_loss_mild_with_ringing,"Hearing loss, mild, with ringing","has great difficulty hearing and understanding another person talking in a noisy place (for example, on an urban street), and sometimes has annoying ringing in the ears.",0.0214314290999999,0.011755785,0.0361580274999999
461,hearing_loss_moderate_with_ringing,"Hearing loss, moderate, with ringing","is unable to hear and understand another person talking in a noisy place (for example, on an urban street), and has difficulty hearing another person talking even in a quiet place or on the phone, and has annoying ringing in the ears for more than 5 minutes at a time, almost everyday.",0.0739630359999999,0.0485608124999999,0.1065795325
462,hearing_loss_severe_with_ringing,"Hearing loss, severe, with ringing","is unable to hear and understand another person talking, even in a quiet place, and unable to take part in a phone conversation, and has annoying ringing in the ears for more than 5 minutes at a time, almost everyday. Difficulties with communicating and relating to others cause emotional impact at times (for example worry or depression).",0.2608670825,0.1749212375,0.3600558425
463,hearing_loss_profound_with_ringing,"Hearing loss, profound, with ringing","is unable to hear and understand another person talking, even in a quiet place, is unable to take part in a phone conversation, has great difficulty hearing anything in any other situation, and has annoying ringing in the ears for more than 5 minutes at a time, several times a day. Difficulties with communicating and relating to others often cause worry, depression, or loneliness.",0.2773206981,0.182060085,0.387172592499999
464,hearing_loss_complete_with_ringing,"Hearing loss, complete, with ringing","cannot hear at all in any situation, including even the loudest sounds, and cannot communicate verbally or use a phone, and has very annoying ringing in the ears for more than half of the day. Difficulties with communicating and relating to others often cause worry, depression or loneliness.",0.3158013573,0.2122617,0.435271537499999
465,distance_vision_mild_impairment,"Distance vision, mild impairment","has some difficulty with distance vision, for example reading signs, but no other problems with eyesight.",0.0030370671,0.0010119875,0.00695614499999999
466,distance_vision_moderate_impairment,"Distance vision, moderate impairment",has vision problems that make it difficult to recognize faces or objects across a room.,0.0308421263999999,0.0188220025,0.0487103724999999
467,distance_vision_severe_impairment,"Distance vision, severe impairment","has severe vision loss, which causes difficulty in daily activities, some emotional impact (for example worry), and some difficulty going outside the home without assistance.",0.1840484878,0.1251250575,0.258286182499999
468,distance_vision_blindness,Distance vision blindness,"is completely blind, which causes great difficulty in some daily activities, worry and anxiety, and great difficulty going outside the home without assistance.",0.1873645834,0.1244286775,0.2602171625
469,presbyopia,Presbyopia,"has difficulty seeing things that are nearer than 3 feet, but has no difficulty with seeing things at a distance.",0.0106037545999999,0.0049516275,0.0198692924999999
470,back_pain_severe_without_leg_pain,"Back pain, severe, without leg pain","has severe back pain, which causes difficulty dressing, sitting, standing, walking, and lifting things. The person sleeps poorly and feels worried.",0.272193404299999,0.181578379999999,0.372540557499999
471,back_pain_severe_with_leg_pain,"Back pain, severe, with leg pain","has severe back and leg pain, which causes difficulty dressing, sitting, standing, walking, and lifting things. The person sleeps poorly and feels worried.",0.324989600999999,0.2193144375,0.446437804999999
472,back_pain_most_severe_without_leg_pain,"Back pain, most severe, without leg pain","has constant back pain, which causes difficulty dressing, sitting, standing, walking, and lifting things. The person sleeps poorly, is worried, and has lost some enjoyment in life.",0.3721727228,0.250305065,0.5056461675
473,back_pain_most_severe_with_leg_pain,"Back pain, most severe, with leg pain","has constant back and leg pain, which causes difficulty dressing, sitting, standing, walking, and lifting things. The person sleeps poorly, is worried, and has lost some enjoyment in life.",0.384117337899999,0.2561167325,0.5177299175
474,neck_pain_mild,"Neck pain, mild","has neck pain, and has difficulty turning the head and lifting things.",0.0527500209,0.0335738,0.0784352725
475,neck_pain_severe,"Neck pain, severe","has severe neck pain, and difficulty turning the head and lifting things. The person gets headaches and arm pain, sleeps poorly, and feels tired and worried.",0.2294386865,0.15327389,0.316872145
476,neck_pain_moderate,"Neck pain, moderate","has constant neck pain, and has difficulty turning the head, holding arms up, and lifting things",0.1139587682,0.075418985,0.161827027499999
477,neck_pain_most_severe,"Neck pain, most severe","has constant neck pain and arm pain, and difficulty turning the head, holding arms up, and lifting things. The person gets headaches, sleeps poorly, and feels tired and worried.",0.3036010912,0.20247242,0.415433095
478,musculoskeletal_problems_lower_limbs_mild,"Musculoskeletal problems, lower limbs, mild","has pain in the leg, which causes some difficulty running, walking long distances, and getting up and down.",0.0226500505,0.0127067449999999,0.03731458
479,musculoskeletal_problems_lower_limbs_moderate,"Musculoskeletal problems, lower limbs, moderate","has moderate pain in the leg, which makes the person limp, and causes some difficulty walking, standing, lifting and carrying heavy things, getting up and down and sleeping.",0.0786707070999998,0.05384209,0.109519294999999
480,musculoskeletal_problems_lower_limbs_severe,"Musculoskeletal problems, lower limbs, severe","has severe pain in the leg, which makes the person limp and causes a lot of difficulty walking, standing, lifting and carrying heavy things, getting up and down, and sleeping.",0.164979408399999,0.112283675,0.232387175
481,musculoskeletal_problems_upper_limbs_mild,"Musculoskeletal problems, upper limbs, mild","has mild pain and stiffness in the arms and hands. The person has some difficulty lifting, carrying and holding things.",0.0283410989,0.016622525,0.0448446875
482,musculoskeletal_problems_upper_limbs_moderate,"Musculoskeletal problems, upper limbs, moderate","has moderate pain and stiffness in the arms and hands, which causes difficulty lifting, carrying, and holding things, and trouble sleeping because of the pain.",0.117074297999999,0.079707005,0.162751334999999
483,musculoskeletal_problems_generalized_moderate,"Musculoskeletal problems, generalized, moderate","has pain and deformity in most joints, causing difficulty moving around, getting up and down, and using the hands for lifting and carrying. The person often feels fatigue.",0.3174463316,0.2156868875,0.439712269999999
484,musculoskeletal_problems_generalized_severe,"Musculoskeletal problems, generalized, severe","has severe, constant pain and deformity in most joints, causing difficulty moving around, getting up and down, eating, dressing, lifting, carrying and using the hands. The person often feels sadness, anxiety and extreme fatigue.",0.581183642100001,0.40329404,0.7393204325
485,gout_acute,"Gout, acute","has severe pain and swelling in the leg, making it very difficult to get up and down, stand, walk, lift, and carry heavy things. The person has trouble sleeping because of the pain.",0.2948095082,0.1961655175,0.409468305
540,spinal_cord_lesion_below_neck_level_treated,Spinal cord lesion below neck level (treated),"is paralyzed from the waist down, cannot feel or move the legs and has difficulties with urine and bowel control. The person uses a wheelchair to move around.",0.296164846699999,0.19813263,0.41379709
544,abdominopelvic_problem_mild,"Abdominopelvic problem, mild",has some pain in the belly that causes nausea but does not interfere with daily activities.,0.0110092495999999,0.00537732,0.0208201875
545,abdominopelvic_problem_moderate,"Abdominopelvic problem, moderate",has pain in the belly and feels nauseous. The person has difficulties with daily activities.,0.114339967,0.077947085,0.1586768125
546,abdominopelvic_problem_severe,"Abdominopelvic problem, severe",has severe pain in the belly and feels nauseous. The person is anxious and unable to carry out daily activities.,0.324246550799999,0.2197213175,0.44180474
547,anemia_mild,"Anemia, mild","feels slightly tired and weak at times, but this does not interfere with normal daily activities.",0.00369639789999999,0.0013124725,0.0081387825
548,anemia_moderate,"Anemia, moderate","feels moderate fatigue, weakness, and shortness of breath after exercise, making daily activities more difficult.",0.0515419615,0.033847375,0.0757218125
549,anemia_severe,"Anemia, severe","feels very weak, tired and short of breath, and has problems with activities that require physical effort or deep concentration.",0.148766153,0.100732939999999,0.209115202499999
550,periodontitis,Periodontitis,"has minor bleeding of the gums from time to time, with mild discomfort.",0.00679631659999999,0.0027056625,0.014042045
551,dental_caries_symptomatic,"Dental caries, symptomatic","has a toothache, which causes some difficulty in eating.",0.0101597553,0.004617705,0.0193879624999999
552,severe_tooth_loss,Severe tooth loss,"has lost more than 20 teeth including front and back, and has great difficulty in eating meat, fruits, and vegetables.",0.0674457151999999,0.0447573999999999,0.0951070449999999
553,disfigurement_level_1,"Disfigurement, level 1","has a slight, visible physical deformity that others notice, which causes some worry and discomfort.",0.0110162523999999,0.0052397625,0.0206195424999999
554,disfigurement_level_2,"Disfigurement, level 2","has a visible physical deformity that causes others to stare and comment. As a result, the person is worried and has trouble sleeping and concentrating.",0.0669917538,0.04441772,0.0959005224999999
555,disfigurement_level_3,"Disfigurement, level 3","has an obvious physical deformity that makes others uncomfortable, which causes the person to avoid social contact, feel worried, sleep poorly, and think about suicide.",0.404790537,0.2745063775,0.545533435
556,disfigurement_level_1_with_itch_pain,"Disfigurement, level 1 with itch/pain","has a slight, visible physical deformity that is sometimes sore or itchy. Others notice the deformity, which causes some worry and discomfort.",0.0265175039,0.0150099375,0.0423970475
557,disfigurement_level_2_with_itch_pain,"Disfigurement, level 2, with itch/pain","has a visible physical deformity that is sore and itchy. Other people stare and comment, which causes the person to worry. The person has trouble sleeping and concentrating.",0.188087468699999,0.124700385,0.266592375
558,disfigurement_level_3_with_itch_pain,"Disfigurement, level 3, with itch/pain","has an obvious physical deformity that is very painful and itchy. The physical deformity makes others uncomfortable, which causes the person to avoid social contact, feel worried, sleep poorly, and think about suicide.",0.5763168282,0.4014290925,0.730755309999999
559,generic_uncomplicated_disease_worry_and_daily_medication,Generic uncomplicated disease: worry and daily medication,has a chronic disease that requires medication every day and causes some worry but minimal interference with daily activities.,0.0490114147,0.0311213424999999,0.0720925474999999
560,generic_uncomplicated_disease_anxiety_about_diagnosis,Generic uncomplicated disease: anxiety about diagnosis,has a disease diagnosis that causes some worry but minimal interference with daily activities.,0.0124408307999999,0.0061947475,0.0227089425
562,kwashiorkor,Kwashiorkor,is very tired and irritable and has diarrhea.,0.0509874241,0.0307219275,0.0794107475
563,severe_wasting,Severe wasting,is extremely skinny and has no energy.,0.1276538957,0.08191012,0.182676619999999
564,speech_problems,Speech problems,"has difficulty speaking, and others find it difficult to understand.",0.0510992143,0.03220693,0.0782854425
565,motor_impairment_mild,"Motor impairment, mild",has some difficulty in moving around but is able to walk without help.,0.0101407174,0.0048555075,0.01933766
566,motor_impairment_moderate,"Motor impairment, moderate","has some difficulty in moving around, and difficulty in lifting and holding objects, dressing and sitting upright, but is able to walk without help.",0.0608338594999999,0.0395873624999999,0.08908513
567,motor_impairment_severe,"Motor impairment, severe","is unable to move around without help, and is not able to lift or hold objects, get dressed or sit upright.",0.401610537999999,0.2682705675,0.5453327175
568,motor_plus_cognitive_impairments_mild,"Motor plus cognitive impairments, mild","has some difficulty in moving around but is able to walk without help. The person is slow in learning at school. As an adult, the person has some difficulty doing complex or unfamiliar tasks but otherwise functions independently.",0.0311646785,0.01806044,0.0495408974999999
569,motor_plus_cognitive_impairments_moderate,"Motor plus cognitive impairments, moderate","has some difficulty in moving around, holding objects, dressing and sitting upright, but can walk without help. The person has low intelligence and is slow in learning to speak and to do simple tasks.",0.2029460135,0.13394816,0.28958335
570,motor_plus_cognitive_impairments_severe,"Motor plus cognitive impairments, severe","cannot move around without help, and cannot lift or hold objects, get dressed or sit upright. The person also has very low intelligence, speaks few words, and needs constant supervision and help with all daily activities.",0.5416677713,0.374038277499999,0.702242795
571,rectovaginal_fistula,Rectovaginal fistula,"has an abnormal opening between her vagina and rectum causing flatulence and feces to escape through the vagina. The person gets infections in her vagina, and has pain when urinating.",0.5012423231,0.338975867499999,0.656691052499999
572,vesicovaginal_fistula,Vesicovaginal fistula,"has an abnormal opening between the bladder and the vagina, which makes her unable to control urinating. The woman is anxious and depressed.",0.341697782099999,0.22677867,0.478188197499999
574,congenital_heart_disease,Congenital heart disease,(custom DW from MEPS),0.060814388803672,0.0239125760272144,0.106862105056643
575,hearing_loss_moderately_severe,"Hearing loss, moderately severe",(custom DW from hearing loss impairment envelope),0.09248630305,0.063713095,0.1291161375
576,hearing_loss_moderately_severe_with_ringing,"Hearing loss, moderately severe, with ringing",(custom DW from hearing loss impairment envelope),0.16741505925,0.114868448749999,0.230697411249999
577,heroin_and_other_opioid_dependence_mild,"Heroin and other opioid dependence, mild","uses heroin (or methadone)Ã‚Â daily and has difficulty controlling the habit. When not using, the person functions normally.",0.335195931,0.2208567975,0.4725020925
580,cocaine_dependence_mild,"Cocaine dependence, mild","uses cocaine at least once a week and has some difficulty controlling the habit. When not using, the person functions normally.",0.115560333699999,0.0743092975,0.1651052925
583,amphetamine_dependence_mild,"Amphetamine dependence, mild","uses stimulants (drugs) at least once a week and has some difficulty controlling the habit. When not using, the person functions normally.",0.0790949061,0.0509745574999999,0.1140085625
586,cannabis_dependence_mild,"Cannabis dependence, mild","uses marijuana at least once a week and has some difficulty controlling the habit. When not using, the person functions normally.",0.0394202694,0.0241112725,0.0601078024999999
639,post_como_calculation_for_residuals_yll_yld_ratio_other_methods,"Post-COMO calculation for residuals (YLL/YLD ratio, other methods)",,,,
704,distance_vision_monocular,"Distance vision, monocular",is blind in one eye and has difficulty judging distances,0.0165468027,0.0087435425,0.0286821199999999
745,epilepsy_seizures_greater_than___once_a_month,,,,,
746,epilepsy_seizures_1_11_per_year,"Epilepsy, seizures 1-11 per year","has sudden seizures two to five times a year, with violent muscle contractions and stiffness, loss of consciousness, and loss of urine or bowel control.",0.2626434033,0.172599017499999,0.367164149999999
747,alcohol_use_disorder_very_mild,"Alcohol use disorder, very mild","drinks alcohol daily and has difficulty controlling the urge to drink. When sober, the person functions normally.",0.1227645383,0.0818065475,0.176691502499999
748,low_back_pain_mild,"Low back pain, mild","has mild back pain, which causes some difficulty dressing, standing, and lifting things.",0.0199629982999999,0.0108557675,0.0347695175
749,low_back_pain_moderate,"Low back pain, moderate","has moderate back pain, which causes difficulty dressing, sitting, standing, walking, and lifting things.",0.0539885172999999,0.034603005,0.07948667
764,mild_low_back_pain_with_leg_pain,Mild low back pain with leg pain,,0.0199629982999999,0.0108557675,0.0347695175
765,moderate_low_back_pain_with_leg_pain,Moderate low back pain with leg pain,,0.0539885172999999,0.034603005,0.07948667
766,severe_motor_impairment_with_incontinence,Severe motor impairment with incontinence,,0.483395271136366,0.346080735296131,0.628529793179495
772,epilepsy,Epilepsy,,,,
773,speech_problems_with_disfigurement_level_2,Speech problems with disfigurement level 2,,0.114538324714888,0.0755329636321996,0.164465673677326
774,mild_intellectual_disability_with_primary_infertility,Mild intellectual disability with primary infertility,,0.0497600531082001,0.0297631492012094,0.0779713499524877
775,moderate_motor_impairment_with_blindness,Moderate motor impairment with blindness,,0.236485315448987,0.164771313351585,0.323075960562955
776,moderate_motor_impairment_with_epilepsy,Moderate motor impairment with epilepsy,,,,
777,moderate_motor_impairment_with_blindness_and_epilepsy,Moderate motor impairment with blindness and epilepsy,,,,
778,moderate_motor_plus_cognitive_impairment_with_blindness,Moderate motor plus cognitive impairment with blindness,,0.351038029447393,0.245212131291454,0.467390388559324
779,moderate_motor_plus_cognitive_impairment_with_epilepsy,Moderate motor plus cognitive impairment with epilepsy,,,,
780,moderate_motor_plus_cognitive_impairment_with_blindness_and_epilepsy,Moderate motor plus cognitive impairment with blindness and epilepsy,,,,
781,severe_motor_impairment_with_blindness,Severe motor impairment with blindness,,0.511547969628648,0.365139030675029,0.657763401327395
782,severe_motor_impairment_with_epilepsy,Severe motor impairment with epilepsy,,,,
783,severe_motor_impairment_with_blindness_and_epilepsy,Severe motor impairment with blindness and epilepsy,,,,
784,severe_motor_plus_cognitive_impairment_with_blindness,Severe motor plus cognitive impairment with blindness,,0.625077679114418,0.454496028525453,0.777771998161934
785,severe_motor_plus_cognitive_impairment_with_epilepsy,Severe motor plus cognitive impairment with epilepsy,,,,
786,severe_motor_plus_cognitive_impairment_with_blindness_and_epilepsy,Severe motor plus cognitive impairment with blindness and epilepsy,,,,
787,congenital_heart_disease_with_primary_infertility,Congenital heart disease with primary infertility,,0.0679172983377337,0.0305267616982316,0.113552811164277
788,borderline_intellectual_disability_with_primary_infertility,Borderline intellectual disability with primary infertility,,0.0182634356713182,0.00866855976603699,0.0344008406196101
793,stress_incontinence,Stress incontinence,"loses small amounts of urine without meaning to when coughing, sneezing, laughing or during physical exercise.",0.0199451498999999,0.0108428025,0.0349533125
799,asymptomatic,Asymptomatic,,0.0,0.0,0.0
800,disfigurement_level_1_and_primary_infertility,Disfigurement level 1 and primary infertility,,0.0184849014153449,0.00859209958878025,0.0349048510567606
801,mild_abdominal_pain_and_primary_infertility,Mild abdominal pain and primary infertility,,0.018477910314486,0.00868496641621325,0.0356585097627999
802,moderate_abdominal_pain_and_primary_infertility,Moderate abdominal pain and primary infertility,,0.121018737524062,0.0829480705679076,0.167589278885955
803,severe_abdominal_pain_and_primary_infertility,Severe abdominal pain and primary infertility,,0.329393755729513,0.227487997281945,0.444853619775784
804,mild_abdominal_pain_and_secondary_infertility,Mild abdominal pain and secondary infertility,,0.016088380548197,0.007408365205818,0.0313855472136302
805,moderate_abdominal_pain_and_secondary_infertility,Moderate abdominal pain and secondary infertility,,0.118883899427014,0.0813241353374147,0.16391718874191
806,severe_abdominal_pain_and_secondary_infertility,Severe abdominal pain and secondary infertility,,0.327759074651553,0.225424929012251,0.443673111211787
807,mild_abdominal_pain_and_stress_incontinence,Mild abdominal pain and stress incontinence,,0.030712943228095,0.016255707151551,0.0543315220076054
808,mild_abdominal_pain_and_mild_depression,Mild abdominal pain and mild depression,,0.154815576626725,0.10702825905344,0.219926182378484
811,thrombocytopenic_purpura,Thrombocytopenic purpura,easily bruises and sometimes bleeds from the gums and nose; feels weak and has some difficulty with daily activities.,0.1585135373,0.105771707499999,0.226278484999999
812,hypothyroidism,Hypothyroidism,has low energy and feels cold.,0.0186086072999999,0.00973857249999999,0.0318250874999999
813,hyperthyroidism,Hyperthyroidism,"feels nervous, has palpitations, sweats a lot and has difficulty sleeping.",0.1450163846,0.096211445,0.202489869999999
814,generic_uncomplicated_disease_anxiety_and_severe_abdominopelvic_problem,Generic uncomplicated disease anxiety and severe abdominopelvic problem,,0.332677572205161,0.230920154668603,0.44786160674278
815,generic_uncomplicated_disease_anxiety_long_term_consequences_due_to_stroke,Generic uncomplicated disease anxiety; long-term consequences due to stroke,,0.324867819328663,0.219193149524776,0.443466462821477
816,generic_uncomplicated_disease_anxiety_long_term_consequences_due_to_stroke_severe_abdominopelvic_problem,Generic uncomplicated disease anxiety; long-term consequences due to stroke; severe abdominopelvic problem,,0.540637979058877,0.390415335133208,0.685335311033898
821,disfigurement_level_1_and_secondary_infertility,Disfigurement level 1 and secondary infertility,,0.0160953900067727,0.0072350355104499,0.0309906108644437
823,vertigo,Vertigo,,0.113372240199999,0.0736197,0.157504597499999
824,moderate_abdominal_pain_tension_type_headaches_mild_motor_plus_cognitive_impairment,"Moderate abdominal pain, tension-type headaches, mild motor plus cognitive impairment",,0.173592709453988,0.119654046108031,0.239485856666627
825,tension_type_headaches_mild_motor_plus_cognitive_impairment,"Tension-type headaches, mild motor plus cognitive impairment",,0.0671622698516506,0.0414068559044788,0.102729124469353
826,moderate_abdominal_pain_and_severe_epilepsy,Moderate abdominal pain and severe epilepsy,,0.602010588449275,0.426581275681651,0.752722287747039
827,vertigo_with_mild_hearing_loss,Vertigo with mild hearing loss,,0.121816065461137,0.0792206488654626,0.170252452261152
828,vertigo_with_mild_hearing_loss_and_ringing,Vertigo with mild hearing loss and ringing,,0.132301573369912,0.086466798909841,0.183729881814831
835,mild_anemia_with_stage_iv_ckd,Mild anemia with Stage IV CKD,,0.107776962488985,0.0723527751676802,0.150543053351353
836,moderate_anemia_with_stage_iv_ckd,Moderate anemia with Stage IV CKD,,0.150456456639806,0.102812065154997,0.207159253622673
837,severe_anemia_with_stage_iv_ckd,Severe anemia with Stage IV CKD,,0.237206716932445,0.16536549868531,0.323689087955913
838,diabetic_neuropathy_with_diabetic_foot,Diabetic neuropathy with diabetic foot,,0.150132144781065,0.102540099134474,0.207751590178827
839,diabetic_neuropathy_with_treated_amputation,Diabetic neuropathy with treated amputation,,0.166810636715047,0.114399341932084,0.229379355594573
840,diabetic_neuropathy_with_untreated_amputation,Diabetic neuropathy with untreated amputation,,0.282395873296746,0.19800087087654,0.37867989423343
850,severe_copd_and_other_chronic_respiratory_with_mild_heart_failure,"Severe COPD and other chronic respiratory, with mild heart failure",,0.432223678881254,0.299970261580653,0.576673861325211
851,severe_copd_and_other_chronic_respiratory_with_moderate_heart_failure,"Severe COPD and other chronic respiratory, with moderate heart failure",,0.449726082941836,0.314614699383116,0.596766538315019
852,severe_copd_and_other_chronic_respiratory_with_severe_heart_failure,"Severe COPD and other chronic respiratory, with severe heart failure",,0.511808264914019,0.365297936733124,0.665920441511476
860,anemia_mild_generic_uncomplicated_disease_anxiety,"Anemia, mild; Generic uncomplicated disease anxiety",,0.0160833307242591,0.00759539501378115,0.0309987128791995
861,anemia_moderate_generic_uncomplicated_disease_anxiety,"Anemia, moderate; Generic uncomplicated disease anxiety",,0.063305862468731,0.0399803446842235,0.0948026340652449
862,anemia_severe_generic_uncomplicated_disease_anxiety,"Anemia, severe; Generic uncomplicated disease anxiety",,0.15932514528591,0.108503954367094,0.220449282650002
863,vertigo_with_moderate_hearing_loss,Vertigo with moderate hearing loss,,0.136839321367873,0.0891318992843149,0.188712897141048
864,vertigo_with_moderate_hearing_loss_and_ringing,Vertigo with moderate hearing loss and ringing,,0.178666460289353,0.120347159700539,0.246893851993732
865,mild_abdominal_pain_with_mild_anemia,Mild abdominal pain with mild anemia,,0.0146575536844582,0.00670196239348,0.0285884416750687
866,mild_abdominal_pain_with_moderate_anemia,Mild abdominal pain with moderate anemia,,0.0619509455734975,0.0397130548851063,0.0929228106865737
867,mild_abdominal_pain_with_severe_anemia,Mild abdominal pain with severe anemia,,0.158110748547652,0.108503234804197,0.218774469991021
868,mild_motor_impairment_with_mild_respiratory_problems_and_speech_problems,Mild motor impairment with mild respiratory problems and speech problems,,0.0787649056250969,0.0486634777370764,0.122623736954969
869,mild_motor_impairment_with_moderate_respiratory_problems_and_speech_problems,Mild motor impairment with moderate respiratory problems and speech problems,,0.271946676128462,0.191299899232248,0.369384095008944
870,mild_motor_impairment_with_severe_respiratory_problems_and_speech_problems,Mild motor impairment with severe respiratory problems and speech problems,,0.443565566341036,0.310935918328244,0.584690698623473
871,moderate_motor_impairment_with_mild_respiratory_problems_and_speech_problems,Moderate motor impairment with mild respiratory problems and speech problems,,0.125819253102691,0.0812015708722607,0.183475407904578
872,moderate_motor_impairment_with_moderate_respiratory_problems_and_speech_problems,Moderate motor impairment with moderate respiratory problems and speech problems,,0.308842497797807,0.220881373037797,0.414227431343321
873,moderate_motor_impairment_with_severe_respiratory_problems_and_speech_problems,Moderate motor impairment with severe respiratory problems and speech problems,,0.471556218459913,0.338733044217276,0.611451232672099
874,severe_motor_impairment_with_mild_respiratory_problems_and_speech_problems,Severe motor impairment with mild respiratory problems and speech problems,,0.442860496396542,0.315777395532003,0.580165397954901
875,severe_motor_impairment_with_moderate_respiratory_problems_and_speech_problems,Severe motor impairment with moderate respiratory problems and speech problems,,0.557146185904331,0.412001304017426,0.704599340728595
876,severe_motor_impairment_with_severe_respiratory_problems_and_speech_problems,Severe motor impairment with severe respiratory problems and speech problems,,0.658957092762882,0.494790228906244,0.808598878481989
877,mild_motor_impairment_and_mild_respiratory_problems,Mild motor impairment and mild respiratory problems,,0.0789207729211227,0.0499959989284365,0.117186461819624
878,mild_motor_impairment_and_moderate_respiratory_problems,Mild motor impairment and moderate respiratory problems,,0.271968441488603,0.19027513752534,0.371348859163508
879,mild_motor_impairment_and_severe_respiratory_problems,Mild motor impairment and severe respiratory problems,,0.443454236732008,0.311028006155838,0.586791523992573
880,moderate_motor_impairment_and_mild_respiratory_problems,Moderate motor impairment and mild respiratory problems,,0.0292410928701262,0.0153874362434284,0.0513864160610898
881,moderate_motor_impairment_and_moderate_respiratory_problems,Moderate motor impairment and moderate respiratory problems,,0.233025640133469,0.160335862492891,0.321645707058077
882,moderate_motor_impairment_and_severe_respiratory_problems,Moderate motor impairment and severe respiratory problems,,0.41391546225916,0.280673624698918,0.558853484347133
883,severe_motor_impairment_and_mild_respiratory_problems,Severe motor impairment and mild respiratory problems,,0.413182825362493,0.286362537347668,0.553316925524638
884,severe_motor_impairment_and_moderate_respiratory_problems,Severe motor impairment and moderate respiratory problems,,0.533681605274608,0.381719936192397,0.684662626238248
885,severe_motor_impairment_and_severe_respiratory_problems,Severe motor impairment and severe respiratory problems,,0.640940520158595,0.469924151468242,0.795700062342014
886,mild_motor_impairment_and_speech_problems,Mild motor impairment and speech problems,,0.0606904423052483,0.0381827530967995,0.0937383890429599
887,moderate_motor_impairment_and_speech_problems,Moderate motor impairment and speech problems,,0.108701888263253,0.071110276457107,0.158442163475682
888,severe_motor_impairment_and_speech_problems,Severe motor impairment and speech problems,,0.431905118448126,0.30562227798424,0.572036416181308
889,mild_respiratory_and_speech_problems,Mild respiratory and speech problems,,0.0693776399349925,0.0433558071432926,0.105834373346083
890,moderate_respiratory_and_speech_problems,Moderate respiratory and speech problems,,0.264515812892439,0.184466235175212,0.359923951117196
891,severe_respiratory_and_speech_problems,Severe respiratory and speech problems,,0.437833754046273,0.303715386515393,0.581362821371772
892,stoma_and_generic_medication,Stoma and generic medication,,0.139297301872267,0.0944119185365303,0.192345494097749
893,speech_problems_and_generic_medication,Speech problems and generic medication,,0.0975013698488104,0.0633416664820861,0.144846675816925
894,mastectomy_and_generic_medication,Mastectomy and generic medication,,0.0827607225988488,0.0518666438387529,0.12394512669789
895,impotence_and_generic_medication,Impotence and generic medication,,0.0654531897314615,0.0403910784540699,0.0995444065142281
896,incontinence_and_generic_medication,Incontinence and generic medication,,0.181133560327728,0.123591028699686,0.248083542775097
897,borderline_intellectual_disability_with_congenital_heart_disease,Borderline intellectual disability with congenital heart disease,,0.0709501137342094,0.033402817236394,0.116938444805247
898,mild_intellectual_disability_with_congenital_heart_disease,Mild intellectual disability with congenital heart disease,,0.100761875305934,0.0607406280282399,0.14900305077601
899,moderate_intellectual_disability_with_congenital_heart_disease,Moderate intellectual disability with congenital heart disease,,0.154737855584506,0.104661500044936,0.210974569113912
900,severe_intellectual_disability_with_congenital_heart_disease,Severe intellectual disability with congenital heart disease,,0.211129843640491,0.148295220306848,0.28050699784379
901,profound_intellectual_disability_with_congenital_heart_disease,Profound intellectual disability with congenital heart disease,,0.248928374202847,0.175877894709158,0.3276847701146
903,severe_motor_impairment_with_mild_intellectual_disability_and_incontinence,Severe motor impairment with mild intellectual disability and incontinence,,0.505106782544995,0.367397511337437,0.646847194544206
904,severe_motor_impairment_with_moderate_intellectual_disability_and_incontinence,Severe motor impairment with moderate intellectual disability and incontinence,,0.534021510217163,0.390646472925529,0.675430293584615
905,severe_motor_impairment_with_severe_intellectual_disability_and_incontinence,Severe motor impairment with severe intellectual disability and incontinence,,0.564129085100834,0.418163738955012,0.709651943151366
906,severe_motor_impairment_with_profound_intellectual_disability_and_incontinence,Severe motor impairment with profound intellectual disability and incontinence,,0.584380092781355,0.434611141486276,0.72973591929067
907,severe_motor_impairment_with_mild_intellectual_disability,Severe motor impairment with mild intellectual disability,,0.426872345306327,0.300312186569611,0.567377678543706
908,severe_motor_impairment_with_moderate_intellectual_disability,Severe motor impairment with moderate intellectual disability,,0.460540676518126,0.324288860469426,0.603383553710111
909,severe_motor_impairment_with_severe_intellectual_disability,Severe motor impairment with severe intellectual disability,,0.495598284938366,0.355357505848759,0.641030556844365
910,severe_motor_impairment_with_profound_intellectual_disability,Severe motor impairment with profound intellectual disability,,0.519155287068335,0.369631500633537,0.668434999715648
911,congenital_heart_disease_and_mild_dementia,Congenital heart disease and mild dementia,,0.125743864647378,0.0813426412806751,0.175579859586703
912,congenital_heart_disease_and_moderate_dementia,Congenital heart disease and moderate dementia,,0.414765683030466,0.294005444303511,0.54679835259666
913,congenital_heart_disease_and_severe_dementia,Congenital heart disease and severe dementia,,0.482088516007511,0.342284844964345,0.620140527746718
914,congenital_heart_disease_mild_dementia_borderline_intellectual_disability,"Congenital heart disease, mild dementia, borderline intellectual disability",,0.135146691111575,0.089834577719017,0.187670105173524
915,congenital_heart_disease_mild_dementia_mild_intellectual_disability,"Congenital heart disease, mild dementia, mild intellectual disability",,0.162822058026476,0.112291526109514,0.220410488829042
916,congenital_heart_disease_mild_dementia_moderate_intellectual_disability,"Congenital heart disease, mild dementia, moderate intellectual disability",,0.212960856440891,0.150452707858472,0.282198051757073
917,congenital_heart_disease_mild_dementia_severe_intellectual_disability,"Congenital heart disease, mild dementia, severe intellectual disability",,0.265356968878748,0.191609273606807,0.345864715602705
918,congenital_heart_disease_mild_dementia_profound_intellectual_disability,"Congenital heart disease, mild dementia, profound intellectual disability",,0.300506469372713,0.221656032550801,0.392097508124742
919,congenital_heart_disease_moderate_dementia_borderline_intellectual_disability,"Congenital heart disease, moderate dementia, borderline intellectual disability",,0.421123853250759,0.302972983275833,0.549540065226861
920,congenital_heart_disease_moderate_dementia_mild_intellectual_disability,"Congenital heart disease, moderate dementia, mild intellectual disability",,0.439472302016621,0.322668137793688,0.568591066737145
921,congenital_heart_disease_moderate_dementia_moderate_intellectual_disability,"Congenital heart disease, moderate dementia, moderate intellectual disability",,0.47245210538571,0.349631019135666,0.608075783187009
922,congenital_heart_disease_moderate_dementia_severe_intellectual_disability,"Congenital heart disease, moderate dementia, severe intellectual disability",,0.506818973004937,0.377146257089196,0.642187669329207
923,congenital_heart_disease_moderate_dementia_profound_intellectual_disability,"Congenital heart disease, moderate dementia, profound intellectual disability",,0.529882034202311,0.392557074890006,0.665826320988491
924,congenital_heart_disease_severe_dementia_borderline_intellectual_disability,"Congenital heart disease, severe dementia, borderline intellectual disability",,0.48774426430348,0.350297133497594,0.62432524194819
925,congenital_heart_disease_severe_dementia_mild_intellectual_disability,"Congenital heart disease, severe dementia, mild intellectual disability",,0.503948790706145,0.368245007009044,0.64115296859502
926,congenital_heart_disease_severe_dementia_moderate_intellectual_disability,"Congenital heart disease, severe dementia, moderate intellectual disability",,0.532989642527543,0.395854586383317,0.67153651945248
927,congenital_heart_disease_severe_dementia_severe_intellectual_disability,"Congenital heart disease, severe dementia, severe intellectual disability",,0.563218220702683,0.419374848484309,0.704481909435274
928,congenital_heart_disease_severe_dementia_profound_intellectual_disability,"Congenital heart disease, severe dementia, profound intellectual disability",,0.583504261120544,0.435887935231462,0.723059140966139
929,mild_dementia_borderline_intellectual_disability,"Mild dementia, borderline intellectual disability",,0.0791533764215353,0.05132697854125,0.115374658696329
930,mild_dementia_mild_intellectual_disability,"Mild dementia, mild intellectual disability",,0.108625642147579,0.0712540408742736,0.158740272352713
931,mild_dementia_moderate_intellectual_disability,"Mild dementia, moderate intellectual disability",,0.162019208453151,0.109968876456997,0.222324527323245
932,mild_dementia_severe_intellectual_disability,"Mild dementia, severe intellectual disability",,0.217801397870444,0.149214398154699,0.298545296727391
933,mild_dementia_profound_intellectual_disability,"Mild dementia, profound intellectual disability",,0.25522993143955,0.178168608917447,0.345568469334361
934,moderate_dementia_borderline_intellectual_disability,"Moderate dementia, borderline intellectual disability",,0.383664456715302,0.261703800060963,0.517058699079086
935,moderate_dementia_mild_intellectual_disability,"Moderate dementia, mild intellectual disability",,0.4032038322756,0.280764147408564,0.535821655677935
936,moderate_dementia_moderate_intellectual_disability,"Moderate dementia, moderate intellectual disability",,0.438323508054024,0.310676078176166,0.576195750597889
937,moderate_dementia_severe_intellectual_disability,"Moderate dementia, severe intellectual disability",,0.474911265882218,0.340374735603926,0.614491531754232
938,moderate_dementia_profound_intellectual_disability,"Moderate dementia, profound intellectual disability",,0.499470545522199,0.357848132120196,0.644590784355081
939,severe_dementia_borderline_intellectual_disability,"Severe dementia, borderline intellectual disability",,0.454595864382451,0.315676849085329,0.597243633152491
940,severe_dementia_mild_intellectual_disability,"Severe dementia, mild intellectual disability",,0.471852172760589,0.332084800198684,0.614820083268252
941,severe_dementia_moderate_intellectual_disability,"Severe dementia, moderate intellectual disability",,0.502777442306875,0.354703616178858,0.645588370272731
942,severe_dementia_severe_intellectual_disability,"Severe dementia, severe intellectual disability",,0.534960347003776,0.38418912263065,0.680959636236919
943,severe_dementia_profound_intellectual_disability,"Severe dementia, profound intellectual disability",,0.556562297781393,0.400640194634501,0.703387214312892
2216,level_2_disfigurement_with_mild_motor_impairment,Level 2 disfigurement with mild motor impairment,,0.076420403449358,0.0507898302257599,0.112019876826275
2219,level_2_disfigurement_with_moderate_motor_impairment,Level 2 disfigurement with moderate motor impairment,,0.123598255535468,0.0828655417085809,0.175212770674252
2222,level_2_disfigurement_with_itch_pain_and_mild_motor_impairment,Level 2 disfigurement with itch/pain and mild motor impairment,,0.196306458357612,0.131644086039832,0.27520579188402
2225,level_2_disfigurement_with_itch_pain_and_moderate_motor_impairment,Level 2 disfigurement with itch/pain and moderate motor impairment,,0.237168555370821,0.163109777984387,0.324389091825979
2228,level_1_disfigurement_with_itch_pain_and_mild_abdominopelvic_problem,Level 1 disfigurement with itch/pain and mild abdominopelvic problem,,0.0372098484801696,0.0204662158557175,0.0616067934957748
2231,mild_abdominopelvic_problem_and_mild_copd_and_other_chronic_respiratory_problems,Mild abdominopelvic problem and mild COPD and other chronic respiratory problems,,0.0300917884439292,0.0158575453216449,0.0527203684763101
2234,mild_abdominopelvic_problem_and_mild_intellectual_disability,Mild abdominopelvic problem and mild intellectual disability,,0.053050500765363,0.0318239127865249,0.0825315727222426
2237,level_1_disfigurement_with_itch_pain_and_mild_copd_and_other_chronic_respiratory_problems,Level 1 disfigurement with itch/pain and mild COPD and other chronic respiratory problems,,0.0452857361547667,0.0258497182551546,0.0731497857014982
2240,level_1_disfigurement_with_itch_pain_and_mild_intellectual_disability,Level 1 disfigurement with itch/pain and mild intellectual disability,,0.0678702019318754,0.0410507999386209,0.102433429219145
2243,mild_intellectual_disability_and_mild_copd_and_other_chronic_respiratory_problem,Mild intellectual disability and mild COPD and other chronic respiratory problem,,0.0609883295803818,0.03690044555591,0.0930609705756093
2246,mild_abdominopelvic_problem_mild_copd_and_other_chronic_respiratory_problems_and_level_1_disfigurement_with_itch_pain,"Mild abdominopelvic problem, mild COPD and other chronic respiratory problems, and level 1 disfigurement with itch/pain",,0.0557511527242856,0.0307594165153882,0.0922046926081387
2249,mild_abdominopelvic_problem_mild_intellectual_disability_and_level_1_disfigurement_with_itch_pain,"Mild abdominopelvic problem, mild intellectual disability, and level 1 disfigurement with itch/pain",,0.0780783777391307,0.046134944790339,0.120074770218432
2252,mild_copd_and_other_chronic_respiratory_problems_mild_intellectual_disability_and_level_1_disfigurement_with_itch_pain,"Mild COPD and other chronic respiratory problems, mild intellectual disability, and level 1 disfigurement with itch/pain",,0.0857954761606223,0.0515503323441084,0.130846501232806
2255,mild_abdominopelvic_problem_mild_copd_and_other_chronic_respiratory_problems_mild_intellectual_disability_and_level_1_disfigurement_with_itch_pain,"Mild abdominopelvic problem, mild COPD and other chronic respiratory problems, mild intellectual disability, and level 1 disfigurement with itch/pain",,0.0957876253106604,0.0570773324969663,0.147623136901997
2258,mild_abdominopelvic_problem_primary_infertility_impotence_and_level_1_disfigurement,"Mild abdominopelvic problem, primary infertility, impotence, and level 1 disfigurement",,0.0460397539022569,0.0227590263908544,0.0832934549223488
2261,mild_abdominopelvic_problem_primary_infertility_and_impotence,"Mild abdominopelvic problem, primary infertility, and impotence",,0.0354606599248787,0.0175680772933118,0.0644979593839159
2264,mild_abdominopelvic_problem_and_impotence,Mild abdominopelvic problem and impotence,,0.0281367332508919,0.014323834519691,0.0497747620829484
2267,moderate_abdominopelvic_problem_and_level_1_disfigurement,Moderate abdominopelvic problem and level 1 disfigurement,,0.124064295017261,0.0846912579507136,0.172262598155771
2270,mild_abdominopelvic_problem_level_1_disfigurement_and_primary_infertility,"Mild abdominopelvic problem, level 1 disfigurement and primary infertility",,0.0292633456669004,0.0139886332861212,0.0553038795228255
2273,level_1_disfigurement_and_impotence,Level 1 disfigurement and impotence,,0.0281438334738104,0.014246256245695,0.0498313722598238
2276,mild_abdominopelvic_problem_level_1_disfigurement_and_impotence,"Mild abdominopelvic problem, level 1 disfigurement and impotence",,0.0388078083466633,0.0195138918799658,0.0695030773779884
2279,primary_infertility_and_impotence,Primary infertility and impotence,,0.0247561336747143,0.0120451643158809,0.0448758254117514
2282,mild_abdominopelvic_problem_and_level_1_disfigurement,Mild abdominopelvic problem and level 1 disfigurement,,0.0218887041123347,0.0105938880502749,0.0406955936123739
2285,mild_abdominopelvic_problem_moderate_abdominopelvic_problem_and_level_1_disfigurement,"Mild abdominopelvic problem, moderate abdominopelvic problem, and level 1 disfigurement",,0.205959996084546,0.142701020508159,0.283138957081529
2288,mild_abdominopelvic_problem_moderate_abdominopelvic_problem_and_mild_copd_and_other_chronic_respiratory_problems,"Mild abdominopelvic problem, moderate abdominopelvic problem, and mild COPD and other chronic respiratory problems",,0.140897072060752,0.0962937995895735,0.197962825589638
2291,mild_abdominopelvic_problem_and_moderate_abdominopelvic_problem,Mild abdominopelvic problem and moderate abdominopelvic problem,,0.124057408275088,0.0849621643379671,0.171176387746015
2294,congenital_heart_disease_and_mild_heart_failure,Congenital heart disease and mild heart failure,,0.0997391183602564,0.0601894922340252,0.146840123216636
2297,congenital_heart_disease_and_moderate_heart_failure,Congenital heart disease and moderate heart failure,,0.128104178978895,0.0840419639962423,0.178070136116012
2300,congenital_heart_disease_and_severe_heart_failure,Congenital heart disease and severe heart failure,,0.22897576486061,0.161692641181614,0.303632175457977
2303,congenital_heart_disease_borderline_intellectual_functioning_and_mild_heart_failure,"Congenital heart disease, borderline intellectual functioning, and mild heart failure",,0.109426792893646,0.0681176019667061,0.157811813999496
2306,congenital_heart_disease_borderline_intellectual_functioning_and_moderate_heart_failure,"Congenital heart disease, borderline intellectual functioning, and moderate heart failure",,0.137481972912012,0.0921934699432637,0.190295221640147
2309,congenital_heart_disease_borderline_intellectual_functioning_and_severe_heart_failure,"Congenital heart disease,borderline intellectual functioning, and severe heart failure",,0.23727952763371,0.168942796030502,0.313298874038978
2312,congenital_heart_disease_mild_intellectual_disability_and_mild_heart_failure,"Congenital heart disease, mild intellectual disability, and mild heart failure",,0.137954598462197,0.0912174111605291,0.192641408499089
2315,congenital_heart_disease_mild_intellectual_disability_and_moderate_heart_failure,"Congenital heart disease, mild intellectual disability, and moderate heart failure",,0.165079342177595,0.113680650965976,0.225675095772986
2318,congenital_heart_disease_mild_intellectual_disability_and_servere_heart_failure,"Congenital heart disease, mild intellectual disability, and servere heart failure",,0.261598140665577,0.189353342555946,0.340562393377912
2321,congenital_heart_disease_moderate_intellectual_disability_and_mild_heart_failure,"Congenital heart disease, moderate intellectual disability, and mild heart failure",,0.189643005466326,0.131836722007633,0.256108740244488
2324,congenital_heart_disease_moderate_intellectual_disability_and_moderate_heart_failure,"Congenital heart disease, moderate intellectual disability, and moderate heart failure",,0.215076306628736,0.152617804701371,0.285499047575336
2327,congenital_heart_disease_moderate_intellectual_disability_and_severe_heart_failure,"Congenital heart disease, moderate intellectual disability, and severe heart failure",,0.305573570737976,0.223103812527645,0.395754518169602
2330,congenital_heart_disease_severe_intellectual_disability_and_mild_heart_failure,"Congenital heart disease, severe intellectual disability, and mild heart failure",,0.243661064125913,0.176324700407062,0.318702397073586
2333,congenital_heart_disease_severe_intellectual_disability_and_moderate_heart_failure,"Congenital heart disease, severe intellectual disability, and moderate heart failure",,0.267322106085075,0.194333531099455,0.349225832845538
2336,congenital_heart_disease_severe_intellectual_disability_and_severe_heart_failure,"Congenital heart disease, severe intellectual disability, and severe heart failure",,0.351497589198012,0.258291939517082,0.455277442106082
2339,congenital_heart_disease_profound_intellectual_disability_and_mild_heart_failure,"Congenital heart disease, profound intellectual disability, and mild heart failure",,0.279889101456005,0.206107452513074,0.369398696031361
2342,congenital_heart_disease_profound_intellectual_disability_and_moderate_heart_failure,"Congenital heart disease, profound intellectual disability, and moderate heart failure",,0.302370799635266,0.221935052987232,0.39514015484223
2345,congenital_heart_disease_profound_intellectual_disability_and_severe_heart_failure,"Congenital heart disease, profound intellectual disability, and severe heart failure",,0.382326986430351,0.282108861208209,0.49462478510012
2351,level_1_disfigurement_and_urinary_incontinence,Level 1 disfigurement and urinary incontinence,,0.148591155457033,0.101476397143359,0.205756231303791
2354,urinary_incontinence_and_impotence,urinary incontinence and impotence,,0.154005382694268,0.105188569644943,0.213689498139235
2357,mild_abdominopelvic_problem_urinary_incontinence_and_level_1_disfigurement,"Mild abdominopelvic problem, urinary incontinence, and level 1 disfigurement",,0.15792260134147,0.108002855634663,0.217783483702756
2360,mild_abdominopelvic_problem_urinary_incontinence_and_impotence,"Mild abdominopelvic problem, urinary incontinence, and impotence",,0.163273136555387,0.111748871548128,0.22499965297972
2363,mild_abdominopelvic_problem_urinary_incontinence_impotence_and_level_1_disfigurement,"Mild abdominopelvic problem, urinary incontinence, impotence, and level 1 disfigurement",,0.17243355709298,0.117962521540225,0.238901340023068
2366,severe_motor_plus_cognitive_impairments_and_congenital_heart_disease,Severe motor plus cognitive impairments and congenital heart disease,,0.569527619432914,0.404817745701454,0.719480465673836
2369,borderline_intellectual_functioning_and_urinary_incontinence,Borderline intellectual functioning and urinary incontinence,,0.148399028525084,0.101002507700067,0.206393202975286
2372,mild_intellectual_disability_and_urinary_incontinence,Mild intellectual disability and urinary incontinence,,0.175589861623747,0.120083729764521,0.242378043909684
2375,moderate_intellectual_disability_and_urinary_incontinence,Moderate intellectual disability and urinary incontinence,,0.224807919511377,0.155521812121675,0.30405925996742
2378,severe_intellectual_disability_and_urinary_incontinence,Severe intellectual disability and urinary incontinence,,0.276212839095319,0.194126635377098,0.376016402164954
2381,profound_intellectual_disability_and_urinary_incontinence,Profound intellectual disability and urinary incontinence,,0.310714142101135,0.216720659253578,0.418182068332673
2384,mild_motor_impairment_and_borderline_intellectual_functioning,Mild motor impairment and borderline intellectual functioning,,0.0208095883810677,0.0100761728357075,0.0385353446986712
2387,moderate_motor_impairment_and_borderline_intellectual_functioning,Moderate motor impairment and borderline intellectual functioning,,0.070936592370279,0.0448918458964684,0.105848114213122
2390,severe_motor_impairment_and_borderline_intellectual_functioning,Severe motor impairment and borderline intellectual functioning,,0.408121416700004,0.278646619826258,0.549580678811403
2393,moderate_motor_impairment_and_mild_intellectual_functioning,Moderate motor impairment and mild intellectual functioning,,0.100679216548761,0.0655918072217447,0.146418001205345
2396,mild_motor_impairment_and_moderate_intellectual_functioning,Mild motor impairment and moderate intellectual functioning,,0.109115521479688,0.0732700928024799,0.153567057840485
2399,mild_motor_impairment_and_severe_intellectual_functioning,Mild motor impairment and severe intellectual functioning,,0.168549993409872,0.113284659471895,0.23749545398098
2402,moderate_motor_impairment_and_severe_intellectual_functioning,Moderate motor impairment and severe intellectual functioning,,0.210863038946613,0.145223487339916,0.292874532921291
2405,mild_motor_impairment_borderline_intellectual_functioning_and_urinary_incontinence,"Mild motor impairment, borderline intellectual functioning, and urinary incontinence",,0.156995131252842,0.108195022121341,0.217901396709107
2408,moderate_motor_impairment_borderline_intellectual_functioning_and_urinary_incontinence,"Moderate motor impairment, borderline intellectual functioning, and urinary incontinence",,0.199919441371935,0.13854466430111,0.273078904693133
2411,severe_motor_impairment_borderline_intellectual_functioning_and_urinary_incontinence,"Severe motor impairment, borderline intellectual functioning, and urinary incontinence",,0.48899922133593,0.353461436610889,0.631616053291387
2414,mild_motor_impairment_mild_intellectual_functioning_and_urinary_incontinence,"Mild motor impairment, mild intellectual functioning, and urinary incontinence",,0.183898578780819,0.127519166777205,0.253189088344794
2417,moderate_motor_impairment_mild_intellectual_functioning_and_urinary_incontinence,"Moderate motor impairment, mild intellectual functioning, and urinary incontinence",,0.271558960459278,0.191211256391092,0.363522428276705
2420,mild_motor_impairment_moderate_intellectual_functioning_and_urinary_incontinence,"Mild motor impairment, moderate intellectual functioning, and urinary incontinence",,0.232617018813403,0.161370850112794,0.314201406043494
2423,moderate_motor_impairment_moderate_intellectual_functioning_and_urinary_incontinence,"Moderate motor impairment, moderate intellectual functioning, and urinary incontinence",,0.271558960459278,0.191211256391092,0.363522428276705
2426,mild_motor_impairment_servere_intellectual_functioning_and_urinary_incontinence,"Mild motor impairment, servere intellectual functioning, and urinary incontinence",,0.283508059172119,0.200684864573429,0.384518628953824
2429,moderate_motor_impairment_servere_intellectual_functioning_and_urinary_incontinence,"Moderate motor impairment, servere intellectual functioning, and urinary incontinence",,0.319777488161469,0.227692664466497,0.428562973834686
2432,mild_motor_impairment_and_urinary_incontinence,Mild motor impairment and urinary incontinence,,0.147837782535922,0.10039932743776,0.206681909719483
2435,moderate_motor_impairment_and_urinary_incontinence,Moderate motor impairment and urinary incontinence,,0.191245430510548,0.131662023252386,0.262819467569305
2438,kwashiorkor_and_severe_wasting,Kwashiorkor and severe wasting,,0.171946491229287,0.11473802245259,0.23843374808058
2441,moderate_motor_plus_cognitive_impairments_and_moderate_infectious_disease_acute_episode,"Moderate motor plus cognitive impairments and moderate infectious disease, acute episode",,0.243027149563931,0.168002830906056,0.333106218497681
2444,level_3_disfigurement_and_moderate_infectious_disease_acute_episode,"Level 3 disfigurement and moderate infectious disease, acute episode",,0.434622571702027,0.305652484586317,0.571316965824909
2447,level_3_disfigurement_and_moderate_motor_plus_cognitive_impairments,Level 3 disfigurement and moderate motor plus cognitive impairments,,0.523209748983538,0.378418766803804,0.669377132865301
2450,level_3_disfigurement_moderate_motor_plus_cognitive_impairments_and_moderate_infectious_disease_acute_episode,"Level 3 disfigurement, moderate motor plus cognitive impairments, and moderate infectious disease, acute episode",,0.546965949010242,0.402057487560851,0.690747392262052
2453,mild_motor_impairment_profound_intellectual_functioning_and_urinary_incontinence,"Mild motor impairment, profound intellectual functioning, and urinary incontinence",,0.317671503721082,0.224351439375255,0.4263623945975
2456,mild_anemia_and_terminal_phase_without_medication_for_cancers_end_stage_kidney_liver_disease,"Mild anemia and terminal phase, without medication (for cancers, end-stage kidney/liver disease)",,0.57017541467041,0.391434005239052,0.727423384279286
2459,moderate_anemia_and_terminal_phase_without_medication_for_cancers_end_stage_kidney_liver_disease,"Moderate anemia and terminal phase, without medication (for cancers, end-stage kidney/liver disease)",,0.590500852213088,0.413727501615497,0.743072762712477
2462,severe_anemia_and_terminal_phase_without_medication_for_cancers_end_stage_kidney_liver_disease,"Severe anemia and terminal phase, without medication (for cancers, end-stage kidney/liver disease)",,0.630883907680443,0.4557564974821,0.782455382887607
2465,moderate_abdominal_pain_with_mild_anemia,Moderate abdominal pain with mild anemia,,0.117605201967207,0.0806429775963289,0.163047524089775
2468,moderate_abdominal_pain_with_moderate_anemia,Moderate abdominal pain with moderate anemia,,0.15980206170405,0.109309689674972,0.219965115411651
2471,moderate_abdominal_pain_with_severe_anemia,Moderate abdominal pain with severe anemia,,0.245552712819765,0.170741155016526,0.334030998473176
2474,infectious_disease_acute_episode_severe_with_mild_anemia,"Infectious disease, acute episode, severe, with mild anemia",,0.136608729508858,0.0914573820157387,0.192488150004933
2477,infectious_disease_acute_episode_severe_with_moderate_anemia,"Infectious disease, acute episode, severe, with moderate anemia",,0.177867946714338,0.121837369676902,0.247376207280356
2480,infectious_disease_acute_episode_severe_with_severe_anemia,"Infectious disease, acute episode, severe, with severe anemia",,0.261675380663221,0.183516715919878,0.359049475101678
2483,infectious_disease_acute_episode_mild_with_mild_anemia,"Infectious disease, acute episode, mild, with mild anemia",,0.00945645888851624,0.00373796480007265,0.0199903746726519
2486,infectious_disease_acute_episode_mild_with_moderate_anemia,"Infectious disease, acute episode, mild, with moderate anemia",,0.0570109038963666,0.0366456441729702,0.0852958805227347
2489,infectious_disease_acute_episode_mild_with_severe_anemia,"Infectious disease, acute episode, mild, with severe anemia",,0.15368270742169,0.105000976212978,0.213993750017015
2492,infectious_disease_acute_episode_moderate_with_mild_anemia,"Infectious disease, acute episode, moderate, with mild anemia",,0.0540912769231853,0.033975600824515,0.079322085231024
2495,infectious_disease_acute_episode_moderate_with_moderate_anemia,"Infectious disease, acute episode, moderate, with moderate anemia",,0.0994212308427917,0.0648356680454939,0.142050881377933
2498,infectious_disease_acute_episode_moderate_with_severe_anemia,"Infectious disease, acute episode, moderate, with severe anemia",,0.191620198246489,0.132884256117102,0.262601198648947
2519,congenital_heart_disease_and_borderline_intellectual_functioning,Congenital heart disease and borderline intellectual functioning,,0.0709501137342094,0.033402817236394,0.116938444805247
2522,congenital_heart_disease_and_intellectual_disability_mental_retardation_mild,"Congenital heart disease and Intellectual disability / mental retardation, mild",,0.100761875305934,0.0607406280282399,0.14900305077601
2525,congenital_heart_disease_and_intellectual_disability_mental_retardation_moderate,"Congenital heart disease and Intellectual disability / mental retardation, moderate",,0.154737855584506,0.104661500044936,0.210974569113912
2528,congenital_heart_disease_and_intellectual_disability_mental_retardation_severe,"Congenital heart disease and Intellectual disability / mental retardation, severe",,0.211129843640491,0.148295220306848,0.28050699784379
2531,congenital_heart_disease_and_intellectual_disability_mental_retardation_profound,"Congenital heart disease and Intellectual disability / mental retardation, profound",,0.248928374202847,0.175877894709158,0.3276847701146
2534,hiv_cases_symptomatic_pre_aids_and_anemia_mild,"HIV cases, symptomatic, pre-AIDS and anemia, mild",,0.277181218177812,0.188503300832356,0.379147548943469
2537,hiv_cases_symptomatic_pre_aids_and_anemia_moderate,"HIV cases, symptomatic, pre-AIDS and anemia, moderate",,0.311585318509671,0.216656288730921,0.418034023623252
2540,hiv_cases_symptomatic_pre_aids_and_anemia_severe,"HIV cases, symptomatic, pre-AIDS and anemia, severe",,0.381147624050404,0.268579905857675,0.50458202537933
2543,hiv_aids_cases_receiving_arv_treatment_and_anemia_mild,"HIV/AIDS cases, receiving ARV treatment and anemia, mild",,0.0814133163087075,0.0541546428320874,0.115741057355396
2546,hiv_aids_cases_receiving_arv_treatment_and_anemia_moderate,"HIV/AIDS cases, receiving ARV treatment and anemia, moderate",,0.125392636046685,0.0847646136614479,0.176414502843682
2549,hiv_aids_cases_receiving_arv_treatment_and_anemia_severe,"HIV/AIDS cases, receiving ARV treatment and anemia, severe",,0.214818632701928,0.148111057467023,0.295048150132408
2552,aids_cases_not_receiving_arv_treatment_and_anemia_mild,"AIDS cases, not receiving ARV treatment and anemia, mild",,0.583216266964975,0.40917473821748,0.742976470039111
2555,aids_cases_not_receiving_arv_treatment_and_anemia_moderate,"AIDS cases, not receiving ARV treatment and anemia, moderate",,0.602912609524611,0.430247040089738,0.758312735625613
2558,aids_cases_not_receiving_arv_treatment_and_anemia_severe,"AIDS cases, not receiving ARV treatment and anemia, severe",,0.642019050453207,0.470049634151071,0.792160093729615
2561,tuberculosis_hiv_infected_and_anemia_mild,"Tuberculosis, HIV infected and anemia, mild",,0.41069636034036,0.278062770306049,0.550685739301583
2564,tuberculosis_hiv_infected_and_anemia_moderate,"Tuberculosis, HIV infected and anemia, moderate",,0.438663209985437,0.30654567321235,0.577249367948492
2567,tuberculosis_hiv_infected_and_anemia_severe,"Tuberculosis, HIV infected and anemia, severe",,0.494827003652249,0.352944566695184,0.640202413580951
2579,intellectual_disability_mental_retardation_profound_and_iodine_deficiency_goiter,"Intellectual disability / mental retardation, profound and Iodine-deficiency goiter",,0.357911082660171,0.252065101254133,0.475253005170504
2582,intellectual_disability_mental_retardation_severe_and_iodine_deficiency_goiter,"Intellectual disability / mental retardation, severe and Iodine-deficiency goiter",,0.3259027477635,0.233228900591252,0.437623673298173
2597,mild_motor_impairment_with_profound_intellectual_disability,Mild motor impairment with profound intellectual disability,,0.208404214897135,0.141530712349401,0.289286008140412
2600,moderate_motor_impairment_with_profound_intellectual_disability,Moderate motor impairment with profound intellectual disability,,0.248632837180573,0.173991631798487,0.337855643977493
2603,moderate_motor_impairment_with_profound_intellectual_disability_and_incontinence,Moderate motor impairment with profound intellectual disability and incontinence,,0.35216353678433,0.253733978782,0.465121623389152
2612,autism_spectrum_disorder_without_intellectual_disability,Autism spectrum disorder without intellectual disability,,0.169359797978,0.114169075425,0.2357093959
2618,autism_spectrum_disorder_with_borderline_intellectual_disability,Autism spectrum disorder with borderline intellectual disability,,0.178328590342,0.122882795524999,0.243823410949999
2621,autism_spectrum_disorder_with_mild_intellectual_disability,Autism spectrum disorder with mild intellectual disability,,0.204718946503,0.1488211783,0.2727042513
2624,autism_spectrum_disorder_with_moderate_intellectual_disability,Autism spectrum disorder with moderate intellectual disability,,0.252480563633,0.1922669316,0.318199304975
2627,autism_spectrum_disorder_with_severe_intellectual_disability,Autism spectrum disorder with severe intellectual disability,,0.302363626574,0.23625076505,0.372852922875
2630,autism_spectrum_disorder_with_profound_intellectual_disability,Autism spectrum disorder with profound intellectual disability,,0.335791504226999,0.2613388445,0.418210670499999
2633,often_has_a_burning_sensation_in_the_back_of_the_chest_after_eating,Often has a burning sensation in the back of the chest after eating,Standard,0.0263735870999999,0.014719325,0.0418863075
2648,gastric_bleeding_and_anemia_mild,"Gastric bleeding and anemia, mild",,0.327330892616285,0.212630947636769,0.463338019479337
2651,gastric_bleeding_and_anemia_moderate,"Gastric bleeding and anemia, moderate",,0.359299851681481,0.241503933240305,0.497021133745233
2654,gastric_bleeding_and_anemia_severe,"Gastric bleeding and anemia, severe",,0.423789255076229,0.292761769348553,0.570096860162917
2657,infectious_disease_acute_episode_severe_and_abdominopelvic_problem_severe,"Infectious disease, acute episode, severe and abdominopelvic problem, severe",,0.413154670494099,0.295660408323552,0.541466269639252
2663,copd_and_other_chronic_respiratory_problems_severe_and_generic_uncomplicated_disease_worry_and_daily_medication,"COPD and other chronic respiratory problems, severe and generic uncomplicated disease: worry and daily medication",,0.43662301570499,0.300739429159588,0.581191308570642
2666,congenital_heart_disease_and_generic_uncomplicated_disease_worry_and_daily_medication,Congenital heart disease and generic uncomplicated disease: worry and daily medication,,0.10683962207452,0.0665893247716673,0.155702435014913
2669,congenital_heart_disease_and_borderline_intellectual_functioning_and_generic_uncomplicated_disease_worry_and_daily_medication,Congenital heart disease and borderline intellectual functioning and generic uncomplicated disease: worry and daily medication,,0.116448447432206,0.0742504641463675,0.168844760935567
2672,congenital_heart_disease_and_intellectual_disability_mental_retardation_mild_and_generic_uncomplicated_disease_worry_and_daily_medication,"Congenital heart disease and Intellectual disability / mental retardation, mild and generic uncomplicated disease: worry and daily medication",,0.144742896124011,0.0976384906448705,0.200325254642547
2675,congenital_heart_disease_and_intellectual_disability_mental_retardation_moderate_and_generic_uncomplicated_disease_worry_and_daily_medication,"Congenital heart disease and Intellectual disability / mental retardation, moderate and generic uncomplicated disease: worry and daily medication",,0.196010168827008,0.137303795345507,0.263619651754099
2678,congenital_heart_disease_and_intellectual_disability_mental_retardation_severe_and_generic_uncomplicated_disease_worry_and_daily_medication,"Congenital heart disease and Intellectual disability / mental retardation, severe and generic uncomplicated disease: worry and daily medication",,0.24958788798433,0.178138946871479,0.32595451480308
2681,congenital_heart_disease_and_intellectual_disability_mental_retardation_profound_and_generic_uncomplicated_disease_worry_and_daily_medication,"Congenital heart disease and Intellectual disability / mental retardation, profound and generic uncomplicated disease: worry and daily medication",,0.285521051528702,0.209948269860269,0.374725218785961
2684,abdominopelvic_problem_severe_and_mild_anemia,"Abdominopelvic problem, severe and mild anemia",,0.326776744073247,0.224178963849677,0.443155965928335
2690,abdominopelvic_problem_severe_and_moderate_anemia,"Abdominopelvic problem, severe and moderate anemia",,0.358787478319833,0.253537863364922,0.476032751328006
2693,abdominopelvic_problem_severe_and_severe_anemia,"Abdominopelvic problem, severe and severe anemia",,0.423364416242141,0.301730296405061,0.555560106201893
2694,end_stage_renal_disease_on_dialysis_and_mild_anemia,"End-stage renal disease, on dialysis and mild anemia",,0.572561712792288,0.403151128298815,0.725554206006143
2720,decompensated_cirrhosis_of_the_liver_and_mild_anemia,Decompensated cirrhosis of the liver and mild anemia,,0.181242186476127,0.126183658934348,0.251969914058926
2721,decompensated_cirrhosis_of_the_liver_and_moderate_anemia,Decompensated cirrhosis of the liver and moderate anemia,,0.220320692954307,0.155570368981941,0.298461356340551
2722,decompensated_cirrhosis_of_the_liver_and_severe_anemia,Decompensated cirrhosis of the liver and severe anemia,,0.29960279123152,0.212268600502115,0.404404327896682
2724,end_stage_renal_disease_on_dialysis_and_moderate_anemia,"End-stage renal disease, on dialysis and moderate anemia",,0.592771972201399,0.423596207357716,0.7421047160796
2725,end_stage_renal_disease_on_dialysis_and_severe_anemia,"End-stage renal disease, on dialysis and severe anemia",,0.632939048670002,0.461659703452555,0.781032572041202
2730,hearing_loss_unilateral,"Hearing loss, unilateral","can hear well with one ear but has hearing loss in the other ear, resulting in some trouble following a conversation in a noisy environment",0.0079861649,0.00359250999999999,0.0154907825
2731,crohn_disease_or_ulcerative_colitis_mild_anemia,"Crohn disease or ulcerative colitis, mild anemia",,0.233748694896018,0.160192432649964,0.322201686542519
2732,crohn_disease_or_ulcerative_colitis_moderate_anemia,"Crohn disease or ulcerative colitis, moderate anemia",,0.270264475862003,0.190470443304655,0.364556352955129
2733,crohn_disease_or_ulcerative_colitis_severe_anemia,"Crohn disease or ulcerative colitis, severe anemia",,0.344218576826906,0.245320477567238,0.460889798809257
2734,stroke_long_term_consequences_mild_dementia_mild,"Stroke, long-term consequences, mild; Dementia, mild",,0.134181571042197,0.0914071049864796,0.186783438365745
2735,stroke_long_term_consequences_mild_dementia_moderate,"Stroke, long-term consequences, mild; Dementia, moderate",,0.42002428310105,0.295238300204974,0.555261315153761
2736,stroke_long_term_consequences_mild_dementia_severe,"Stroke, long-term consequences, mild; Dementia, severe",,0.486667465160859,0.345343081898338,0.628085593231191
2740,generic_uncomplicated_disease_worry_and_daily_medication_chronic_kidney_disease_stage_iv,"Generic uncomplicated disease: worry and daily medication, Chronic kidney disease (stage IV)",,0.148200195082815,0.0998587152353725,0.204923808664866
2741,heart_failure_mild_chronic_kidney_disease_stage_iv,"Heart failure, mild; Chronic kidney disease (stage IV)",,0.141455247522356,0.0967896518931571,0.19488565349802
2742,heart_failure_moderate_chronic_kidney_disease_stage_iv,"Heart failure, moderate; Chronic kidney disease (stage IV)",,0.168395653018899,0.114713887328026,0.230342369810757
2743,heart_failure_severe_chronic_kidney_disease_stage_iv,"Heart failure, severe; Chronic kidney disease (stage IV)",,0.264257554021589,0.18585288288822,0.358428903756534
2744,decompensated_cirrhosis_of_the_liver_generic_uncomplicated_disease_worry_and_daily_medication,"Decompensated cirrhosis of the liver, Generic uncomplicated disease: worry and daily medication",,0.218262336010088,0.15424164049134,0.298203881788198
2745,decompensated_cirrhosis_of_the_liver_heart_failure_mild,"Decompensated cirrhosis of the liver; Heart failure, mild",,0.212090581573509,0.150028853392704,0.289852393614255
2746,decompensated_cirrhosis_of_the_liver_heart_failure_moderate,"Decompensated cirrhosis of the liver; Heart failure, moderate",,0.236717035797584,0.166940164811928,0.319753338521987
2747,decompensated_cirrhosis_of_the_liver_heart_failure_severe,"Decompensated cirrhosis of the liver; Heart failure, severe",,0.324319363227806,0.232650244870996,0.435951652247124
2748,generic_uncomplicated_disease_anxiety_about_diagnosis_heart_failure_severe,"Generic uncomplicated disease: anxiety about diagnosis; Heart failure, severe",,0.324319363227806,0.232650244870996,0.435951652247124
2750,stroke_long_term_consequences_moderate_heart_failure_mild,"Stroke, long-term consequences, moderate; Heart failure, mild",,0.10849538907589,0.073519290042005,0.15402047107273
2751,stroke_long_term_consequences_moderate_heart_failure_moderate,"Stroke, long-term consequences, moderate; Heart failure, moderate",,0.13651289717948,0.0912876361482851,0.190653649962426
2752,stroke_long_term_consequences_moderate_heart_failure_severe,"Stroke, long-term consequences, moderate; Heart failure, severe",,0.236222262269112,0.165268246791726,0.319384082718709
2753,stroke_long_term_consequences_moderate_plus_cognition_problems_heart_failure_mild,"Stroke, long-term consequences, moderate plus cognition problems; Heart failure, mild",,0.344491309849307,0.237496538043078,0.464430689909403
2754,stroke_long_term_consequences_moderate_plus_cognition_problems_heart_failure_moderate,"Stroke, long-term consequences, moderate plus cognition problems; Heart failure, moderate",,0.364816372766076,0.253180125883446,0.486668305993387
2755,stroke_long_term_consequences_moderate_plus_cognition_problems_heart_failure_severe,"Stroke, long-term consequences, moderate plus cognition problems; Heart failure, severe",,0.437017027175268,0.308249006817386,0.575263105520819
2757,stroke_long_term_consequences_severe_heart_failure_mild,"Stroke, long-term consequences, severe; Heart failure, mild",,0.570452211688014,0.403498752068235,0.720403290632167
2758,stroke_long_term_consequences_severe_heart_failure_moderate,"Stroke, long-term consequences, severe; Heart failure, moderate",,0.583555823582883,0.417199500716877,0.732366168228372
2759,stroke_long_term_consequences_severe_heart_failure_severe,"Stroke, long-term consequences, severe; Heart failure, severe",,0.629891660680753,0.45832308006612,0.776739330354904
2761,stroke_long_term_consequences_severe_plus_cognition_problems_heart_failure_mild,"Stroke, long-term consequences, severe plus cognition problems; Heart failure, mild",,0.604535787675755,0.436258183191873,0.75809155397981
2762,stroke_long_term_consequences_severe_plus_cognition_problems_heart_failure_moderate,"Stroke, long-term consequences, severe plus cognition problems; Heart failure, moderate",,0.616569518087146,0.447985945937315,0.768193526832829
2763,stroke_long_term_consequences_severe_plus_cognition_problems_heart_failure_severe,"Stroke, long-term consequences, severe plus cognition problems; Heart failure, severe",,0.659060969917072,0.488540453824897,0.808053422561437
2765,stroke_long_term_consequences_moderate_dementia_mild_heart_failure_mild,"Stroke, long-term consequences, moderate; Dementia, mild; Heart failure, mild",,0.169864135751384,0.116538685582324,0.237890114870693
2766,stroke_long_term_consequences_moderate_dementia_mild_heart_failure_moderate,"Stroke, long-term consequences, moderate; Dementia, mild; Heart failure, moderate",,0.195887982405175,0.134274177752205,0.269933574178871
2767,stroke_long_term_consequences_moderate_dementia_mild_heart_failure_severe,"Stroke, long-term consequences, moderate; Dementia, mild; Heart failure, severe",,0.288561372871952,0.206336218223257,0.381278964731576
2769,stroke_long_term_consequences_severe_dementia_mild_heart_failure_mild,"Stroke, long-term consequences, severe; Dementia, mild; Heart failure, mild",,0.599626492028927,0.438620730115485,0.744648702227104
2770,stroke_long_term_consequences_severe_dementia_mild_heart_failure_moderate,"Stroke, long-term consequences, severe; Dementia, mild; Heart failure, moderate",,0.611810500408755,0.450451833294077,0.75644625070349
2771,stroke_long_term_consequences_severe_dementia_mild_heart_failure_severe,"Stroke, long-term consequences, severe; Dementia, mild; Heart failure, severe",,0.654921893403531,0.489029866599404,0.794278020104714
2773,stroke_long_term_consequences_moderate_dementia_moderate_heart_failure_mild,"Stroke, long-term consequences, moderate; Dementia, moderate; Heart failure, mild",,0.443823943401359,0.320461799970914,0.576524772719674
2774,stroke_long_term_consequences_moderate_dementia_moderate_heart_failure_moderate,"Stroke, long-term consequences, moderate; Dementia, moderate; Heart failure, moderate",,0.460962380106009,0.334294762298382,0.595469428301951
2775,stroke_long_term_consequences_moderate_dementia_moderate_heart_failure_severe,"Stroke, long-term consequences, moderate; Dementia, moderate; Heart failure, severe",,0.52182174373328,0.38457533654704,0.664573002467245
2777,stroke_long_term_consequences_severe_dementia_moderate_heart_failure_mild,"Stroke, long-term consequences, severe; Dementia, moderate; Heart failure, mild",,0.727182113017402,0.553429422498577,0.861377978988753
2778,stroke_long_term_consequences_severe_dementia_moderate_heart_failure_moderate,"Stroke, long-term consequences, severe; Dementia, moderate; Heart failure, moderate",,0.735349435498134,0.562393955878037,0.867800561393486
2779,stroke_long_term_consequences_severe_dementia_moderate_heart_failure_severe,"Stroke, long-term consequences, severe; Dementia, moderate; Heart failure, severe",,0.764161682393678,0.59329264338391,0.889539475600959
2781,stroke_long_term_consequences_moderate_dementia_severe_heart_failure_mild,"Stroke, long-term consequences, moderate; Dementia, severe; Heart failure, mild",,0.50772973658846,0.36830539669821,0.646984325164236
2782,stroke_long_term_consequences_moderate_dementia_severe_heart_failure_moderate,"Stroke, long-term consequences, moderate; Dementia, severe; Heart failure, moderate",,0.522832534382816,0.381215344515348,0.662995817380625
2783,stroke_long_term_consequences_moderate_dementia_severe_heart_failure_severe,"Stroke, long-term consequences, moderate; Dementia, severe; Heart failure, severe",,0.57637141722338,0.42764640207086,0.720670461218464
2785,stroke_long_term_consequences_severe_dementia_severe_heart_failure_mild,"Stroke, long-term consequences, severe; Dementia, severe; Heart failure, mild",,0.757235318404353,0.589384180769354,0.885819676011934
2786,stroke_long_term_consequences_severe_dementia_severe_heart_failure_moderate,"Stroke, long-term consequences, severe; Dementia, severe; Heart failure, moderate",,0.764472469870301,0.596494172919023,0.891479966852416
2787,stroke_long_term_consequences_severe_dementia_severe_heart_failure_severe,"Stroke, long-term consequences, severe; Dementia, severe; Heart failure, severe",,0.789959120912538,0.626135233545758,0.910029014111193
2792,infectious_disease_post_acute_consequences_fatigue_emotional_lability_insomnia_and_dementia_mild,"Infectious disease, post-acute consequences (fatigue, emotional lability, insomnia) and Dementia, mild",,0.27245404859638,0.188822236203956,0.373066796650736
2793,infectious_disease_post_acute_consequences_fatigue_emotional_lability_insomnia_and_dementia_moderate,"Infectious disease, post-acute consequences (fatigue, emotional lability, insomnia) and Dementia, moderate",,0.510711580257988,0.364295217646756,0.663260786404813
2794,infectious_disease_post_acute_consequences_fatigue_emotional_lability_insomnia_and_copd_and_other_chronic_respiratory_problems_mild,"Infectious disease, post-acute consequences (fatigue, emotional lability, insomnia) and COPD and other chronic respiratory problems, mild",,0.233890841246122,0.161277602367059,0.324344770519483
2795,infectious_disease_post_acute_consequences_fatigue_emotional_lability_insomnia_and_copd_and_other_chronic_respiratory_problems_moderate,"Infectious disease, post-acute consequences (fatigue, emotional lability, insomnia) and COPD and other chronic respiratory problems, moderate",,0.393121904011385,0.278408457601427,0.522709448357293
2796,infectious_disease_post_acute_consequences_fatigue_emotional_lability_insomnia_and_copd_and_other_chronic_respiratory_problems_severe,"Infectious disease, post-acute consequences (fatigue, emotional lability, insomnia) and COPD and other chronic respiratory problems, severe",,0.534750427260105,0.379488423307591,0.686664863686157
2797,copd_and_other_chronic_respiratory_problems_mild_and_dementia_mild,"COPD and other chronic respiratory problems, mild and Dementia, mild",,0.0870649812550049,0.056863409292283,0.127019300360397
2798,copd_and_other_chronic_respiratory_problems_mild_and_dementia_moderate,"COPD and other chronic respiratory problems, mild and Dementia, moderate",,0.388936168408723,0.268203087257013,0.521297339287206
2799,copd_and_other_chronic_respiratory_problems_moderate_and_dementia_mild,"COPD and other chronic respiratory problems, moderate and Dementia, mild",,0.278351157122266,0.194258619433507,0.376011414514124
2800,copd_and_other_chronic_respiratory_problems_moderate_and_dementia_moderate,"COPD and other chronic respiratory problems, moderate and Dementia, moderate",,0.514652673834047,0.367840494187663,0.663659275968273
2801,copd_and_other_chronic_respiratory_problems_severe_and_dementia_mild,"COPD and other chronic respiratory problems, severe and Dementia, mild",,0.448282081863597,0.312625080520285,0.595638948641097
2802,copd_and_other_chronic_respiratory_problems_severe_and_dementia_moderate,"COPD and other chronic respiratory problems, severe and Dementia, moderate",,0.626536070464436,0.456956863142432,0.781259250911162
2803,infectious_disease_post_acute_consequences_fatigue_emotional_lability_insomnia_and_copd_and_other_chronic_respiratory_problems_mild_and_dementia_mild,"Infectious disease, post-acute consequences (fatigue, emotional lability, insomnia) and COPD and other chronic respiratory problems, mild and Dementia, mild",,0.286419643845354,0.202484129355545,0.388037662150543
2804,infectious_disease_post_acute_consequences_fatigue_emotional_lability_insomnia_and_copd_and_other_chronic_respiratory_problems_mild_and_dementia_moderate,"Infectious disease, post-acute consequences (fatigue, emotional lability, insomnia) and COPD and other chronic respiratory problems, mild and Dementia, moderate",,0.520138966596817,0.381121006193352,0.667484075298958
2805,infectious_disease_post_acute_consequences_fatigue_emotional_lability_insomnia_and_copd_and_other_chronic_respiratory_problems_moderate_and_dementia_mild,"Infectious disease, post-acute consequences (fatigue, emotional lability, insomnia) and COPD and other chronic respiratory problems, moderate and Dementia, mild",,0.434468465601315,0.312518524011369,0.567248130022771
2806,infectious_disease_post_acute_consequences_fatigue_emotional_lability_insomnia_and_copd_and_other_chronic_respiratory_problems_moderate_and_dementia_moderate,"Infectious disease, post-acute consequences (fatigue, emotional lability, insomnia) and COPD and other chronic respiratory problems, moderate and Dementia, moderate",,0.617919112678108,0.466890479892275,0.767896866727182
2807,infectious_disease_post_acute_consequences_fatigue_emotional_lability_insomnia_and_copd_and_other_chronic_respiratory_problems_severe_and_dementia_mild,"Infectious disease, post-acute consequences (fatigue, emotional lability, insomnia) and COPD and other chronic respiratory problems, severe and Dementia, mild",,0.566282769835118,0.41365807907764,0.714743260378864
2808,infectious_disease_post_acute_consequences_fatigue_emotional_lability_insomnia_and_copd_and_other_chronic_respiratory_problems_severe_and_dementia_moderate,"Infectious disease, post-acute consequences (fatigue, emotional lability, insomnia) and COPD and other chronic respiratory problems, severe and Dementia, moderate",,0.705115872640622,0.536033199138398,0.849595773759756
2809,intensive_care_unit_admission,Intensive care unit admission,"is very ill and often asleep or unconscious; when awake cannot move in bed, cannot speak, is completely dependent on others and is anxious",0.7433597016,0.55564373,0.877778102499999
2943,stroke_long_term_consequences_moderate_and_generic_uncomplicated_disease_worry_and_daily_medication,"Stroke, long-term consequences, moderate and Generic uncomplicated disease: worry and daily medication",,0.115506996712234,0.0761762836627021,0.163822522359111
2944,stroke_long_term_consequences_moderate_plus_cognition_problems_and_generic_uncomplicated_disease_worry_and_daily_medication,"Stroke, long-term consequences, moderate plus cognition problems and Generic uncomplicated disease: worry and daily medication",,0.349592098328486,0.240566177916543,0.470131326338359
2945,stroke_long_term_consequences_severe_and_generic_uncomplicated_disease_worry_and_daily_medication,"Stroke, long-term consequences, severe and Generic uncomplicated disease: worry and daily medication",,0.573753265598628,0.407806120028588,0.721438061881714
2946,stroke_long_term_consequences_severe_plus_cognition_problems_and_generic_uncomplicated_disease_worry_and_daily_medication,"Stroke, long-term consequences, severe plus cognition problems and Generic uncomplicated disease: worry and daily medication",,0.607570014093948,0.438287866305799,0.759340486598643
2947,cocaine_dependence_and_heart_failure_mild,"Cocaine dependence and Heart failure, mild",,0.500033260249816,0.34892864747461,0.650785789358443
2948,cocaine_dependence_and_heart_failure_moderate,"Cocaine dependence and Heart failure, moderate",,0.515376088651864,0.360375728432689,0.666050292415974
2949,cocaine_dependence_and_heart_failure_severe,"Cocaine dependence and Heart failure, severe",,0.56971087381295,0.40888552013692,0.72475205967554
2950,cocaine_dependence_and_generic_uncomplicated_disease_worry_and_daily_medication,Cocaine dependence and Generic uncomplicated disease: worry and daily medication,,0.50389347888267,0.352419579554746,0.653943985397435
2951,amphetamine_dependence_and_heart_failure_mild,"Amphetamine dependence and Heart failure, mild",,0.507071508427613,0.353100260816395,0.654773315752306
2952,amphetamine_dependence_and_heart_failure_moderate,"Amphetamine dependence and Heart failure, moderate",,0.522196575458907,0.367745208072763,0.671902042206112
2953,amphetamine_dependence_and_heart_failure_severe,"Amphetamine dependence and Heart failure, severe",,0.57570968299748,0.414035245425099,0.727642789860202
2954,amphetamine_dependence_and_generic_uncomplicated_disease_worry_and_daily_medication,Amphetamine dependence and Generic uncomplicated disease: worry and daily medication,,0.510876253742898,0.359075754735901,0.658922441570353
2955,stroke_long_term_consequences_severe_dementia_mild_generic_uncomplicated_disease_worry_and_daily_medication,"Stroke, long-term consequences, severe; Dementia, mild; Generic uncomplicated disease: worry and daily medication",,0.60269523858574,0.441094452559299,0.745595731395711
2956,stroke_long_term_consequences_moderate_dementia_mild_generic_uncomplicated_disease_worry_and_daily_medication,"Stroke, long-term consequences, moderate; Dementia, mild; Generic uncomplicated disease: worry and daily medication",,0.176375812278652,0.120287618837238,0.245448953021358
2957,stroke_long_term_consequences_moderate_dementia_moderate_generic_uncomplicated_disease_worry_and_daily_medication,"Stroke, long-term consequences, moderate; Dementia, moderate; Generic uncomplicated disease: worry and daily medication",,0.448128365022547,0.324691136769861,0.579780854588884
2958,stroke_long_term_consequences_severe_dementia_moderate_generic_uncomplicated_disease_worry_and_daily_medication,"Stroke, long-term consequences, severe; Dementia, moderate; Generic uncomplicated disease: worry and daily medication",,0.729246184302578,0.555452622958083,0.862441744131137
2959,stroke_long_term_consequences_moderate_dementia_severe_generic_uncomplicated_disease_worry_and_daily_medication,"Stroke, long-term consequences, moderate; Dementia, severe; Generic uncomplicated disease: worry and daily medication",,0.511527238955912,0.371806847838777,0.650933486883966
2960,stroke_long_term_consequences_severe_dementia_severe_generic_uncomplicated_disease_worry_and_daily_medication,"Stroke, long-term consequences, severe; Dementia, severe; Generic uncomplicated disease: worry and daily medication",,0.759066357083376,0.591712574477185,0.886975368132834
