measure_id,measure_name,location_id,location_name,sex_id,sex_name,age_id,age_name,cause_id,cause_name,metric_id,metric_name,year,val,upper,lower
5,Prevalence,123,Perú,1,Male,13,40-44 years,9100,Arteriopatía crónica sintética,2,Percent,2019,0.0115100555681887,0.0154440072917081,0.008578173830177
5,Prevalence,123,Perú,2,Female,13,40-44 years,9100,Arteriopatía crónica sintética,2,Percent,2019,0.0100468695723134,0.0134807278743715,0.00748769570484204
5,Prevalence,123,Perú,1,Male,14,45-49 years,9100,Arteriopatía crónica sintética,2,Percent,2019,0.0168350863729438,0.0225890479120592,0.0125467941051723
5,Prevalence,123,Perú,2,Female,14,45-49 years,9100,Arteriopatía crónica sintética,2,Percent,2019,0.0146956869487997,0.0197184362012282,0.0109523500085504
5,Prevalence,123,Perú,1,Male,15,50-54 years,9100,Arteriopatía crónica sintética,2,Percent,2019,0.0246230079737828,0.0330387557590853,0.018350948991481
5,Prevalence,123,Perú,2,Female,15,50-54 years,9100,Arteriopatía crónica sintética,2,Percent,2019,0.0204575623399892,0.0274496278560611,0.0152465402842295
5,Prevalence,123,Perú,1,Male,16,55-59 years,9100,Arteriopatía crónica sintética,2,Percent,2019,0.0308023743689244,0.0413301301229468,0.0229562854977947
5,Prevalence,123,Perú,2,Female,16,55-59 years,9100,Arteriopatía crónica sintética,2,Percent,2019,0.0266529017695313,0.0357624345803741,0.0198637811175789
5,Prevalence,123,Perú,1,Male,17,60-64 years,9100,Arteriopatía crónica sintética,2,Percent,2019,0.0395692367495875,0.0530933649509842,0.0294900219338214
5,Prevalence,123,Perú,2,Female,17,60-64 years,9100,Arteriopatía crónica sintética,2,Percent,2019,0.034774468743404,0.0466598224184697,0.0259165940568885
5,Prevalence,123,Perú,1,Male,18,65-69 years,9100,Arteriopatía crónica sintética,2,Percent,2019,0.0511290971314948,0.0686041995400648,0.0381053141208235
5,Prevalence,123,Perú,2,Female,18,65-69 years,9100,Arteriopatía crónica sintética,2,Percent,2019,0.0454432425550897,0.0609750113908532,0.0338677803712636
5,Prevalence,123,Perú,1,Male,19,70-74 years,9100,Arteriopatía crónica sintética,2,Percent,2019,0.062767270498691,0.0842201132322543,0.0467789711347362
5,Prevalence,123,Perú,2,Female,19,70-74 years,9100,Arteriopatía crónica sintética,2,Percent,2019,0.0528257874538837,0.0708807913041538,0.0393698175313594
5,Prevalence,123,Perú,1,Male,20,75-79 years,9100,Arteriopatía crónica sintética,2,Percent,2019,0.0777868285038193,0.104373114403728,0.0579726946278273
5,Prevalence,123,Perú,2,Female,20,75-79 years,9100,Arteriopatía crónica sintética,2,Percent,2019,0.0659389813717919,0.0884758638288666,0.0491427726861134
5,Prevalence,123,Perú,1,Male,30,80-84 years,9100,Arteriopatía crónica sintética,2,Percent,2019,0.0990024203294962,0.13283985402219,0.0737841764675607
5,Prevalence,123,Perú,2,Female,30,80-84 years,9100,Arteriopatía crónica sintética,2,Percent,2019,0.0788190910926952,0.105758187729839,0.0587420156683128
5,Prevalence,123,Perú,1,Male,31,85-89 years,9100,Arteriopatía crónica sintética,2,Percent,2019,0.116795284213434,0.156714032381796,0.0870447796357102
5,Prevalence,123,Perú,2,Female,31,85-89 years,9100,Arteriopatía crónica sintética,2,Percent,2019,0.0856526366558519,0.114927329171458,0.0638348965297401
5,Prevalence,123,Perú,1,Male,32,90-94 years,9100,Arteriopatía crónica sintética,2,Percent,2019,0.127651456035849,0.171280668988554,0.0951356292820248
5,Prevalence,123,Perú,2,Female,32,90-94 years,9100,Arteriopatía crónica sintética,2,Percent,2019,0.108957874060058,0.146197921591558,0.0812037420945994
5,Prevalence,123,Perú,1,Male,235,95+ years,9100,Arteriopatía crónica sintética,2,Percent,2019,0.154347339545646,0.207100775776168,0.115031443680185
5,Prevalence,123,Perú,2,Female,235,95+ years,9100,Arteriopatía crónica sintética,2,Percent,2019,0.125264415913331,0.168077776974753,0.0933566243945803
5,Prevalence,123,Perú,1,Male,13,40-44 years,9100,Arteriopatía crónica sintética,2,Percent,2023,0.0120282968637924,0.0161393751203646,0.00896440688468554
5,Prevalence,123,Perú,2,Female,13,40-44 years,9100,Arteriopatía crónica sintética,2,Percent,2023,0.00970947301056954,0.0130280145986711,0.00723624197908057
5,Prevalence,123,Perú,1,Male,14,45-49 years,9100,Arteriopatía crónica sintética,2,Percent,2023,0.0180180460750363,0.0241763241990135,0.0134284261614665
5,Prevalence,123,Perú,2,Female,14,45-49 years,9100,Arteriopatía crónica sintética,2,Percent,2023,0.0142047541765044,0.0190597105095798,0.0105864693544796
5,Prevalence,123,Perú,1,Male,15,50-54 years,9100,Arteriopatía crónica sintética,2,Percent,2023,0.025438820844183,0.0341334003369926,0.0189589551452071
5,Prevalence,123,Perú,2,Female,15,50-54 years,9100,Arteriopatía crónica sintética,2,Percent,2023,0.0206674965167506,0.0277313141552692,0.0154029992909203
5,Prevalence,123,Perú,1,Male,16,55-59 years,9100,Arteriopatía crónica sintética,2,Percent,2023,0.0320683546826921,0.0430288021303197,0.0238997908642758
5,Prevalence,123,Perú,2,Female,16,55-59 years,9100,Arteriopatía crónica sintética,2,Percent,2023,0.0270935850783878,0.0363537363508124,0.0201922120278411
5,Prevalence,123,Perú,1,Male,17,60-64 years,9100,Arteriopatía crónica sintética,2,Percent,2023,0.0409992820982056,0.0550121767812737,0.0305558011138443
5,Prevalence,123,Perú,2,Female,17,60-64 years,9100,Arteriopatía crónica sintética,2,Percent,2023,0.0341307417663138,0.0457960799222538,0.0254368394739552
5,Prevalence,123,Perú,1,Male,18,65-69 years,9100,Arteriopatía crónica sintética,2,Percent,2023,0.0554291699979351,0.0743739680968495,0.0413100573396747
5,Prevalence,123,Perú,2,Female,18,65-69 years,9100,Arteriopatía crónica sintética,2,Percent,2023,0.0462717017198151,0.0620866245629272,0.0344852115108542
5,Prevalence,123,Perú,1,Male,19,70-74 years,9100,Arteriopatía crónica sintética,2,Percent,2023,0.0680433381245967,0.0912994558473531,0.0507111003035888
5,Prevalence,123,Perú,2,Female,19,70-74 years,9100,Arteriopatía crónica sintética,2,Percent,2023,0.0568568935663932,0.0762896645998926,0.042374106151526
5,Prevalence,123,Perú,1,Male,20,75-79 years,9100,Arteriopatía crónica sintética,2,Percent,2023,0.081575512485914,0.109456709586983,0.0607963117331901
5,Prevalence,123,Perú,2,Female,20,75-79 years,9100,Arteriopatía crónica sintética,2,Percent,2023,0.0677975072278062,0.0909696039070155,0.0505278883153404
5,Prevalence,123,Perú,1,Male,30,80-84 years,9100,Arteriopatía crónica sintética,2,Percent,2023,0.0883753279852883,0.118580592571949,0.0658640543710256
5,Prevalence,123,Perú,2,Female,30,80-84 years,9100,Arteriopatía crónica sintética,2,Percent,2023,0.0786103137394858,0.105478053637853,0.0585864188150201
5,Prevalence,123,Perú,1,Male,31,85-89 years,9100,Arteriopatía crónica sintética,2,Percent,2023,0.116080812485898,0.155755365718161,0.086512300653376
5,Prevalence,123,Perú,2,Female,31,85-89 years,9100,Arteriopatía crónica sintética,2,Percent,2023,0.101776403558718,0.136561940068202,0.0758515609559576
5,Prevalence,123,Perú,1,Male,32,90-94 years,9100,Arteriopatía crónica sintética,2,Percent,2023,0.132967118722374,0.178413139618657,0.0990972677187342
5,Prevalence,123,Perú,2,Female,32,90-94 years,9100,Arteriopatía crónica sintética,2,Percent,2023,0.112858917397872,0.151432278749746,0.0841110979863743
5,Prevalence,123,Perú,1,Male,235,95+ years,9100,Arteriopatía crónica sintética,2,Percent,2023,0.153710546395285,0.206246336977049,0.114556856715309
5,Prevalence,123,Perú,2,Female,235,95+ years,9100,Arteriopatía crónica sintética,2,Percent,2023,0.125088830055598,0.167842178697135,0.093225764382582
5,Prevalence,123,Perú,1,Male,13,40-44 years,9101,ACS de miembros inferiores,2,Percent,2019,0.00755859423376524,0.0101420000772162,0.00563324259078403
5,Prevalence,123,Perú,2,Female,13,40-44 years,9101,ACS de miembros inferiores,2,Percent,2019,0.00687414921350557,0.00922362276608675,0.00512314180749908
5,Prevalence,123,Perú,1,Male,14,45-49 years,9101,ACS de miembros inferiores,2,Percent,2019,0.0112349312551224,0.0150748499169281,0.00837313014742413
5,Prevalence,123,Perú,2,Female,14,45-49 years,9101,ACS de miembros inferiores,2,Percent,2019,0.00998381899217549,0.0133961276208257,0.00744070558969342
5,Prevalence,123,Perú,1,Male,15,50-54 years,9101,ACS de miembros inferiores,2,Percent,2019,0.0163068205288831,0.0218802293056415,0.0121530899903614
5,Prevalence,123,Perú,2,Female,15,50-54 years,9101,ACS de miembros inferiores,2,Percent,2019,0.0136450548993912,0.0183087150286552,0.0101693386409693
5,Prevalence,123,Perú,1,Male,16,55-59 years,9101,ACS de miembros inferiores,2,Percent,2019,0.0198514519968844,0.026636358753837,0.0147948204942928
5,Prevalence,123,Perú,2,Female,16,55-59 years,9101,ACS de miembros inferiores,2,Percent,2019,0.0177729049688853,0.0238473978086531,0.0132457282579658
5,Prevalence,123,Perú,1,Male,17,60-64 years,9101,ACS de miembros inferiores,2,Percent,2019,0.0254571767337319,0.0341580299741267,0.0189726353581674
5,Prevalence,123,Perú,2,Female,17,60-64 years,9101,ACS de miembros inferiores,2,Percent,2019,0.0231969011455784,0.031125228572091,0.0172881050981335
5,Prevalence,123,Perú,1,Male,18,65-69 years,9101,ACS de miembros inferiores,2,Percent,2019,0.0338394694464199,0.0454052554118366,0.0252197610613302
5,Prevalence,123,Perú,2,Female,18,65-69 years,9101,ACS de miembros inferiores,2,Percent,2019,0.0311252446826494,0.041763352312875,0.0231969131523988
5,Prevalence,123,Perú,1,Male,19,70-74 years,9101,ACS de miembros inferiores,2,Percent,2019,0.042372030372835,0.056854108319958,0.0315788781315949
5,Prevalence,123,Perú,2,Female,19,70-74 years,9101,ACS de miembros inferiores,2,Percent,2019,0.0352272622326893,0.047267373434078,0.0262540503999314
5,Prevalence,123,Perú,1,Male,20,75-79 years,9101,ACS de miembros inferiores,2,Percent,2019,0.0521676591167167,0.069997725294796,0.0388793299533161
5,Prevalence,123,Perú,2,Female,20,75-79 years,9101,ACS de miembros inferiores,2,Percent,2019,0.0458450781552588,0.0615141879310805,0.0341672589974946
5,Prevalence,123,Perú,1,Male,30,80-84 years,9101,ACS de miembros inferiores,2,Percent,2019,0.0679970693863722,0.0912373731991603,0.0506766173007013
5,Prevalence,123,Perú,2,Female,30,80-84 years,9101,ACS de miembros inferiores,2,Percent,2019,0.0547120919404533,0.0734118043016476,0.0407756359209036
5,Prevalence,123,Perú,1,Male,31,85-89 years,9101,ACS de miembros inferiores,2,Percent,2019,0.0809998204397527,0.108684255265975,0.0603672619848753
5,Prevalence,123,Perú,2,Female,31,85-89 years,9101,ACS de miembros inferiores,2,Percent,2019,0.0599305797415117,0.0804138872345903,0.0446648521999161
5,Prevalence,123,Perú,1,Male,32,90-94 years,9101,ACS de miembros inferiores,2,Percent,2019,0.0870436134089514,0.116793719389141,0.0648715588039693
5,Prevalence,123,Perú,2,Female,32,90-94 years,9101,ACS de miembros inferiores,2,Percent,2019,0.0769285802657704,0.103221530732563,0.0573330623921868
5,Prevalence,123,Perú,1,Male,235,95+ years,9101,ACS de miembros inferiores,2,Percent,2019,0.10880406440563,0.145991542273019,0.0810891113749978
5,Prevalence,123,Perú,2,Female,235,95+ years,9101,ACS de miembros inferiores,2,Percent,2019,0.0903845780959537,0.121276572028881,0.0673615012439343
5,Prevalence,123,Perú,1,Male,13,40-44 years,9101,ACS de miembros inferiores,2,Percent,2023,0.00787442533900212,0.0105657771705004,0.00586862408878363
5,Prevalence,123,Perú,2,Female,13,40-44 years,9101,ACS de miembros inferiores,2,Percent,2023,0.00629798130596972,0.00845052994194567,0.00469373741088854
5,Prevalence,123,Perú,1,Male,14,45-49 years,9101,ACS de miembros inferiores,2,Percent,2023,0.0119134461940597,0.0159852703403918,0.00887881138050721
5,Prevalence,123,Perú,2,Female,14,45-49 years,9101,ACS de miembros inferiores,2,Percent,2023,0.00914511789966014,0.0122707719949007,0.00681564138209393
5,Prevalence,123,Perú,1,Male,15,50-54 years,9101,ACS de miembros inferiores,2,Percent,2023,0.0170709741780324,0.0229055583719984,0.0127225957409229
5,Prevalence,123,Perú,2,Female,15,50-54 years,9101,ACS de miembros inferiores,2,Percent,2023,0.013806104771913,0.0185248091552927,0.0102893653249098
5,Prevalence,123,Perú,1,Male,16,55-59 years,9101,ACS de miembros inferiores,2,Percent,2023,0.0205432461916516,0.0275645970690259,0.0153103984445698
5,Prevalence,123,Perú,2,Female,16,55-59 years,9101,ACS de miembros inferiores,2,Percent,2023,0.0183821630325804,0.0246648904716984,0.01369979397006
5,Prevalence,123,Perú,1,Male,17,60-64 years,9101,ACS de miembros inferiores,2,Percent,2023,0.0263666239179959,0.0353783115672075,0.0196504249648087
5,Prevalence,123,Perú,2,Female,17,60-64 years,9101,ACS de miembros inferiores,2,Percent,2023,0.0227971580176542,0.0305888596774409,0.0169901859422756
5,Prevalence,123,Perú,1,Male,18,65-69 years,9101,ACS de miembros inferiores,2,Percent,2023,0.0380071581108399,0.0509973929772506,0.0283258414465771
5,Prevalence,123,Perú,2,Female,18,65-69 years,9101,ACS de miembros inferiores,2,Percent,2023,0.0318525556642309,0.0427392464809212,0.0237389609289401
5,Prevalence,123,Perú,1,Male,19,70-74 years,9101,ACS de miembros inferiores,2,Percent,2023,0.0470481009510783,0.0631283845542556,0.0350638436058893
5,Prevalence,123,Perú,2,Female,19,70-74 years,9101,ACS de miembros inferiores,2,Percent,2023,0.0392680420054522,0.0526892266914342,0.0292655485716711
5,Prevalence,123,Perú,1,Male,20,75-79 years,9101,ACS de miembros inferiores,2,Percent,2023,0.0570453418214919,0.0765425214352582,0.0425145522059046
5,Prevalence,123,Perú,2,Female,20,75-79 years,9101,ACS de miembros inferiores,2,Percent,2023,0.0461047076007451,0.0618625545419521,0.034360754719702
5,Prevalence,123,Perú,1,Male,30,80-84 years,9101,ACS de miembros inferiores,2,Percent,2023,0.0588179419116944,0.0789209677039304,0.0438356293818627
5,Prevalence,123,Perú,2,Female,30,80-84 years,9101,ACS de miembros inferiores,2,Percent,2023,0.0524904159656301,0.0704307952394663,0.0391198730452636
5,Prevalence,123,Perú,1,Male,31,85-89 years,9101,ACS de miembros inferiores,2,Percent,2023,0.0798080611673733,0.107085171857251,0.0594790718157113
5,Prevalence,123,Perú,2,Female,31,85-89 years,9101,ACS de miembros inferiores,2,Percent,2023,0.0703811075215784,0.0944362371947083,0.0524533848775748
5,Prevalence,123,Perú,1,Male,32,90-94 years,9101,ACS de miembros inferiores,2,Percent,2023,0.093104881896328,0.124926631881307,0.0693888797159371
5,Prevalence,123,Perú,2,Female,32,90-94 years,9101,ACS de miembros inferiores,2,Percent,2023,0.0807621255696174,0.108365320115243,0.0601901135860267
5,Prevalence,123,Perú,1,Male,235,95+ years,9101,ACS de miembros inferiores,2,Percent,2023,0.108831379607372,0.146028193371042,0.0811094687527149
5,Prevalence,123,Perú,2,Female,235,95+ years,9101,ACS de miembros inferiores,2,Percent,2023,0.091989358602626,0.123429840681652,0.0685575064294836
5,Prevalence,123,Perú,1,Male,13,40-44 years,9102,ACS carotídea,2,Percent,2019,0.00268126262448741,0.00359767503104107,0.001998282001416
5,Prevalence,123,Perú,2,Female,13,40-44 years,9102,ACS carotídea,2,Percent,2019,0.00203599015374899,0.00273185881632483,0.00151737559839913
5,Prevalence,123,Perú,1,Male,14,45-49 years,9102,ACS carotídea,2,Percent,2019,0.00365590232492116,0.00490543089295787,0.0027246580577766
5,Prevalence,123,Perú,2,Female,14,45-49 years,9102,ACS carotídea,2,Percent,2019,0.00309372239564077,0.00415110691288481,0.00230567857252268
5,Prevalence,123,Perú,1,Male,15,50-54 years,9102,ACS carotídea,2,Percent,2019,0.00570955794666031,0.00766099294988265,0.00425519931417914
5,Prevalence,123,Perú,2,Female,15,50-54 years,9102,ACS carotídea,2,Percent,2019,0.0044112221602001,0.00591890689005555,0.00328758017453082
5,Prevalence,123,Perú,1,Male,16,55-59 years,9102,ACS carotídea,2,Percent,2019,0.00793275194073539,0.0106440388658617,0.00591209353388121
5,Prevalence,123,Perú,2,Female,16,55-59 years,9102,ACS carotídea,2,Percent,2019,0.00608553513264292,0.00816547308618012,0.00453540627221099
5,Prevalence,123,Perú,1,Male,17,60-64 years,9102,ACS carotídea,2,Percent,2019,0.0102488546076427,0.0137517481435581,0.00763823040329635
5,Prevalence,123,Perú,2,Female,17,60-64 years,9102,ACS carotídea,2,Percent,2019,0.00799352655931771,0.0107255852708269,0.00595738742838705
5,Prevalence,123,Perú,1,Male,18,65-69 years,9102,ACS carotídea,2,Percent,2019,0.0127449384984142,0.0171009533303977,0.00949850304775866
5,Prevalence,123,Perú,2,Female,18,65-69 years,9102,ACS carotídea,2,Percent,2019,0.00967721522077014,0.0129847316155504,0.00721220100667716
5,Prevalence,123,Perú,1,Male,19,70-74 years,9102,ACS carotídea,2,Percent,2019,0.015400363864457,0.0206639603439429,0.0114775291478525
5,Prevalence,123,Perú,2,Female,19,70-74 years,9102,ACS carotídea,2,Percent,2019,0.0130192979374859,0.0174690844095632,0.00970297668790437
5,Prevalence,123,Perú,1,Male,20,75-79 years,9102,ACS carotídea,2,Percent,2019,0.019194868381147,0.0257553654268291,0.0143054841608169
5,Prevalence,123,Perú,2,Female,20,75-79 years,9102,ACS carotídea,2,Percent,2019,0.0146457294384534,0.0196514040179782,0.0109151178505182
5,Prevalence,123,Perú,1,Male,30,80-84 years,9102,ACS carotídea,2,Percent,2019,0.024185801412998,0.0324521190332466,0.0180251092198233
5,Prevalence,123,Perú,2,Female,30,80-84 years,9102,ACS carotídea,2,Percent,2019,0.0181186429964394,0.0243113035289108,0.0135033986820999
5,Prevalence,123,Perú,1,Male,31,85-89 years,9102,ACS carotídea,2,Percent,2019,0.0289156576386818,0.0387985639835281,0.0215501598727321
5,Prevalence,123,Perú,2,Female,31,85-89 years,9102,ACS carotídea,2,Percent,2019,0.0193965243534789,0.0260259441645824,0.014455773616355
5,Prevalence,123,Perú,1,Male,32,90-94 years,9102,ACS carotídea,2,Percent,2019,0.0326707904919278,0.0438371408021447,0.0243487721105027
5,Prevalence,123,Perú,2,Female,32,90-94 years,9102,ACS carotídea,2,Percent,2019,0.0251447772372954,0.0337388573582947,0.0187398113575346
5,Prevalence,123,Perú,1,Male,235,95+ years,9102,ACS carotídea,2,Percent,2019,0.0369632138984179,0.0495966454366965,0.0275478143666807
5,Prevalence,123,Perú,2,Female,235,95+ years,9102,ACS carotídea,2,Percent,2019,0.0277491703902966,0.0372333901698121,0.0206808043489422
5,Prevalence,123,Perú,1,Male,13,40-44 years,9102,ACS carotídea,2,Percent,2023,0.00278083339937275,0.00373127749405786,0.00207248975917284
5,Prevalence,123,Perú,2,Female,13,40-44 years,9102,ACS carotídea,2,Percent,2023,0.0021062794427415,0.00282617185289519,0.00156976055308551
5,Prevalence,123,Perú,1,Male,14,45-49 years,9102,ACS carotídea,2,Percent,2023,0.00411520183903999,0.00552171158796458,0.0030669631881807
5,Prevalence,123,Perú,2,Female,14,45-49 years,9102,ACS carotídea,2,Percent,2023,0.00335073855038688,0.00449596705230551,0.0024972266705761
5,Prevalence,123,Perú,1,Male,15,50-54 years,9102,ACS carotídea,2,Percent,2023,0.00551235708409905,0.00739639200670871,0.0041082301472199
5,Prevalence,123,Perú,2,Female,15,50-54 years,9102,ACS carotídea,2,Percent,2023,0.00449976348363808,0.00603771021265399,0.00335356794141042
5,Prevalence,123,Perú,1,Male,16,55-59 years,9102,ACS carotídea,2,Percent,2023,0.00822197593459487,0.0110321149653766,0.00612764537726602
5,Prevalence,123,Perú,2,Female,16,55-59 years,9102,ACS carotídea,2,Percent,2023,0.00550735696983934,0.00738968293387853,0.0041045036796076
5,Prevalence,123,Perú,1,Male,17,60-64 years,9102,ACS carotídea,2,Percent,2023,0.0101591641707496,0.013631402959022,0.0075713862291726
5,Prevalence,123,Perú,2,Female,17,60-64 years,9102,ACS carotídea,2,Percent,2023,0.00767439440170316,0.0102973788785972,0.00571954573365335
5,Prevalence,123,Perú,1,Male,18,65-69 years,9102,ACS carotídea,2,Percent,2023,0.0124938183817374,0.0167640043999538,0.00931134912827093
5,Prevalence,123,Perú,2,Female,18,65-69 years,9102,ACS carotídea,2,Percent,2023,0.00995362861405078,0.0133556186574123,0.00741820541060929
5,Prevalence,123,Perú,1,Male,19,70-74 years,9102,ACS carotídea,2,Percent,2023,0.0155725421123547,0.0208949863455336,0.0116058495483486
5,Prevalence,123,Perú,2,Female,19,70-74 years,9102,ACS carotídea,2,Percent,2023,0.0130156560543153,0.0174641977893459,0.00970026247799274
5,Prevalence,123,Perú,1,Male,20,75-79 years,9102,ACS carotídea,2,Percent,2023,0.0186584366270049,0.0250355899337054,0.0139056941851911
5,Prevalence,123,Perú,2,Female,20,75-79 years,9102,ACS carotídea,2,Percent,2023,0.0160087906716324,0.0214803376403703,0.0119309753440043
5,Prevalence,123,Perú,1,Male,30,80-84 years,9102,ACS carotídea,2,Percent,2023,0.0223837114493433,0.0300341037270549,0.0166820539344455
5,Prevalence,123,Perú,2,Female,30,80-84 years,9102,ACS carotídea,2,Percent,2023,0.0197288331319881,0.0264718307346332,0.0147034355368782
5,Prevalence,123,Perú,1,Male,31,85-89 years,9102,ACS carotídea,2,Percent,2023,0.0284346139348599,0.0381531072847795,0.0211916493089168
5,Prevalence,123,Perú,2,Female,31,85-89 years,9102,ACS carotídea,2,Percent,2023,0.0244255799070892,0.0327738499570637,0.0182038104946232
5,Prevalence,123,Perú,1,Male,32,90-94 years,9102,ACS carotídea,2,Percent,2023,0.0316995631093909,0.042533963533456,0.023624939174452
5,Prevalence,123,Perú,2,Female,32,90-94 years,9102,ACS carotídea,2,Percent,2023,0.0251694715285584,0.0337719917608238,0.0187582154322858
5,Prevalence,123,Perú,1,Male,235,95+ years,9102,ACS carotídea,2,Percent,2023,0.0361175110924723,0.0484618950243926,0.0269175319466618
5,Prevalence,123,Perú,2,Female,235,95+ years,9102,ACS carotídea,2,Percent,2023,0.0251516984995686,0.0337481441966059,0.0187449696115979
5,Prevalence,123,Perú,1,Male,13,40-44 years,9103,ACS renovascular,2,Percent,2019,0.0012701987099361,0.00170433218345081,0.000946649237976968
5,Prevalence,123,Perú,2,Female,13,40-44 years,9103,ACS renovascular,2,Percent,2019,0.0011367302050588,0.00152524629195996,0.000847178298943835
5,Prevalence,123,Perú,1,Male,14,45-49 years,9103,ACS renovascular,2,Percent,2019,0.00194425279290031,0.00260876710217319,0.00144900589997156
5,Prevalence,123,Perú,2,Female,14,45-49 years,9103,ACS renovascular,2,Percent,2019,0.00161814556098341,0.0021712016675177,0.00120596584633425
5,Prevalence,123,Perú,1,Male,15,50-54 years,9103,ACS renovascular,2,Percent,2019,0.00260662949823934,0.00349753350356106,0.0019426596869404
5,Prevalence,123,Perú,2,Female,15,50-54 years,9103,ACS renovascular,2,Percent,2019,0.00240128528039789,0.00322200593735031,0.00178962146872935
5,Prevalence,123,Perú,1,Male,16,55-59 years,9103,ACS renovascular,2,Percent,2019,0.00301817043130464,0.00404973250324817,0.0022493714696206
5,Prevalence,123,Perú,2,Female,16,55-59 years,9103,ACS renovascular,2,Percent,2019,0.00279446166800308,0.00374956368554089,0.0020826465874021
5,Prevalence,123,Perú,1,Male,17,60-64 years,9103,ACS renovascular,2,Percent,2019,0.00386320540821297,0.00518358683329936,0.0028791561723577
5,Prevalence,123,Perú,2,Female,17,60-64 years,9103,ACS renovascular,2,Percent,2019,0.00358404103850794,0.00480900857555181,0.00267110153036796
5,Prevalence,123,Perú,1,Male,18,65-69 years,9103,ACS renovascular,2,Percent,2019,0.00454468918666059,0.00609799079783052,0.00338705001173466
5,Prevalence,123,Perú,2,Female,18,65-69 years,9103,ACS renovascular,2,Percent,2019,0.00464078265167008,0.00622692746242784,0.00345866621218756
5,Prevalence,123,Perú,1,Male,19,70-74 years,9103,ACS renovascular,2,Percent,2019,0.00499487626139893,0.00670204456835334,0.00372256385528876
5,Prevalence,123,Perú,2,Female,19,70-74 years,9103,ACS renovascular,2,Percent,2019,0.00457922728370844,0.00614433346051261,0.00341279044352361
5,Prevalence,123,Perú,1,Male,20,75-79 years,9103,ACS renovascular,2,Percent,2019,0.00642430100595563,0.00862002368210279,0.0047878805136942
5,Prevalence,123,Perú,2,Female,20,75-79 years,9103,ACS renovascular,2,Percent,2019,0.00544817377807972,0.00731027187980784,0.00406039583810058
5,Prevalence,123,Perú,1,Male,30,80-84 years,9103,ACS renovascular,2,Percent,2019,0.00681954953012608,0.00915036178978283,0.00508244994703609
5,Prevalence,123,Perú,2,Female,30,80-84 years,9103,ACS renovascular,2,Percent,2019,0.00598835615580245,0.00803507989928075,0.00446298106530927
5,Prevalence,123,Perú,1,Male,31,85-89 years,9103,ACS renovascular,2,Percent,2019,0.00687980613499997,0.00923121313229224,0.00512735777810279
5,Prevalence,123,Perú,2,Female,31,85-89 years,9103,ACS renovascular,2,Percent,2019,0.0063255325608613,0.00848749777228501,0.00471427071346899
5,Prevalence,123,Perú,1,Male,32,90-94 years,9103,ACS renovascular,2,Percent,2019,0.00793705213496996,0.0106498087972683,0.00591529836755287
5,Prevalence,123,Perú,2,Female,32,90-94 years,9103,ACS renovascular,2,Percent,2019,0.00688451655699175,0.00923753350070028,0.00513086834487804
5,Prevalence,123,Perú,1,Male,235,95+ years,9103,ACS renovascular,2,Percent,2019,0.00858006124159775,0.0115125880664527,0.00639451793850652
5,Prevalence,123,Perú,2,Female,235,95+ years,9103,ACS renovascular,2,Percent,2019,0.00713066742708093,0.00956781477605957,0.00531431880170382
5,Prevalence,123,Perú,1,Male,13,40-44 years,9103,ACS renovascular,2,Percent,2023,0.00137303812541757,0.00184232045580637,0.00102329303672908
5,Prevalence,123,Perú,2,Female,13,40-44 years,9103,ACS renovascular,2,Percent,2023,0.00130521226185831,0.00175131280383024,0.000972744015106522
5,Prevalence,123,Perú,1,Male,14,45-49 years,9103,ACS renovascular,2,Percent,2023,0.00198939804193657,0.00266934227065708,0.00148265159277863
5,Prevalence,123,Perú,2,Female,14,45-49 years,9103,ACS renovascular,2,Percent,2023,0.00170889772645741,0.00229297146237364,0.00127360130180959
5,Prevalence,123,Perú,1,Male,15,50-54 years,9103,ACS renovascular,2,Percent,2023,0.00285548958205156,0.00383144995828551,0.00212812925706425
5,Prevalence,123,Perú,2,Female,15,50-54 years,9103,ACS renovascular,2,Percent,2023,0.00236162826119951,0.00316879478732251,0.00176006602460008
5,Prevalence,123,Perú,1,Male,16,55-59 years,9103,ACS renovascular,2,Percent,2023,0.00330313255644568,0.00443209009591714,0.00246174704243993
5,Prevalence,123,Perú,2,Female,16,55-59 years,9103,ACS renovascular,2,Percent,2023,0.00320406507596811,0.0042991629452355,0.00238791437817349
5,Prevalence,123,Perú,1,Male,17,60-64 years,9103,ACS renovascular,2,Percent,2023,0.00447349400946015,0.00600246225504426,0.00333398991986303
5,Prevalence,123,Perú,2,Female,17,60-64 years,9103,ACS renovascular,2,Percent,2023,0.00365918934695638,0.00490984136621572,0.00272710779802631
5,Prevalence,123,Perú,1,Male,18,65-69 years,9103,ACS renovascular,2,Percent,2023,0.00492819350535775,0.00661257071964513,0.00367286676482662
5,Prevalence,123,Perú,2,Female,18,65-69 years,9103,ACS renovascular,2,Percent,2023,0.00446551744153344,0.00599175942459368,0.00332804517130485
5,Prevalence,123,Perú,1,Male,19,70-74 years,9103,ACS renovascular,2,Percent,2023,0.00542269506116367,0.0072760849475638,0.00404140714935091
5,Prevalence,123,Perú,2,Female,19,70-74 years,9103,ACS renovascular,2,Percent,2023,0.00457319550662567,0.00613624011911244,0.00340829510186219
5,Prevalence,123,Perú,1,Male,20,75-79 years,9103,ACS renovascular,2,Percent,2023,0.00587173403741717,0.00787859821801984,0.0043760653420944
5,Prevalence,123,Perú,2,Female,20,75-79 years,9103,ACS renovascular,2,Percent,2023,0.00568400895542871,0.00762671172469315,0.00423615825163414
5,Prevalence,123,Perú,1,Male,30,80-84 years,9103,ACS renovascular,2,Percent,2023,0.00717367462425071,0.00962552114096381,0.00534637105471732
5,Prevalence,123,Perú,2,Female,30,80-84 years,9103,ACS renovascular,2,Percent,2023,0.00639106464186762,0.00857542766375308,0.00476311023287835
5,Prevalence,123,Perú,1,Male,31,85-89 years,9103,ACS renovascular,2,Percent,2023,0.00783813738366434,0.0105170865761312,0.00584157952874784
5,Prevalence,123,Perú,2,Female,31,85-89 years,9103,ACS renovascular,2,Percent,2023,0.0069697161300504,0.00935185291642969,0.00519436558375966
5,Prevalence,123,Perú,1,Male,32,90-94 years,9103,ACS renovascular,2,Percent,2023,0.00816267371665524,0.0109525442038934,0.00608344882834516
5,Prevalence,123,Perú,2,Female,32,90-94 years,9103,ACS renovascular,2,Percent,2023,0.00692732029969661,0.00929496687367837,0.00516276896806176
5,Prevalence,123,Perú,1,Male,235,95+ years,9103,ACS renovascular,2,Percent,2023,0.00876165569544073,0.0117562485816144,0.00652985601593217
5,Prevalence,123,Perú,2,Female,235,95+ years,9103,ACS renovascular,2,Percent,2023,0.00794777295340356,0.0106641938188766,0.00592328834150047
6,Incidence,123,Perú,1,Male,13,40-44 years,9100,Arteriopatía crónica sintética,3,Rate,2019,126.543497247352,169.794027720223,94.3098936434702
6,Incidence,123,Perú,2,Female,13,40-44 years,9100,Arteriopatía crónica sintética,3,Rate,2019,109.598096021231,147.056961113835,81.6808844715677
6,Incidence,123,Perú,1,Male,14,45-49 years,9100,Arteriopatía crónica sintética,3,Rate,2019,156.855556348047,210.466260708537,116.900758698458
6,Incidence,123,Perú,2,Female,14,45-49 years,9100,Arteriopatía crónica sintética,3,Rate,2019,140.971767196335,189.15364809553,105.062944048645
6,Incidence,123,Perú,1,Male,15,50-54 years,9100,Arteriopatía crónica sintética,3,Rate,2019,218.833263404322,293.626950422834,163.091286761058
6,Incidence,123,Perú,2,Female,15,50-54 years,9100,Arteriopatía crónica sintética,3,Rate,2019,170.132956903512,228.281663056399,126.796093199922
6,Incidence,123,Perú,1,Male,16,55-59 years,9100,Arteriopatía crónica sintética,3,Rate,2019,255.216104672047,342.444861205538,190.206563049807
6,Incidence,123,Perú,2,Female,16,55-59 years,9100,Arteriopatía crónica sintética,3,Rate,2019,214.28324879729,287.521814061669,159.700267838714
6,Incidence,123,Perú,1,Male,17,60-64 years,9100,Arteriopatía crónica sintética,3,Rate,2019,336.668043971333,451.735762279778,250.91077859203
6,Incidence,123,Perú,2,Female,17,60-64 years,9100,Arteriopatía crónica sintética,3,Rate,2019,255.141408977015,342.34463572427,190.150894104287
6,Incidence,123,Perú,1,Male,18,65-69 years,9100,Arteriopatía crónica sintética,3,Rate,2019,391.964612540797,525.931807914302,292.122011204333
6,Incidence,123,Perú,2,Female,18,65-69 years,9100,Arteriopatía crónica sintética,3,Rate,2019,324.810393861197,435.825358226683,242.073550721185
6,Incidence,123,Perú,1,Male,19,70-74 years,9100,Arteriopatía crónica sintética,3,Rate,2019,502.126141384894,673.744774120657,374.222808913291
6,Incidence,123,Perú,2,Female,19,70-74 years,9100,Arteriopatía crónica sintética,3,Rate,2019,397.339501535929,533.143747451967,296.127789616522
6,Incidence,123,Perú,1,Male,20,75-79 years,9100,Arteriopatía crónica sintética,3,Rate,2019,625.699421091738,839.553411754636,466.319069249347
6,Incidence,123,Perú,2,Female,20,75-79 years,9100,Arteriopatía crónica sintética,3,Rate,2019,510.011831894165,684.325666715295,380.099828668647
6,Incidence,123,Perú,1,Male,30,80-84 years,9100,Arteriopatía crónica sintética,3,Rate,2019,740.153671065874,993.126282076208,551.619131100845
6,Incidence,123,Perú,2,Female,30,80-84 years,9100,Arteriopatía crónica sintética,3,Rate,2019,628.460800507813,843.258586207043,468.377060412103
6,Incidence,123,Perú,1,Male,31,85-89 years,9100,Arteriopatía crónica sintética,3,Rate,2019,928.964784843951,1246.46999537707,692.33561552287
6,Incidence,123,Perú,2,Female,31,85-89 years,9100,Arteriopatía crónica sintética,3,Rate,2019,811.486359579341,1088.83933532887,604.781706921378
6,Incidence,123,Perú,1,Male,32,90-94 years,9100,Arteriopatía crónica sintética,3,Rate,2019,1147.90604012703,1540.24184756454,855.507386092431
6,Incidence,123,Perú,2,Female,32,90-94 years,9100,Arteriopatía crónica sintética,3,Rate,2019,951.712547709352,1276.99257743429,709.28898841938
6,Incidence,123,Perú,1,Male,235,95+ years,9100,Arteriopatía crónica sintética,3,Rate,2019,1468.4483069837,1970.34030167775,1094.40000209465
6,Incidence,123,Perú,2,Female,235,95+ years,9100,Arteriopatía crónica sintética,3,Rate,2019,1205.82628445909,1617.95829910576,898.673982571768
6,Incidence,123,Perú,1,Male,13,40-44 years,9100,Arteriopatía crónica sintética,3,Rate,2023,129.642896538407,173.952751799997,96.6198030726892
6,Incidence,123,Perú,2,Female,13,40-44 years,9100,Arteriopatía crónica sintética,3,Rate,2023,104.742164997784,140.541351029257,78.0618732357225
6,Incidence,123,Perú,1,Male,14,45-49 years,9100,Arteriopatía crónica sintética,3,Rate,2023,162.706877722874,218.317469544463,121.261610962996
6,Incidence,123,Perú,2,Female,14,45-49 years,9100,Arteriopatía crónica sintética,3,Rate,2023,147.513991598397,197.931899492395,109.938710097248
6,Incidence,123,Perú,1,Male,15,50-54 years,9100,Arteriopatía crónica sintética,3,Rate,2023,200.941590821255,269.620192141195,149.757043792298
6,Incidence,123,Perú,2,Female,15,50-54 years,9100,Arteriopatía crónica sintética,3,Rate,2023,167.063091461715,224.162567020172,124.508194654256
6,Incidence,123,Perú,1,Male,16,55-59 years,9100,Arteriopatía crónica sintética,3,Rate,2023,259.76404949445,348.547220363003,193.596039410324
6,Incidence,123,Perú,2,Female,16,55-59 years,9100,Arteriopatía crónica sintética,3,Rate,2023,205.487223953753,275.719449510355,153.144797304674
6,Incidence,123,Perú,1,Male,17,60-64 years,9100,Arteriopatía crónica sintética,3,Rate,2023,303.41031200432,407.11107285397,226.124572798293
6,Incidence,123,Perú,2,Female,17,60-64 years,9100,Arteriopatía crónica sintética,3,Rate,2023,274.417159372737,368.208527336352,204.516657729147
6,Incidence,123,Perú,1,Male,18,65-69 years,9100,Arteriopatía crónica sintética,3,Rate,2023,404.922780963866,543.318869725382,301.779429502209
6,Incidence,123,Perú,2,Female,18,65-69 years,9100,Arteriopatía crónica sintética,3,Rate,2023,329.353220963894,441.920850510224,245.459212965517
6,Incidence,123,Perú,1,Male,19,70-74 years,9100,Arteriopatía crónica sintética,3,Rate,2023,492.437295860442,660.744437150832,367.001940114691
6,Incidence,123,Perú,2,Female,19,70-74 years,9100,Arteriopatía crónica sintética,3,Rate,2023,425.963397702198,571.550830588101,317.460506522756
6,Incidence,123,Perú,1,Male,20,75-79 years,9100,Arteriopatía crónica sintética,3,Rate,2023,650.028927661302,872.198352053837,484.451278544058
6,Incidence,123,Perú,2,Female,20,75-79 years,9100,Arteriopatía crónica sintética,3,Rate,2023,541.527811384464,726.613300703677,403.587947287576
6,Incidence,123,Perú,1,Male,30,80-84 years,9100,Arteriopatía crónica sintética,3,Rate,2023,803.733922982132,1078.43724068853,599.003998174074
6,Incidence,123,Perú,2,Female,30,80-84 years,9100,Arteriopatía crónica sintética,3,Rate,2023,677.164893610002,908.608954374258,504.67507603823
6,Incidence,123,Perú,1,Male,31,85-89 years,9100,Arteriopatía crónica sintética,3,Rate,2023,1001.60176453869,1343.93312554245,746.470248898799
6,Incidence,123,Perú,2,Female,31,85-89 years,9100,Arteriopatía crónica sintética,3,Rate,2023,893.309949613452,1198.62891137688,665.762905019294
6,Incidence,123,Perú,1,Male,32,90-94 years,9100,Arteriopatía crónica sintética,3,Rate,2023,1225.57459303991,1644.45626168415,913.391932702822
6,Incidence,123,Perú,2,Female,32,90-94 years,9100,Arteriopatía crónica sintética,3,Rate,2023,1018.07713350629,1366.03951043015,758.748954078207
6,Incidence,123,Perú,1,Male,235,95+ years,9100,Arteriopatía crónica sintética,3,Rate,2023,1627.48958612227,2183.73933004449,1212.9297286057
6,Incidence,123,Perú,2,Female,235,95+ years,9100,Arteriopatía crónica sintética,3,Rate,2023,1313.7386477324,1762.75337115255,979.098530055457
6,Incidence,123,Perú,1,Male,13,40-44 years,9101,ACS de miembros inferiores,3,Rate,2019,81.1377292951262,108.869299148288,60.470042212747
6,Incidence,123,Perú,2,Female,13,40-44 years,9101,ACS de miembros inferiores,3,Rate,2019,71.6887649998687,96.190830950588,53.4279512550046
6,Incidence,123,Perú,1,Male,14,45-49 years,9101,ACS de miembros inferiores,3,Rate,2019,100.879950442627,135.359093706639,75.1834555228539
6,Incidence,123,Perú,2,Female,14,45-49 years,9101,ACS de miembros inferiores,3,Rate,2019,91.599806622476,122.907146105046,68.2671824964826
6,Incidence,123,Perú,1,Male,15,50-54 years,9101,ACS de miembros inferiores,3,Rate,2019,141.243891811275,189.518780523648,105.265752126902
6,Incidence,123,Perú,2,Female,15,50-54 years,9101,ACS de miembros inferiores,3,Rate,2019,110.672094192505,148.498034572618,82.4813100604715
6,Incidence,123,Perú,1,Male,16,55-59 years,9101,ACS de miembros inferiores,3,Rate,2019,161.053446278003,216.098921845918,120.029347376921
6,Incidence,123,Perú,2,Female,16,55-59 years,9101,ACS de miembros inferiores,3,Rate,2019,136.626536769275,183.323287850777,101.824545961453
6,Incidence,123,Perú,1,Male,17,60-64 years,9101,ACS de miembros inferiores,3,Rate,2019,214.615168152534,287.96717810985,159.947639531232
6,Incidence,123,Perú,2,Female,17,60-64 years,9101,ACS de miembros inferiores,3,Rate,2019,156.229303913416,209.625965272117,116.434027481218
6,Incidence,123,Perú,1,Male,18,65-69 years,9101,ACS de miembros inferiores,3,Rate,2019,242.037623430025,324.762187200216,180.384950787201
6,Incidence,123,Perú,2,Female,18,65-69 years,9101,ACS de miembros inferiores,3,Rate,2019,197.652844279793,265.207404968621,147.306018308631
6,Incidence,123,Perú,1,Male,19,70-74 years,9101,ACS de miembros inferiores,3,Rate,2019,310.789591742438,417.012471627233,231.624176510896
6,Incidence,123,Perú,2,Female,19,70-74 years,9101,ACS de miembros inferiores,3,Rate,2019,249.804567457213,335.183747676579,186.17347158102
6,Incidence,123,Perú,1,Male,20,75-79 years,9101,ACS de miembros inferiores,3,Rate,2019,385.031104446261,516.62853835711,286.954630618244
6,Incidence,123,Perú,2,Female,20,75-79 years,9101,ACS de miembros inferiores,3,Rate,2019,315.830858438192,423.776762133687,235.381314066337
6,Incidence,123,Perú,1,Male,30,80-84 years,9101,ACS de miembros inferiores,3,Rate,2019,444.748625075848,596.756546304789,331.460694870755
6,Incidence,123,Perú,2,Female,30,80-84 years,9101,ACS de miembros inferiores,3,Rate,2019,380.117796959375,510.035941457439,283.292858053035
6,Incidence,123,Perú,1,Male,31,85-89 years,9101,ACS de miembros inferiores,3,Rate,2019,564.575605456868,757.53845980506,420.764926389365
6,Incidence,123,Perú,2,Female,31,85-89 years,9101,ACS de miembros inferiores,3,Rate,2019,512.001883431914,686.995885836115,381.582967296492
6,Incidence,123,Perú,1,Male,32,90-94 years,9101,ACS de miembros inferiores,3,Rate,2019,678.435523155421,910.313864645825,505.622046367764
6,Incidence,123,Perú,2,Female,32,90-94 years,9101,ACS de miembros inferiores,3,Rate,2019,578.441355163009,776.143299573035,431.098743681588
6,Incidence,123,Perú,1,Male,235,95+ years,9101,ACS de miembros inferiores,3,Rate,2019,863.202215591587,1158.23083849046,643.324318642172
6,Incidence,123,Perú,2,Female,235,95+ years,9101,ACS de miembros inferiores,3,Rate,2019,744.157967221755,998.499182203684,554.603438890599
6,Incidence,123,Perú,1,Male,13,40-44 years,9101,ACS de miembros inferiores,3,Rate,2023,80.8179598153802,108.440237607481,60.2317255368112
6,Incidence,123,Perú,2,Female,13,40-44 years,9101,ACS de miembros inferiores,3,Rate,2023,65.800447540469,88.2899813638843,49.0395266783589
6,Incidence,123,Perú,1,Male,14,45-49 years,9101,ACS de miembros inferiores,3,Rate,2023,105.886194934629,142.076391983828,78.9144918531601
6,Incidence,123,Perú,2,Female,14,45-49 years,9101,ACS de miembros inferiores,3,Rate,2023,100.056936001243,134.254786176704,74.570082207572
6,Incidence,123,Perú,1,Male,15,50-54 years,9101,ACS de miembros inferiores,3,Rate,2023,122.221761213527,163.995191874139,91.0890053752367
6,Incidence,123,Perú,2,Female,15,50-54 years,9101,ACS de miembros inferiores,3,Rate,2023,107.076580576061,143.673632276658,79.8016582874711
6,Incidence,123,Perú,1,Male,16,55-59 years,9101,ACS de miembros inferiores,3,Rate,2023,165.337326734405,221.846963687552,123.22202277323
6,Incidence,123,Perú,2,Female,16,55-59 years,9101,ACS de miembros inferiores,3,Rate,2023,130.300783098762,174.83549339712,97.1101104601579
6,Incidence,123,Perú,1,Male,17,60-64 years,9101,ACS de miembros inferiores,3,Rate,2023,188.407203759159,252.801753338943,140.415459780267
6,Incidence,123,Perú,2,Female,17,60-64 years,9101,ACS de miembros inferiores,3,Rate,2023,170.01160107566,228.118829759971,126.705649554324
6,Incidence,123,Perú,1,Male,18,65-69 years,9101,ACS de miembros inferiores,3,Rate,2023,256.719111780468,344.461571950714,191.326718914185
6,Incidence,123,Perú,2,Female,18,65-69 years,9101,ACS de miembros inferiores,3,Rate,2023,209.753474410343,281.44383570202,156.32433347658
6,Incidence,123,Perú,1,Male,19,70-74 years,9101,ACS de miembros inferiores,3,Rate,2023,298.601981739218,400.659332700741,222.541037288617
6,Incidence,123,Perú,2,Female,19,70-74 years,9101,ACS de miembros inferiores,3,Rate,2023,269.987783923962,362.265262655888,201.215548335399
6,Incidence,123,Perú,1,Male,20,75-79 years,9101,ACS de miembros inferiores,3,Rate,2023,405.490251947095,544.080293156477,302.202352285586
6,Incidence,123,Perú,2,Female,20,75-79 years,9101,ACS de miembros inferiores,3,Rate,2023,348.578328238828,467.716789998001,259.787233463
6,Incidence,123,Perú,1,Male,30,80-84 years,9101,ACS de miembros inferiores,3,Rate,2023,488.530068011609,655.501781715308,364.089975052243
6,Incidence,123,Perú,2,Female,30,80-84 years,9101,ACS de miembros inferiores,3,Rate,2023,419.576927498084,562.981567666972,312.700820416327
6,Incidence,123,Perú,1,Male,31,85-89 years,9101,ACS de miembros inferiores,3,Rate,2023,615.05260888823,825.267690514604,458.384250405261
6,Incidence,123,Perú,2,Female,31,85-89 years,9101,ACS de miembros inferiores,3,Rate,2023,556.52089572393,746.730779936694,414.761940580007
6,Incidence,123,Perú,1,Male,32,90-94 years,9101,ACS de miembros inferiores,3,Rate,2023,713.043674366387,956.750524876372,531.414687877612
6,Incidence,123,Perú,2,Female,32,90-94 years,9101,ACS de miembros inferiores,3,Rate,2023,620.04416289813,831.965277339372,462.104338264609
6,Incidence,123,Perú,1,Male,235,95+ years,9101,ACS de miembros inferiores,3,Rate,2023,997.048290827862,1337.82334781149,743.076651987717
6,Incidence,123,Perú,2,Female,235,95+ years,9101,ACS de miembros inferiores,3,Rate,2023,790.000978108727,1060.01059630745,588.769157201638
6,Incidence,123,Perú,1,Male,13,40-44 years,9102,ACS carotídea,3,Rate,2019,29.2610483294993,39.2620036529434,21.8075714349617
6,Incidence,123,Perú,2,Female,13,40-44 years,9102,ACS carotídea,3,Rate,2019,23.2294631413095,31.1689197338343,17.3123727880664
6,Incidence,123,Perú,1,Male,14,45-49 years,9102,ACS carotídea,3,Rate,2019,37.9950776558322,50.9811836171723,28.3168381674539
6,Incidence,123,Perú,2,Female,14,45-49 years,9102,ACS carotídea,3,Rate,2019,29.9916108614058,40.2422606988779,22.352042515521
6,Incidence,123,Perú,1,Male,15,50-54 years,9102,ACS carotídea,3,Rate,2019,53.5189953466444,71.810926496555,39.8864490775169
6,Incidence,123,Perú,2,Female,15,50-54 years,9102,ACS carotídea,3,Rate,2019,38.3969000730782,51.5203424687655,28.6163069687623
6,Incidence,123,Perú,1,Male,16,55-59 years,9102,ACS carotídea,3,Rate,2019,65.6589501136154,88.1001223941218,48.9340719725252
6,Incidence,123,Perú,2,Female,16,55-59 years,9102,ACS carotídea,3,Rate,2019,51.5231191036983,69.1328918800586,38.3989694338189
6,Incidence,123,Perú,1,Male,17,60-64 years,9102,ACS carotídea,3,Rate,2019,84.9072368490963,113.927163708957,63.2793675770388
6,Incidence,123,Perú,2,Female,17,60-64 years,9102,ACS carotídea,3,Rate,2019,66.8354435710128,89.6787223780271,49.8108848886603
6,Incidence,123,Perú,1,Male,18,65-69 years,9102,ACS carotídea,3,Rate,2019,103.516023943622,138.896134699157,77.1480591328619
6,Incidence,123,Perú,2,Female,18,65-69 years,9102,ACS carotídea,3,Rate,2019,84.7270308954434,113.685366261,63.1450643161632
6,Incidence,123,Perú,1,Male,19,70-74 years,9102,ACS carotídea,3,Rate,2019,142.388960801474,191.055215663285,106.119145126379
6,Incidence,123,Perú,2,Female,19,70-74 years,9102,ACS carotídea,3,Rate,2019,101.376526882309,136.025391980344,75.5535422695533
6,Incidence,123,Perú,1,Male,20,75-79 years,9102,ACS carotídea,3,Rate,2019,174.823038206392,234.574738655492,130.291500537916
6,Incidence,123,Perú,2,Female,20,75-79 years,9102,ACS carotídea,3,Rate,2019,137.403303651733,184.36554115056,102.40345205828
6,Incidence,123,Perú,1,Male,30,80-84 years,9102,ACS carotídea,3,Rate,2019,215.941010169191,289.746171586606,160.935758417614
6,Incidence,123,Perú,2,Female,30,80-84 years,9102,ACS carotídea,3,Rate,2019,182.732483936949,245.187505623682,136.186224501247
6,Incidence,123,Perú,1,Male,31,85-89 years,9102,ACS carotídea,3,Rate,2019,264.038687088602,354.282860280847,196.781826318686
6,Incidence,123,Perú,2,Female,31,85-89 years,9102,ACS carotídea,3,Rate,2019,218.882589089884,293.693134833759,163.128048034932
6,Incidence,123,Perú,1,Male,32,90-94 years,9102,ACS carotídea,3,Rate,2019,363.985749305748,488.390219582615,271.270022177945
6,Incidence,123,Perú,2,Female,32,90-94 years,9102,ACS carotídea,3,Rate,2019,261.947608204605,351.477084293002,195.22339438469
6,Incidence,123,Perú,1,Male,235,95+ years,9102,ACS carotídea,3,Rate,2019,470.833823925344,631.757246244996,350.901380347908
6,Incidence,123,Perú,2,Female,235,95+ years,9102,ACS carotídea,3,Rate,2019,338.699507332211,454.461547118294,252.42478047812
6,Incidence,123,Perú,1,Male,13,40-44 years,9102,ACS carotídea,3,Rate,2023,32.1104265343238,43.0852534636365,23.9311460262483
6,Incidence,123,Perú,2,Female,13,40-44 years,9102,ACS carotídea,3,Rate,2023,24.8004148938748,33.2767975088639,18.4831661984449
6,Incidence,123,Perú,1,Male,14,45-49 years,9102,ACS carotídea,3,Rate,2023,37.4598236640808,50.2629884266667,27.9179259504504
6,Incidence,123,Perú,2,Female,14,45-49 years,9102,ACS carotídea,3,Rate,2023,29.9051566097352,40.1262577755827,22.2876101941656
6,Incidence,123,Perú,1,Male,15,50-54 years,9102,ACS carotídea,3,Rate,2023,52.9678534598594,71.0714131842302,39.4756959858462
6,Incidence,123,Perú,2,Female,15,50-54 years,9102,ACS carotídea,3,Rate,2023,38.7871927351693,52.0440308804786,28.9071829146016
6,Incidence,123,Perú,1,Male,16,55-59 years,9102,ACS carotídea,3,Rate,2023,63.670729713991,85.4323602649635,47.4522980488772
6,Incidence,123,Perú,2,Female,16,55-59 years,9102,ACS carotídea,3,Rate,2023,50.8997958848188,68.2965268181842,37.9344212922173
6,Incidence,123,Perú,1,Male,17,60-64 years,9102,ACS carotídea,3,Rate,2023,81.5184607733294,109.380158517361,60.7537924330043
6,Incidence,123,Perú,2,Female,17,60-64 years,9102,ACS carotídea,3,Rate,2023,72.3618658080325,97.0939867805274,53.9295974637005
6,Incidence,123,Perú,1,Male,18,65-69 years,9102,ACS carotídea,3,Rate,2023,103.183966802925,138.450585772672,76.9005847520848
6,Incidence,123,Perú,2,Female,18,65-69 years,9102,ACS carotídea,3,Rate,2023,81.4749821582194,109.321819611452,60.7213888432823
6,Incidence,123,Perú,1,Male,19,70-74 years,9102,ACS carotídea,3,Rate,2023,137.434531515497,184.407442195505,102.426725451022
6,Incidence,123,Perú,2,Female,19,70-74 years,9102,ACS carotídea,3,Rate,2023,105.95424068342,142.167694674269,78.9652047500772
6,Incidence,123,Perú,1,Male,20,75-79 years,9102,ACS carotídea,3,Rate,2023,177.700151729722,238.435203270119,132.435745610067
6,Incidence,123,Perú,2,Female,20,75-79 years,9102,ACS carotídea,3,Rate,2023,131.65168454995,176.648111219764,98.1169055539851
6,Incidence,123,Perú,1,Male,30,80-84 years,9102,ACS carotídea,3,Rate,2023,237.505017424873,318.680409420838,177.006906086587
6,Incidence,123,Perú,2,Female,30,80-84 years,9102,ACS carotídea,3,Rate,2023,179.790078966243,241.239433995919,133.993319248274
6,Incidence,123,Perú,1,Male,31,85-89 years,9102,ACS carotídea,3,Rate,2023,287.421970415986,385.658173464414,214.208837675343
6,Incidence,123,Perú,2,Female,31,85-89 years,9102,ACS carotídea,3,Rate,2023,252.328601589934,338.57045604817,188.054574883738
6,Incidence,123,Perú,1,Male,32,90-94 years,9102,ACS carotídea,3,Rate,2023,379.132181537521,508.713458549189,282.558302049523
6,Incidence,123,Perú,2,Female,32,90-94 years,9102,ACS carotídea,3,Rate,2023,284.562815508971,381.821805432092,212.07797673775
6,Incidence,123,Perú,1,Male,235,95+ years,9102,ACS carotídea,3,Rate,2023,477.787322042659,641.087338092988,356.083659028038
6,Incidence,123,Perú,2,Female,235,95+ years,9102,ACS carotídea,3,Rate,2023,386.443058364777,518.523075397693,288.006926680715
6,Incidence,123,Perú,1,Male,13,40-44 years,9103,ACS renovascular,3,Rate,2019,16.1447196227269,21.6627249189912,12.0322799957615
6,Incidence,123,Perú,2,Female,13,40-44 years,9103,ACS renovascular,3,Rate,2019,14.6798678800527,19.6972104294125,10.9405604284967
6,Incidence,123,Perú,1,Male,14,45-49 years,9103,ACS renovascular,3,Rate,2019,17.9805282495878,24.1259833847262,13.4004650081497
6,Incidence,123,Perú,2,Female,14,45-49 years,9103,ACS renovascular,3,Rate,2019,19.3803497124535,26.004241291607,14.4437190366413
6,Incidence,123,Perú,1,Male,15,50-54 years,9103,ACS renovascular,3,Rate,2019,24.0703762464026,32.2972434026309,17.9390855566388
6,Incidence,123,Perú,2,Female,15,50-54 years,9103,ACS renovascular,3,Rate,2019,21.0639626379285,28.2632860150149,15.6984761706879
6,Incidence,123,Perú,1,Male,16,55-59 years,9103,ACS renovascular,3,Rate,2019,28.5037082804286,38.2458169654981,21.2431437003608
6,Incidence,123,Perú,2,Female,16,55-59 years,9103,ACS renovascular,3,Rate,2019,26.133592924317,35.0656343308336,19.4767524434421
6,Incidence,123,Perú,1,Male,17,60-64 years,9103,ACS renovascular,3,Rate,2019,37.1456389697026,49.8414204609715,27.683771483759
6,Incidence,123,Perú,2,Female,17,60-64 years,9103,ACS renovascular,3,Rate,2019,32.0766614925855,43.0399480741254,23.9059817344082
6,Incidence,123,Perú,1,Male,18,65-69 years,9103,ACS renovascular,3,Rate,2019,46.4109651671498,62.2734860149301,34.5890012842701
6,Incidence,123,Perú,2,Female,18,65-69 years,9103,ACS renovascular,3,Rate,2019,42.4305186859603,56.9325869970623,31.6224680963914
6,Incidence,123,Perú,1,Male,19,70-74 years,9103,ACS renovascular,3,Rate,2019,48.9475888409818,65.6770868301385,36.4794872760156
6,Incidence,123,Perú,2,Female,19,70-74 years,9103,ACS renovascular,3,Rate,2019,46.1584071964071,61.9346077950448,34.4007757659489
6,Incidence,123,Perú,1,Male,20,75-79 years,9103,ACS renovascular,3,Rate,2019,65.8452784390851,88.3501347420343,49.0729380931878
6,Incidence,123,Perú,2,Female,20,75-79 years,9103,ACS renovascular,3,Rate,2019,56.7776698042401,76.1833634310477,42.3150625440297
6,Incidence,123,Perú,1,Male,30,80-84 years,9103,ACS renovascular,3,Rate,2019,79.4640358208357,106.623564184813,59.2226778124763
6,Incidence,123,Perú,2,Female,30,80-84 years,9103,ACS renovascular,3,Rate,2019,65.6105196114887,88.0351391259216,48.8979778578214
6,Incidence,123,Perú,1,Male,31,85-89 years,9103,ACS renovascular,3,Rate,2019,100.350492298482,134.648675291159,74.7888628148192
6,Incidence,123,Perú,2,Female,31,85-89 years,9103,ACS renovascular,3,Rate,2019,80.6018870575432,108.150314658995,60.0706915899541
6,Incidence,123,Perú,1,Male,32,90-94 years,9103,ACS renovascular,3,Rate,2019,105.48476766586,141.537763336101,78.6153175467224
6,Incidence,123,Perú,2,Female,32,90-94 years,9103,ACS renovascular,3,Rate,2019,111.323584341738,149.372193568257,82.9668503531016
6,Incidence,123,Perú,1,Male,235,95+ years,9103,ACS renovascular,3,Rate,2019,134.412267466771,180.352216942293,100.174303104572
6,Incidence,123,Perú,2,Female,235,95+ years,9103,ACS renovascular,3,Rate,2019,122.968809905125,164.99756978378,91.645763203048
6,Incidence,123,Perú,1,Male,13,40-44 years,9103,ACS renovascular,3,Rate,2023,16.714510188703,22.4272607288793,12.4569315096297
6,Incidence,123,Perú,2,Female,13,40-44 years,9103,ACS renovascular,3,Rate,2023,14.1413025634402,18.9745721565085,10.5391803589187
6,Incidence,123,Perú,1,Male,14,45-49 years,9103,ACS renovascular,3,Rate,2023,19.3608591241647,25.9780891339681,14.4291931593853
6,Incidence,123,Perú,2,Female,14,45-49 years,9103,ACS renovascular,3,Rate,2023,17.5518989874193,23.5508555401078,13.0810176955109
6,Incidence,123,Perú,1,Male,15,50-54 years,9103,ACS renovascular,3,Rate,2023,25.7519761478692,34.5535870828266,19.1923424312152
6,Incidence,123,Perú,2,Female,15,50-54 years,9103,ACS renovascular,3,Rate,2023,21.1993181504847,28.4449038630355,15.7993534521833
6,Incidence,123,Perú,1,Male,16,55-59 years,9103,ACS renovascular,3,Rate,2023,30.7559930460532,41.2678964104874,22.9217185882167
6,Incidence,123,Perú,2,Female,16,55-59 years,9103,ACS renovascular,3,Rate,2023,24.2866449701722,32.5874292950515,18.1002655522987
6,Incidence,123,Perú,1,Male,17,60-64 years,9103,ACS renovascular,3,Rate,2023,33.4846474718313,44.9291609976661,24.9553205850218
6,Incidence,123,Perú,2,Female,17,60-64 years,9103,ACS renovascular,3,Rate,2023,32.043692489044,42.9957107958535,23.8814107111224
6,Incidence,123,Perú,1,Male,18,65-69 years,9103,ACS renovascular,3,Rate,2023,45.0197023804725,60.4067120019956,33.5521258359396
6,Incidence,123,Perú,2,Female,18,65-69 years,9103,ACS renovascular,3,Rate,2023,38.1247643953311,51.1551951967509,28.4134906456544
6,Incidence,123,Perú,1,Male,19,70-74 years,9103,ACS renovascular,3,Rate,2023,56.4007826057275,75.6776622545853,42.0341773750523
6,Incidence,123,Perú,2,Female,19,70-74 years,9103,ACS renovascular,3,Rate,2023,50.0213730948155,67.1178732579435,37.2797534372798
6,Incidence,123,Perú,1,Male,20,75-79 years,9103,ACS renovascular,3,Rate,2023,66.8385239844851,89.6828556272409,49.8131806484052
6,Incidence,123,Perú,2,Female,20,75-79 years,9103,ACS renovascular,3,Rate,2023,61.2977985956866,82.2483994859122,45.6838082705907
6,Incidence,123,Perú,1,Male,30,80-84 years,9103,ACS renovascular,3,Rate,2023,77.6988375456495,104.255049552387,57.9071170352437
6,Incidence,123,Perú,2,Female,30,80-84 years,9103,ACS renovascular,3,Rate,2023,77.797887145675,104.387952711366,57.9809363736296
6,Incidence,123,Perú,1,Male,31,85-89 years,9103,ACS renovascular,3,Rate,2023,99.1271852344712,133.007261563428,73.8771608181956
6,Incidence,123,Perú,2,Female,31,85-89 years,9103,ACS renovascular,3,Rate,2023,84.4604522995874,113.327675392018,62.9463895555497
6,Incidence,123,Perú,1,Male,32,90-94 years,9103,ACS renovascular,3,Rate,2023,133.398737136005,178.992278258593,99.4189427756871
6,Incidence,123,Perú,2,Female,32,90-94 years,9103,ACS renovascular,3,Rate,2023,113.470155099188,152.252427658685,84.5666390758484
6,Incidence,123,Perú,1,Male,235,95+ years,9103,ACS renovascular,3,Rate,2023,152.653973251752,204.828644140009,113.769417589943
6,Incidence,123,Perú,2,Female,235,95+ years,9103,ACS renovascular,3,Rate,2023,137.294611258901,184.219699447407,102.322446173104
1,Deaths,123,Perú,1,Male,13,40-44 years,9100,Arteriopatía crónica sintética,3,Rate,2019,16.096792640276,21.5984172653873,11.996561142435
1,Deaths,123,Perú,2,Female,13,40-44 years,9100,Arteriopatía crónica sintética,3,Rate,2019,13.5926629487993,18.2384163526694,10.1302921518523
1,Deaths,123,Perú,1,Male,14,45-49 years,9100,Arteriopatía crónica sintética,3,Rate,2019,30.6198554199827,41.0852291351427,22.8202584159055
1,Deaths,123,Perú,2,Female,14,45-49 years,9100,Arteriopatía crónica sintética,3,Rate,2019,25.2968690295602,33.9429316770354,18.853161794851
1,Deaths,123,Perú,1,Male,15,50-54 years,9100,Arteriopatía crónica sintética,3,Rate,2019,47.414259782148,63.6196905799704,35.3367331748199
1,Deaths,123,Perú,2,Female,15,50-54 years,9100,Arteriopatía crónica sintética,3,Rate,2019,40.9715235289338,54.9749307798359,30.5351133047299
1,Deaths,123,Perú,1,Male,16,55-59 years,9100,Arteriopatía crónica sintética,3,Rate,2019,81.3085442193631,109.098495864136,60.5973465601684
1,Deaths,123,Perú,2,Female,16,55-59 years,9100,Arteriopatía crónica sintética,3,Rate,2019,63.6537871603919,85.4096270192572,47.4396711619748
1,Deaths,123,Perú,1,Male,17,60-64 years,9100,Arteriopatía crónica sintética,3,Rate,2019,114.956265680208,154.246466915367,85.6742023555678
1,Deaths,123,Perú,2,Female,17,60-64 years,9100,Arteriopatía crónica sintética,3,Rate,2019,95.3072271077609,127.881703236326,71.0302358280608
1,Deaths,123,Perú,1,Male,18,65-69 years,9100,Arteriopatía crónica sintética,3,Rate,2019,170.068112525276,228.194655913438,126.74776620922
1,Deaths,123,Perú,2,Female,18,65-69 years,9100,Arteriopatía crónica sintética,3,Rate,2019,138.539248340152,185.889733448938,103.250044930139
1,Deaths,123,Perú,1,Male,19,70-74 years,9100,Arteriopatía crónica sintética,3,Rate,2019,235.462457634654,315.939735572045,175.484634292569
1,Deaths,123,Perú,2,Female,19,70-74 years,9100,Arteriopatía crónica sintética,3,Rate,2019,206.751983195403,277.416483102815,154.087392634811
1,Deaths,123,Perú,1,Male,20,75-79 years,9100,Arteriopatía crónica sintética,3,Rate,2019,345.899354015175,464.122185506365,257.790656952929
1,Deaths,123,Perú,2,Female,20,75-79 years,9100,Arteriopatía crónica sintética,3,Rate,2019,275.179984241374,369.232073466407,205.085173170831
1,Deaths,123,Perú,1,Male,30,80-84 years,9100,Arteriopatía crónica sintética,3,Rate,2019,454.219801519469,609.46481840563,338.519340020497
1,Deaths,123,Perú,2,Female,30,80-84 years,9100,Arteriopatía crónica sintética,3,Rate,2019,380.103401086483,510.016625306914,283.282129147395
1,Deaths,123,Perú,1,Male,31,85-89 years,9100,Arteriopatía crónica sintética,3,Rate,2019,643.236638150143,863.084567318718,479.389144848315
1,Deaths,123,Perú,2,Female,31,85-89 years,9100,Arteriopatía crónica sintética,3,Rate,2019,516.879799670072,693.540995327912,385.218363596021
1,Deaths,123,Perú,1,Male,32,90-94 years,9100,Arteriopatía crónica sintética,3,Rate,2019,897.479578957455,1204.22365291492,668.870431747412
1,Deaths,123,Perú,2,Female,32,90-94 years,9100,Arteriopatía crónica sintética,3,Rate,2019,704.197674584621,944.881104757357,524.821972196949
1,Deaths,123,Perú,1,Male,235,95+ years,9100,Arteriopatía crónica sintética,3,Rate,2019,1229.0265041539,1649.08798045379,915.964560906629
1,Deaths,123,Perú,2,Female,235,95+ years,9100,Arteriopatía crónica sintética,3,Rate,2019,1007.52460709986,1351.88030035498,750.884404222161
1,Deaths,123,Perú,1,Male,13,40-44 years,9100,Arteriopatía crónica sintética,3,Rate,2023,17.0920592819159,22.9338500249963,12.7383099731669
1,Deaths,123,Perú,2,Female,13,40-44 years,9100,Arteriopatía crónica sintética,3,Rate,2023,13.8570414750328,18.5931552036447,10.3273272522966
1,Deaths,123,Perú,1,Male,14,45-49 years,9100,Arteriopatía crónica sintética,3,Rate,2023,30.6485559596145,41.1237390572472,22.8416482533848
1,Deaths,123,Perú,2,Female,14,45-49 years,9100,Arteriopatía crónica sintética,3,Rate,2023,27.0145088831893,36.2476331849319,20.1332783985269
1,Deaths,123,Perú,1,Male,15,50-54 years,9100,Arteriopatía crónica sintética,3,Rate,2023,49.1379241630915,65.9324757016445,36.6213397170752
1,Deaths,123,Perú,2,Female,15,50-54 years,9100,Arteriopatía crónica sintética,3,Rate,2023,39.5890619890846,53.1199661382277,29.5047972187559
1,Deaths,123,Perú,1,Male,16,55-59 years,9100,Arteriopatía crónica sintética,3,Rate,2023,75.4604343686374,101.251596199556,56.2388877690446
1,Deaths,123,Perú,2,Female,16,55-59 years,9100,Arteriopatía crónica sintética,3,Rate,2023,63.732261256464,85.5149222982215,47.4981560609645
1,Deaths,123,Perú,1,Male,17,60-64 years,9100,Arteriopatía crónica sintética,3,Rate,2023,120.315679245624,161.437641770537,89.6684472937951
1,Deaths,123,Perú,2,Female,17,60-64 years,9100,Arteriopatía crónica sintética,3,Rate,2023,94.1817307297708,126.371530312703,70.1914298363402
1,Deaths,123,Perú,1,Male,18,65-69 years,9100,Arteriopatía crónica sintética,3,Rate,2023,169.148950558276,226.961339181256,126.062736403386
1,Deaths,123,Perú,2,Female,18,65-69 years,9100,Arteriopatía crónica sintética,3,Rate,2023,141.585230089087,189.976782730522,105.520143520986
1,Deaths,123,Perú,1,Male,19,70-74 years,9100,Arteriopatía crónica sintética,3,Rate,2023,242.323609732073,325.145919016972,180.598089654992
1,Deaths,123,Perú,2,Female,19,70-74 years,9100,Arteriopatía crónica sintética,3,Rate,2023,208.901442087767,280.300592446183,155.689333816614
1,Deaths,123,Perú,1,Male,20,75-79 years,9100,Arteriopatía crónica sintética,3,Rate,2023,347.702379140323,466.541455597196,259.134409192184
1,Deaths,123,Perú,2,Female,20,75-79 years,9100,Arteriopatía crónica sintética,3,Rate,2023,284.565616629651,381.825563930731,212.080064347142
1,Deaths,123,Perú,1,Male,30,80-84 years,9100,Arteriopatía crónica sintética,3,Rate,2023,491.223170553283,659.11534335665,366.097081065599
1,Deaths,123,Perú,2,Female,30,80-84 years,9100,Arteriopatía crónica sintética,3,Rate,2023,371.748245839271,498.805812483566,277.055228359289
1,Deaths,123,Perú,1,Male,31,85-89 years,9100,Arteriopatía crónica sintética,3,Rate,2023,687.475458677109,922.443504619013,512.359297796241
1,Deaths,123,Perú,2,Female,31,85-89 years,9100,Arteriopatía crónica sintética,3,Rate,2023,574.913794771278,771.410075820198,428.469735849485
1,Deaths,123,Perú,1,Male,32,90-94 years,9100,Arteriopatía crónica sintética,3,Rate,2023,887.331683731803,1190.60737044504,661.307443998104
1,Deaths,123,Perú,2,Female,32,90-94 years,9100,Arteriopatía crónica sintética,3,Rate,2023,771.811513373438,1035.60426530932,575.21297674249
1,Deaths,123,Perú,1,Male,235,95+ years,9100,Arteriopatía crónica sintética,3,Rate,2023,1171.24477583403,1571.55738746814,872.90119715487
1,Deaths,123,Perú,2,Female,235,95+ years,9100,Arteriopatía crónica sintética,3,Rate,2023,975.969256145799,1309.53983837026,727.366942976857
1,Deaths,123,Perú,1,Male,13,40-44 years,9101,ACS de miembros inferiores,3,Rate,2019,8.33347843262336,11.1817272224499,6.21074556778386
1,Deaths,123,Perú,2,Female,13,40-44 years,9101,ACS de miembros inferiores,3,Rate,2019,7.26769447724595,9.75167546633796,5.41644184088363
1,Deaths,123,Perú,1,Male,14,45-49 years,9101,ACS de miembros inferiores,3,Rate,2019,16.8160960289152,22.5635669741164,12.5326410482033
1,Deaths,123,Perú,2,Female,14,45-49 years,9101,ACS de miembros inferiores,3,Rate,2019,13.1745856326485,17.6774469393699,9.81870895651946
1,Deaths,123,Perú,1,Male,15,50-54 years,9101,ACS de miembros inferiores,3,Rate,2019,23.7187379486706,31.8254207948211,17.677017799848
1,Deaths,123,Perú,2,Female,15,50-54 years,9101,ACS de miembros inferiores,3,Rate,2019,21.5751697179987,28.9492154464938,16.0794667897236
1,Deaths,123,Perú,1,Male,16,55-59 years,9101,ACS de miembros inferiores,3,Rate,2019,42.7241803758061,57.3266175256209,31.8413272502709
1,Deaths,123,Perú,2,Female,16,55-59 years,9101,ACS de miembros inferiores,3,Rate,2019,32.5939218903707,43.7339997498779,24.2914837488321
1,Deaths,123,Perú,1,Male,17,60-64 years,9101,ACS de miembros inferiores,3,Rate,2019,60.9542538339277,81.787436654395,45.4277724358933
1,Deaths,123,Perú,2,Female,17,60-64 years,9101,ACS de miembros inferiores,3,Rate,2019,50.406727810015,67.6349360120004,37.5669492473848
1,Deaths,123,Perú,1,Male,18,65-69 years,9101,ACS de miembros inferiores,3,Rate,2019,94.5961073179859,126.927534148827,70.5002549661413
1,Deaths,123,Perú,2,Female,18,65-69 years,9101,ACS de miembros inferiores,3,Rate,2019,74.8048363142313,100.371925282878,55.7502859512598
1,Deaths,123,Perú,1,Male,19,70-74 years,9101,ACS de miembros inferiores,3,Rate,2019,121.269937953568,162.71805074479,90.3796338755806
1,Deaths,123,Perú,2,Female,19,70-74 years,9101,ACS de miembros inferiores,3,Rate,2019,111.848803921563,150.076924746356,83.3582841587907
1,Deaths,123,Perú,1,Male,20,75-79 years,9101,ACS de miembros inferiores,3,Rate,2019,182.981659039443,245.521844765402,136.371928847388
1,Deaths,123,Perú,2,Female,20,75-79 years,9101,ACS de miembros inferiores,3,Rate,2019,148.045621479481,198.64523190954,110.334921349769
1,Deaths,123,Perú,1,Male,30,80-84 years,9101,ACS de miembros inferiores,3,Rate,2019,244.949139981835,328.668813244694,182.554835627713
1,Deaths,123,Perú,2,Female,30,80-84 years,9101,ACS de miembros inferiores,3,Rate,2019,202.291148616214,271.431007067538,150.762837490724
1,Deaths,123,Perú,1,Male,31,85-89 years,9101,ACS de miembros inferiores,3,Rate,2019,354.296001980321,475.388672590756,264.048481288278
1,Deaths,123,Perú,2,Female,31,85-89 years,9101,ACS de miembros inferiores,3,Rate,2019,277.30088714943,372.077866849676,206.665832248838
1,Deaths,123,Perú,1,Male,32,90-94 years,9101,ACS de miembros inferiores,3,Rate,2019,519.847225184819,697.52263911893,387.429916072271
1,Deaths,123,Perú,2,Female,32,90-94 years,9101,ACS de miembros inferiores,3,Rate,2019,398.8891820807,535.223083862767,297.282730095787
1,Deaths,123,Perú,1,Male,235,95+ years,9101,ACS de miembros inferiores,3,Rate,2019,675.371464573561,906.202560160792,503.338475538299
1,Deaths,123,Perú,2,Female,235,95+ years,9101,ACS de miembros inferiores,3,Rate,2019,571.880272904633,767.339745008111,426.208923315995
1,Deaths,123,Perú,1,Male,13,40-44 years,9101,ACS de miembros inferiores,3,Rate,2023,9.21621057194097,12.3661629982358,6.86862507945872
1,Deaths,123,Perú,2,Female,13,40-44 years,9101,ACS de miembros inferiores,3,Rate,2023,7.08223274467415,9.50282589882693,5.27822157153552
1,Deaths,123,Perú,1,Male,14,45-49 years,9101,ACS de miembros inferiores,3,Rate,2023,15.3507185560861,20.5973470682782,11.4405296666132
1,Deaths,123,Perú,2,Female,14,45-49 years,9101,ACS de miembros inferiores,3,Rate,2023,14.3173354664111,19.2107702722306,10.6703735432234
1,Deaths,123,Perú,1,Male,15,50-54 years,9101,ACS de miembros inferiores,3,Rate,2023,25.6425815305135,34.406803146111,19.1108131946096
1,Deaths,123,Perú,2,Female,15,50-54 years,9101,ACS de miembros inferiores,3,Rate,2023,20.6475620096146,27.7045663544665,15.3881425713833
1,Deaths,123,Perú,1,Male,16,55-59 years,9101,ACS de miembros inferiores,3,Rate,2023,38.5559407686539,51.733740714117,28.7348362603576
1,Deaths,123,Perú,2,Female,16,55-59 years,9101,ACS de miembros inferiores,3,Rate,2023,33.6898807827821,45.2045397507963,25.1082761469345
1,Deaths,123,Perú,1,Male,17,60-64 years,9101,ACS de miembros inferiores,3,Rate,2023,61.89699146494,83.0523868330684,46.1303726298857
1,Deaths,123,Perú,2,Female,17,60-64 years,9101,ACS de miembros inferiores,3,Rate,2023,49.7290755364396,66.7256730990336,37.061910938516
1,Deaths,123,Perú,1,Male,18,65-69 years,9101,ACS de miembros inferiores,3,Rate,2023,89.874193637871,120.591746378344,66.9811237057273
1,Deaths,123,Perú,2,Female,18,65-69 years,9101,ACS de miembros inferiores,3,Rate,2023,73.2051545332053,98.225498018108,54.558080726071
1,Deaths,123,Perú,1,Male,19,70-74 years,9101,ACS de miembros inferiores,3,Rate,2023,123.182458745949,165.284240359435,91.8049906615383
1,Deaths,123,Perú,2,Female,19,70-74 years,9101,ACS de miembros inferiores,3,Rate,2023,113.389858418762,152.144686865372,84.5067958475863
1,Deaths,123,Perú,1,Male,20,75-79 years,9101,ACS de miembros inferiores,3,Rate,2023,188.979780641853,253.570027783754,140.842187870483
1,Deaths,123,Perú,2,Female,20,75-79 years,9101,ACS de miembros inferiores,3,Rate,2023,156.875276776922,210.492721262575,116.915455870499
1,Deaths,123,Perú,1,Male,30,80-84 years,9101,ACS de miembros inferiores,3,Rate,2023,260.306902071855,349.27561121343,194.000614674584
1,Deaths,123,Perú,2,Female,30,80-84 years,9101,ACS de miembros inferiores,3,Rate,2023,197.558414800789,265.080701013662,147.23564223783
1,Deaths,123,Perú,1,Male,31,85-89 years,9101,ACS de miembros inferiores,3,Rate,2023,378.52736227161,507.901921793563,282.107544469068
1,Deaths,123,Perú,2,Female,31,85-89 years,9101,ACS de miembros inferiores,3,Rate,2023,325.009324002847,436.092279488704,242.221808679197
1,Deaths,123,Perú,1,Male,32,90-94 years,9101,ACS de miembros inferiores,3,Rate,2023,503.220601521088,675.213303114607,375.038484323617
1,Deaths,123,Perú,2,Female,32,90-94 years,9101,ACS de miembros inferiores,3,Rate,2023,445.560754866774,597.846248985942,332.065956111932
1,Deaths,123,Perú,1,Male,235,95+ years,9101,ACS de miembros inferiores,3,Rate,2023,645.733948104924,866.43541761851,481.25033124946
1,Deaths,123,Perú,2,Female,235,95+ years,9101,ACS de miembros inferiores,3,Rate,2023,551.570542330392,740.088475435783,411.072558571467
1,Deaths,123,Perú,1,Male,13,40-44 years,9102,ACS carotídea,3,Rate,2019,4.0830714995484,5.47859961561541,3.04301720149552
1,Deaths,123,Perú,2,Female,13,40-44 years,9102,ACS carotídea,3,Rate,2019,3.14731292445799,4.22301382184075,2.34561833381416
1,Deaths,123,Perú,1,Male,14,45-49 years,9102,ACS carotídea,3,Rate,2019,7.76860779495516,10.4237928931726,5.78976076082317
1,Deaths,123,Perú,2,Female,14,45-49 years,9102,ACS carotídea,3,Rate,2019,6.16885266997275,8.27726721666246,4.59750087410786
1,Deaths,123,Perú,1,Male,15,50-54 years,9102,ACS carotídea,3,Rate,2019,13.9823384005375,18.7612766014658,10.4207081053253
1,Deaths,123,Perú,2,Female,15,50-54 years,9102,ACS carotídea,3,Rate,2019,9.74469560731152,13.0752757120248,7.26249255239996
1,Deaths,123,Perú,1,Male,16,55-59 years,9102,ACS carotídea,3,Rate,2019,24.0533531055292,32.2744020262171,17.9263986099354
1,Deaths,123,Perú,2,Female,16,55-59 years,9102,ACS carotídea,3,Rate,2019,16.6145451725811,22.2931292793171,12.3824299331472
1,Deaths,123,Perú,1,Male,17,60-64 years,9102,ACS carotídea,3,Rate,2019,33.8155449664645,45.3731539297287,25.2019307088494
1,Deaths,123,Perú,2,Female,17,60-64 years,9102,ACS carotídea,3,Rate,2019,26.487274882159,35.5401990888835,19.7403432920694
1,Deaths,123,Perú,1,Male,18,65-69 years,9102,ACS carotídea,3,Rate,2019,46.9110662659871,62.9445136195561,34.9617148765785
1,Deaths,123,Perú,2,Female,18,65-69 years,9102,ACS carotídea,3,Rate,2019,37.5271812381395,50.3533677353287,27.968125966917
1,Deaths,123,Perú,1,Male,19,70-74 years,9102,ACS carotídea,3,Rate,2019,72.8726166605965,97.7793040532819,54.3102480671011
1,Deaths,123,Perú,2,Female,19,70-74 years,9102,ACS carotídea,3,Rate,2019,57.4184728041562,77.0431825817566,42.7926379555135
1,Deaths,123,Perú,1,Male,20,75-79 years,9102,ACS carotídea,3,Rate,2019,112.577543333993,151.054735559923,83.9013965112634
1,Deaths,123,Perú,2,Female,20,75-79 years,9102,ACS carotídea,3,Rate,2019,78.5040027601205,105.335407276957,58.5071877413168
1,Deaths,123,Perú,1,Male,30,80-84 years,9102,ACS carotídea,3,Rate,2019,148.648468710493,199.454122620484,110.784209218974
1,Deaths,123,Perú,2,Female,30,80-84 years,9102,ACS carotídea,3,Rate,2019,117.00976391365,157.001817791208,87.2046263141728
1,Deaths,123,Perú,1,Male,31,85-89 years,9102,ACS carotídea,3,Rate,2019,208.409328251622,279.640282022072,155.322572943421
1,Deaths,123,Perú,2,Female,31,85-89 years,9102,ACS carotídea,3,Rate,2019,166.770811200439,223.770390070232,124.290365046614
1,Deaths,123,Perú,1,Male,32,90-94 years,9102,ACS carotídea,3,Rate,2019,281.758538482821,378.05907165698,209.988014994666
1,Deaths,123,Perú,2,Female,32,90-94 years,9102,ACS carotídea,3,Rate,2019,208.346399066892,279.55584465493,155.275673301416
1,Deaths,123,Perú,1,Male,235,95+ years,9102,ACS carotídea,3,Rate,2019,424.959895917326,570.204348045859,316.71262023337
1,Deaths,123,Perú,2,Female,235,95+ years,9102,ACS carotídea,3,Rate,2019,314.049020836305,421.385921120527,234.053352390081
1,Deaths,123,Perú,1,Male,13,40-44 years,9102,ACS carotídea,3,Rate,2023,4.44960345836985,5.97040629814155,3.3161848537678
1,Deaths,123,Perú,2,Female,13,40-44 years,9102,ACS carotídea,3,Rate,2023,3.03515958927858,4.07252828195445,2.26203308966799
1,Deaths,123,Perú,1,Male,14,45-49 years,9102,ACS carotídea,3,Rate,2023,8.37010161013579,11.2308676125372,6.23803996102582
1,Deaths,123,Perú,2,Female,14,45-49 years,9102,ACS carotídea,3,Rate,2023,6.76170317946905,9.07274448758535,5.03933842177562
1,Deaths,123,Perú,1,Male,15,50-54 years,9102,ACS carotídea,3,Rate,2023,13.1431175349627,17.6352235524161,9.7952565230838
1,Deaths,123,Perú,2,Female,15,50-54 years,9102,ACS carotídea,3,Rate,2023,10.2485641389423,13.7513583973313,7.6380139238024
1,Deaths,123,Perú,1,Male,16,55-59 years,9102,ACS carotídea,3,Rate,2023,20.8699751775551,28.0029967631726,15.5539018768368
1,Deaths,123,Perú,2,Female,16,55-59 years,9102,ACS carotídea,3,Rate,2023,16.8149933458147,22.5620874116814,12.531819244411
1,Deaths,123,Perú,1,Male,17,60-64 years,9102,ACS carotídea,3,Rate,2023,35.5704931953992,47.7279152150822,26.5098523675745
1,Deaths,123,Perú,2,Female,17,60-64 years,9102,ACS carotídea,3,Rate,2023,25.0850185448172,33.6586741066232,18.6952746088712
1,Deaths,123,Perú,1,Male,18,65-69 years,9102,ACS carotídea,3,Rate,2023,50.1993091916772,67.3566250485939,37.41236502725
1,Deaths,123,Perú,2,Female,18,65-69 years,9102,ACS carotídea,3,Rate,2023,38.5613209206026,51.740959715401,28.7388459611254
1,Deaths,123,Perú,1,Male,19,70-74 years,9102,ACS carotídea,3,Rate,2023,79.1491263533764,106.201023730264,58.9879831894459
1,Deaths,123,Perú,2,Female,19,70-74 years,9102,ACS carotídea,3,Rate,2023,57.5836824602841,77.2648582390793,42.915764828385
1,Deaths,123,Perú,1,Male,20,75-79 years,9102,ACS carotídea,3,Rate,2023,110.103111436917,147.734582669707,82.0572605886952
1,Deaths,123,Perú,2,Female,20,75-79 years,9102,ACS carotídea,3,Rate,2023,84.1706498228872,112.938823093539,62.730406582503
1,Deaths,123,Perú,1,Male,30,80-84 years,9102,ACS carotídea,3,Rate,2023,165.111677135051,221.54419068727,123.053851431528
1,Deaths,123,Perú,2,Female,30,80-84 years,9102,ACS carotídea,3,Rate,2023,116.616734596305,156.474457379525,86.911710803507
1,Deaths,123,Perú,1,Male,31,85-89 years,9102,ACS carotídea,3,Rate,2023,225.562652444449,302.656336318389,168.106542214441
1,Deaths,123,Perú,2,Female,31,85-89 years,9102,ACS carotídea,3,Rate,2023,173.958236717018,233.414361937183,129.64698431812
1,Deaths,123,Perú,1,Male,32,90-94 years,9102,ACS carotídea,3,Rate,2023,267.846917089426,359.392681997414,199.620010612309
1,Deaths,123,Perú,2,Female,32,90-94 years,9102,ACS carotídea,3,Rate,2023,230.334722624657,309.059423273361,171.663053935267
1,Deaths,123,Perú,1,Male,235,95+ years,9102,ACS carotídea,3,Rate,2023,383.257207295264,514.248351713141,285.632586773367
1,Deaths,123,Perú,2,Female,235,95+ years,9102,ACS carotídea,3,Rate,2023,298.886384644842,401.040939941664,222.752996088277
1,Deaths,123,Perú,1,Male,13,40-44 years,9103,ACS renovascular,3,Rate,2019,3.68024270810422,4.93809042732199,2.74279837315566
1,Deaths,123,Perú,2,Female,13,40-44 years,9103,ACS renovascular,3,Rate,2019,3.17765554709539,4.26372706449066,2.36823197715456
1,Deaths,123,Perú,1,Male,14,45-49 years,9103,ACS renovascular,3,Rate,2019,6.03515159611241,8.09786926785366,4.49785660687902
1,Deaths,123,Perú,2,Female,14,45-49 years,9103,ACS renovascular,3,Rate,2019,5.95343072693894,7.98821752100302,4.43695196422372
1,Deaths,123,Perú,1,Male,15,50-54 years,9103,ACS renovascular,3,Rate,2019,9.71318343293993,13.0329931836835,7.23900726964655
1,Deaths,123,Perú,2,Female,15,50-54 years,9103,ACS renovascular,3,Rate,2019,9.65165820362353,12.9504396213173,7.19315396260638
1,Deaths,123,Perú,1,Male,16,55-59 years,9103,ACS renovascular,3,Rate,2019,14.5310107380278,19.4974763122976,10.8296206999621
1,Deaths,123,Perú,2,Female,16,55-59 years,9103,ACS renovascular,3,Rate,2019,14.4453200974402,19.3824979900623,10.7657574799955
1,Deaths,123,Perú,1,Male,17,60-64 years,9103,ACS renovascular,3,Rate,2019,20.1864668798156,27.085876331243,15.0444992108251
1,Deaths,123,Perú,2,Female,17,60-64 years,9103,ACS renovascular,3,Rate,2019,18.413224415587,24.7065681354423,13.7229432886066
1,Deaths,123,Perú,1,Male,18,65-69 years,9103,ACS renovascular,3,Rate,2019,28.5609389413029,38.3226081450554,21.2857963665002
1,Deaths,123,Perú,2,Female,18,65-69 years,9103,ACS renovascular,3,Rate,2019,26.2072307877816,35.1644404307308,19.5316330119624
1,Deaths,123,Perú,1,Male,19,70-74 years,9103,ACS renovascular,3,Rate,2019,41.3199030204893,55.4423807739729,30.7947523498872
1,Deaths,123,Perú,2,Female,19,70-74 years,9103,ACS renovascular,3,Rate,2019,37.4847064696835,50.2963757747026,27.9364705205073
1,Deaths,123,Perú,1,Male,20,75-79 years,9103,ACS renovascular,3,Rate,2019,50.3401516417386,67.5456051810393,37.517331594278
1,Deaths,123,Perú,2,Female,20,75-79 years,9103,ACS renovascular,3,Rate,2019,48.6303600017733,65.2514342799095,36.2430640797456
1,Deaths,123,Perú,1,Male,30,80-84 years,9103,ACS renovascular,3,Rate,2019,60.6221928271408,81.3418825404528,45.18029517381
1,Deaths,123,Perú,2,Female,30,80-84 years,9103,ACS renovascular,3,Rate,2019,60.8024885566195,81.5838004481672,45.3146653424981
1,Deaths,123,Perú,1,Male,31,85-89 years,9103,ACS renovascular,3,Rate,2019,80.5313079182005,108.05561270589,60.0180906166156
1,Deaths,123,Perú,2,Female,31,85-89 years,9103,ACS renovascular,3,Rate,2019,72.8081013202036,97.6927384080032,54.2621663005688
1,Deaths,123,Perú,1,Male,32,90-94 years,9103,ACS renovascular,3,Rate,2019,95.8738152898146,128.641942139014,71.4525006804749
1,Deaths,123,Perú,2,Female,32,90-94 years,9103,ACS renovascular,3,Rate,2019,96.9620934370295,130.102176239659,72.2635687997457
1,Deaths,123,Perú,1,Male,235,95+ years,9103,ACS renovascular,3,Rate,2019,128.695143663013,172.68107224714,95.9134651349606
1,Deaths,123,Perú,2,Female,235,95+ years,9103,ACS renovascular,3,Rate,2019,121.595313358922,163.154634226343,90.6221285160848
1,Deaths,123,Perú,1,Male,13,40-44 years,9103,ACS renovascular,3,Rate,2023,3.42624525160503,4.59728072861902,2.55350003994042
1,Deaths,123,Perú,2,Female,13,40-44 years,9103,ACS renovascular,3,Rate,2023,3.7396491410801,5.01780102286329,2.78707259109308
1,Deaths,123,Perú,1,Male,14,45-49 years,9103,ACS renovascular,3,Rate,2023,6.92773579339263,9.29552437643177,5.16307862574575
1,Deaths,123,Perú,2,Female,14,45-49 years,9103,ACS renovascular,3,Rate,2023,5.93547023730921,7.96411842511588,4.42356643352787
1,Deaths,123,Perú,1,Male,15,50-54 years,9103,ACS renovascular,3,Rate,2023,10.3522250976152,13.8904490031173,7.71526999938181
1,Deaths,123,Perú,2,Female,15,50-54 years,9103,ACS renovascular,3,Rate,2023,8.69293584052781,11.6640413864299,6.47864072357018
1,Deaths,123,Perú,1,Male,16,55-59 years,9103,ACS renovascular,3,Rate,2023,16.0345184224284,21.5148587222659,11.9501496318502
1,Deaths,123,Perú,2,Female,16,55-59 years,9103,ACS renovascular,3,Rate,2023,13.2273871278672,17.7482951357439,9.85806066961897
1,Deaths,123,Perú,1,Male,17,60-64 years,9103,ACS renovascular,3,Rate,2023,22.8481945852852,30.6573397223866,17.0282222963349
1,Deaths,123,Perú,2,Female,17,60-64 years,9103,ACS renovascular,3,Rate,2023,19.3676366485141,25.9871831070467,14.434244288953
1,Deaths,123,Perú,1,Male,18,65-69 years,9103,ACS renovascular,3,Rate,2023,29.0754477287281,39.0129677543178,21.6692476704092
1,Deaths,123,Perú,2,Female,18,65-69 years,9103,ACS renovascular,3,Rate,2023,29.8187546352794,40.0103249970128,22.2232168337894
1,Deaths,123,Perú,1,Male,19,70-74 years,9103,ACS renovascular,3,Rate,2023,39.9920246327478,53.660654927274,29.8051158040079
1,Deaths,123,Perú,2,Female,19,70-74 years,9103,ACS renovascular,3,Rate,2023,37.9279012087203,50.891047341732,28.2667731406428
1,Deaths,123,Perú,1,Male,20,75-79 years,9103,ACS renovascular,3,Rate,2023,48.6194870615522,65.2368451437353,36.234960733006
1,Deaths,123,Perú,2,Female,20,75-79 years,9103,ACS renovascular,3,Rate,2023,43.5196900298418,58.3940195746177,32.43420189414
1,Deaths,123,Perú,1,Male,30,80-84 years,9103,ACS renovascular,3,Rate,2023,65.8045913463763,88.2955414559506,49.0426149594867
1,Deaths,123,Perú,2,Female,30,80-84 years,9103,ACS renovascular,3,Rate,2023,57.5730964421771,77.2506540903794,42.9078753179518
1,Deaths,123,Perú,1,Male,31,85-89 years,9103,ACS renovascular,3,Rate,2023,83.3854439610499,111.885246507061,62.1452111127323
1,Deaths,123,Perú,2,Female,31,85-89 years,9103,ACS renovascular,3,Rate,2023,75.9462340514134,101.903434394311,56.6009428521682
1,Deaths,123,Perú,1,Male,32,90-94 years,9103,ACS renovascular,3,Rate,2023,116.264165121289,156.001385333025,86.6489490621776
1,Deaths,123,Perú,2,Female,32,90-94 years,9103,ACS renovascular,3,Rate,2023,95.9160358820071,128.698593050021,71.4839666952908
1,Deaths,123,Perú,1,Male,235,95+ years,9103,ACS renovascular,3,Rate,2023,142.253620433847,190.873618136487,106.018279132043
1,Deaths,123,Perú,2,Female,235,95+ years,9103,ACS renovascular,3,Rate,2023,125.512329170565,168.410422992815,93.541388317114
3,YLDs (Years Lived with Disability),123,Perú,1,Male,13,40-44 years,9100,Arteriopatía crónica sintética,3,Rate,2019,18.5871673249972,24.9399619314459,13.8525788498432
3,YLDs (Years Lived with Disability),123,Perú,2,Female,13,40-44 years,9100,Arteriopatía crónica sintética,3,Rate,2019,15.9985835162211,21.4666418435372,11.9233681910317
3,YLDs (Years Lived with Disability),123,Perú,1,Male,14,45-49 years,9100,Arteriopatía crónica sintética,3,Rate,2019,26.3188498169332,35.3142090473894,19.6148200503868
3,YLDs (Years Lived with Disability),123,Perú,2,Female,14,45-49 years,9100,Arteriopatía crónica sintética,3,Rate,2019,23.0576255107597,30.9383507671182,17.1843062416722
3,YLDs (Years Lived with Disability),123,Perú,1,Male,15,50-54 years,9100,Arteriopatía crónica sintética,3,Rate,2019,37.861792311187,50.8023434871326,28.2175037334359
3,YLDs (Years Lived with Disability),123,Perú,2,Female,15,50-54 years,9100,Arteriopatía crónica sintética,3,Rate,2019,31.8500476132806,42.7358812185266,23.7370917375275
3,YLDs (Years Lived with Disability),123,Perú,1,Male,16,55-59 years,9100,Arteriopatía crónica sintética,3,Rate,2019,46.5668760817821,62.4826847705898,34.705198023705
3,YLDs (Years Lived with Disability),123,Perú,2,Female,16,55-59 years,9100,Arteriopatía crónica sintética,3,Rate,2019,40.2798771404029,54.0468907886759,30.0196455109662
3,YLDs (Years Lived with Disability),123,Perú,1,Male,17,60-64 years,9100,Arteriopatía crónica sintética,3,Rate,2019,59.4885879038962,79.8208297013256,44.3354460739314
3,YLDs (Years Lived with Disability),123,Perú,2,Female,17,60-64 years,9100,Arteriopatía crónica sintética,3,Rate,2019,51.2692840076905,68.7923000340496,38.2097921040611
3,YLDs (Years Lived with Disability),123,Perú,1,Male,18,65-69 years,9100,Arteriopatía crónica sintética,3,Rate,2019,73.4109783381402,98.5016690865613,54.7114763692684
3,YLDs (Years Lived with Disability),123,Perú,2,Female,18,65-69 years,9100,Arteriopatía crónica sintética,3,Rate,2019,65.8219118795612,88.3187818685811,49.0555235456887
3,YLDs (Years Lived with Disability),123,Perú,1,Male,19,70-74 years,9100,Arteriopatía crónica sintética,3,Rate,2019,88.377817296464,118.583932689616,65.8659095961246
3,YLDs (Years Lived with Disability),123,Perú,2,Female,19,70-74 years,9100,Arteriopatía crónica sintética,3,Rate,2019,74.1324391935281,99.4697136494465,55.2491641842856
3,YLDs (Years Lived with Disability),123,Perú,1,Male,20,75-79 years,9100,Arteriopatía crónica sintética,3,Rate,2019,107.001811709401,143.573308614878,79.7459348088579
3,YLDs (Years Lived with Disability),123,Perú,2,Female,20,75-79 years,9100,Arteriopatía crónica sintética,3,Rate,2019,90.8852140030368,121.948317230603,67.7346134162557
3,YLDs (Years Lived with Disability),123,Perú,1,Male,30,80-84 years,9100,Arteriopatía crónica sintética,3,Rate,2019,133.647937547483,179.326651359502,99.6046659840201
3,YLDs (Years Lived with Disability),123,Perú,2,Female,30,80-84 years,9100,Arteriopatía crónica sintética,3,Rate,2019,105.849412744988,142.027038233827,78.8870789519173
3,YLDs (Years Lived with Disability),123,Perú,1,Male,31,85-89 years,9100,Arteriopatía crónica sintética,3,Rate,2019,152.079434014997,204.057736640107,113.341227003378
3,YLDs (Years Lived with Disability),123,Perú,2,Female,31,85-89 years,9100,Arteriopatía crónica sintética,3,Rate,2019,113.04581605806,151.683056363601,84.250389164094
3,YLDs (Years Lived with Disability),123,Perú,1,Male,32,90-94 years,9100,Arteriopatía crónica sintética,3,Rate,2019,165.577052973418,222.168624496346,123.400685103549
3,YLDs (Years Lived with Disability),123,Perú,2,Female,32,90-94 years,9100,Arteriopatía crónica sintética,3,Rate,2019,138.452358786132,185.773146443956,103.185288188176
3,YLDs (Years Lived with Disability),123,Perú,1,Male,235,95+ years,9100,Arteriopatía crónica sintética,3,Rate,2019,193.068581575485,259.056315061799,143.88947508451
3,YLDs (Years Lived with Disability),123,Perú,2,Female,235,95+ years,9100,Arteriopatía crónica sintética,3,Rate,2019,155.864010755161,209.135820792251,116.161783077885
3,YLDs (Years Lived with Disability),123,Perú,1,Male,13,40-44 years,9100,Arteriopatía crónica sintética,3,Rate,2023,19.3539309378276,25.9687930050593,14.4240297449799
3,YLDs (Years Lived with Disability),123,Perú,2,Female,13,40-44 years,9100,Arteriopatía crónica sintética,3,Rate,2023,15.6490531886134,20.9976476761098,11.6628714548192
3,YLDs (Years Lived with Disability),123,Perú,1,Male,14,45-49 years,9100,Arteriopatía crónica sintética,3,Rate,2023,28.441520775773,38.1623747727419,21.1967968150795
3,YLDs (Years Lived with Disability),123,Perú,2,Female,14,45-49 years,9100,Arteriopatía crónica sintética,3,Rate,2023,22.3823131834791,30.0322275564253,16.6810118397682
3,YLDs (Years Lived with Disability),123,Perú,1,Male,15,50-54 years,9100,Arteriopatía crónica sintética,3,Rate,2023,39.1407296085256,52.5184009665009,29.1706656351724
3,YLDs (Years Lived with Disability),123,Perú,2,Female,15,50-54 years,9100,Arteriopatía crónica sintética,3,Rate,2023,31.8935554306335,42.7942593075343,23.7695170909946
3,YLDs (Years Lived with Disability),123,Perú,1,Male,16,55-59 years,9100,Arteriopatía crónica sintética,3,Rate,2023,48.2711936575343,64.7695106604707,35.9753858468667
3,YLDs (Years Lived with Disability),123,Perú,2,Female,16,55-59 years,9100,Arteriopatía crónica sintética,3,Rate,2023,40.899495210207,54.8782843411601,30.4814322920646
3,YLDs (Years Lived with Disability),123,Perú,1,Male,17,60-64 years,9100,Arteriopatía crónica sintética,3,Rate,2023,59.9005437793601,80.3735854640442,44.6424671034266
3,YLDs (Years Lived with Disability),123,Perú,2,Female,17,60-64 years,9100,Arteriopatía crónica sintética,3,Rate,2023,50.1814560416783,67.3326699792957,37.3990594942577
3,YLDs (Years Lived with Disability),123,Perú,1,Male,18,65-69 years,9100,Arteriopatía crónica sintética,3,Rate,2023,80.6959130640045,108.276477240991,60.1407669621539
3,YLDs (Years Lived with Disability),123,Perú,2,Female,18,65-69 years,9100,Arteriopatía crónica sintética,3,Rate,2023,67.1358097200642,90.0817488420308,50.0347407183737
3,YLDs (Years Lived with Disability),123,Perú,1,Male,19,70-74 years,9100,Arteriopatía crónica sintética,3,Rate,2023,95.3060607842535,127.880138282217,71.0293665945692
3,YLDs (Years Lived with Disability),123,Perú,2,Female,19,70-74 years,9100,Arteriopatía crónica sintética,3,Rate,2023,80.2579642992552,107.688844637819,59.8143740433297
3,YLDs (Years Lived with Disability),123,Perú,1,Male,20,75-79 years,9100,Arteriopatía crónica sintética,3,Rate,2023,111.643653068003,149.801656633226,83.2053900504331
3,YLDs (Years Lived with Disability),123,Perú,2,Female,20,75-79 years,9100,Arteriopatía crónica sintética,3,Rate,2023,95.0183333340814,127.494070220933,70.8149300900131
3,YLDs (Years Lived with Disability),123,Perú,1,Male,30,80-84 years,9100,Arteriopatía crónica sintética,3,Rate,2023,118.554848764405,159.074987773751,88.3561417307253
3,YLDs (Years Lived with Disability),123,Perú,2,Female,30,80-84 years,9100,Arteriopatía crónica sintética,3,Rate,2023,105.7587367651,141.905370663563,78.8195002757677
3,YLDs (Years Lived with Disability),123,Perú,1,Male,31,85-89 years,9100,Arteriopatía crónica sintética,3,Rate,2023,152.525453717923,204.656198698211,113.673635002689
3,YLDs (Years Lived with Disability),123,Perú,2,Female,31,85-89 years,9100,Arteriopatía crónica sintética,3,Rate,2023,132.493553953047,177.77771803383,98.7443310289791
3,YLDs (Years Lived with Disability),123,Perú,1,Male,32,90-94 years,9100,Arteriopatía crónica sintética,3,Rate,2023,170.207261159357,228.381363310865,126.851470415017
3,YLDs (Years Lived with Disability),123,Perú,2,Female,32,90-94 years,9100,Arteriopatía crónica sintética,3,Rate,2023,143.841727354464,193.004514439873,107.201857885877
3,YLDs (Years Lived with Disability),123,Perú,1,Male,235,95+ years,9100,Arteriopatía crónica sintética,3,Rate,2023,190.736201182446,255.926764593191,142.151206808475
3,YLDs (Years Lived with Disability),123,Perú,2,Female,235,95+ years,9100,Arteriopatía crónica sintética,3,Rate,2023,155.801905991267,209.052489619717,116.115497857349
3,YLDs (Years Lived with Disability),123,Perú,1,Male,13,40-44 years,9101,ACS de miembros inferiores,3,Rate,2019,12.5711602786898,16.8677805123636,9.36899022587315
3,YLDs (Years Lived with Disability),123,Perú,2,Female,13,40-44 years,9101,ACS de miembros inferiores,3,Rate,2019,11.2245718396933,15.0609498200541,8.36540951863977
3,YLDs (Years Lived with Disability),123,Perú,1,Male,14,45-49 years,9101,ACS de miembros inferiores,3,Rate,2019,18.1620339219482,24.3695247743236,13.5357369188236
3,YLDs (Years Lived with Disability),123,Perú,2,Female,14,45-49 years,9101,ACS de miembros inferiores,3,Rate,2019,16.1154844019374,21.6234975703158,12.010491672985
3,YLDs (Years Lived with Disability),123,Perú,1,Male,15,50-54 years,9101,ACS de miembros inferiores,3,Rate,2019,25.8655359883709,34.7059598489149,19.2769759107132
3,YLDs (Years Lived with Disability),123,Perú,2,Female,15,50-54 years,9101,ACS de miembros inferiores,3,Rate,2019,21.9869780579506,29.501773248437,16.38637786447
3,YLDs (Years Lived with Disability),123,Perú,1,Male,16,55-59 years,9101,ACS de miembros inferiores,3,Rate,2019,31.2245144019581,41.8965508243649,23.2708965405118
3,YLDs (Years Lived with Disability),123,Perú,2,Female,16,55-59 years,9101,ACS de miembros inferiores,3,Rate,2019,27.693243579043,37.1583484746886,20.6391234112735
3,YLDs (Years Lived with Disability),123,Perú,1,Male,17,60-64 years,9101,ACS de miembros inferiores,3,Rate,2019,40.141567577047,53.8613092428416,29.9165666448552
3,YLDs (Years Lived with Disability),123,Perú,2,Female,17,60-64 years,9101,ACS de miembros inferiores,3,Rate,2019,35.4737296702265,47.5980794745434,26.4377367870341
3,YLDs (Years Lived with Disability),123,Perú,1,Male,18,65-69 years,9101,ACS de miembros inferiores,3,Rate,2019,50.1432123321387,67.2813551854189,37.3705573565922
3,YLDs (Years Lived with Disability),123,Perú,2,Female,18,65-69 years,9101,ACS de miembros inferiores,3,Rate,2019,46.4397582997033,62.3121201767265,34.6104601290772
3,YLDs (Years Lived with Disability),123,Perú,1,Male,19,70-74 years,9101,ACS de miembros inferiores,3,Rate,2019,61.903986809781,83.0617730741766,46.1355860959452
3,YLDs (Years Lived with Disability),123,Perú,2,Female,19,70-74 years,9101,ACS de miembros inferiores,3,Rate,2019,50.8697377902825,68.2561953507605,37.9120197009818
3,YLDs (Years Lived with Disability),123,Perú,1,Male,20,75-79 years,9101,ACS de miembros inferiores,3,Rate,2019,73.8770058357504,99.1269772815208,55.0587957076034
3,YLDs (Years Lived with Disability),123,Perú,2,Female,20,75-79 years,9101,ACS de miembros inferiores,3,Rate,2019,65.3052863609322,87.625582063461,48.6704946917748
3,YLDs (Years Lived with Disability),123,Perú,1,Male,30,80-84 years,9101,ACS de miembros inferiores,3,Rate,2019,95.3510928863611,127.940561631974,71.0629279616303
3,YLDs (Years Lived with Disability),123,Perú,2,Female,30,80-84 years,9101,ACS de miembros inferiores,3,Rate,2019,75.6503540728949,101.506427401717,56.3804304598896
3,YLDs (Years Lived with Disability),123,Perú,1,Male,31,85-89 years,9101,ACS de miembros inferiores,3,Rate,2019,109.297726026639,146.653929489946,81.4570257758631
3,YLDs (Years Lived with Disability),123,Perú,2,Female,31,85-89 years,9101,ACS de miembros inferiores,3,Rate,2019,81.9287885344899,109.930729702514,61.0596000671838
3,YLDs (Years Lived with Disability),123,Perú,1,Male,32,90-94 years,9101,ACS de miembros inferiores,3,Rate,2019,117.713843159165,157.946539989747,87.7293600239684
3,YLDs (Years Lived with Disability),123,Perú,2,Female,32,90-94 years,9101,ACS de miembros inferiores,3,Rate,2019,100.170267921922,134.406853123643,74.6545458237842
3,YLDs (Years Lived with Disability),123,Perú,1,Male,235,95+ years,9101,ACS de miembros inferiores,3,Rate,2019,140.48465006562,188.500042170336,104.699907102544
3,YLDs (Years Lived with Disability),123,Perú,2,Female,235,95+ years,9101,ACS de miembros inferiores,3,Rate,2019,115.3661080389,154.796386795301,85.979648230699
3,YLDs (Years Lived with Disability),123,Perú,1,Male,13,40-44 years,9101,ACS de miembros inferiores,3,Rate,2023,13.156028668156,17.652547503113,9.80487888713065
3,YLDs (Years Lived with Disability),123,Perú,2,Female,13,40-44 years,9101,ACS de miembros inferiores,3,Rate,2023,10.474478363387,14.0544864673006,7.80638248436371
3,YLDs (Years Lived with Disability),123,Perú,1,Male,14,45-49 years,9101,ACS de miembros inferiores,3,Rate,2023,19.3933701830059,26.0217119494122,14.4534228872515
3,YLDs (Years Lived with Disability),123,Perú,2,Female,14,45-49 years,9101,ACS de miembros inferiores,3,Rate,2023,14.8277378415797,19.8956199636253,11.0507644346134
3,YLDs (Years Lived with Disability),123,Perú,1,Male,15,50-54 years,9101,ACS de miembros inferiores,3,Rate,2023,27.0990535174027,36.3610738142608,20.1962875268838
3,YLDs (Years Lived with Disability),123,Perú,2,Female,15,50-54 years,9101,ACS de miembros inferiores,3,Rate,2023,21.9559070714868,29.4600826989288,16.3632213886925
3,YLDs (Years Lived with Disability),123,Perú,1,Male,16,55-59 years,9101,ACS de miembros inferiores,3,Rate,2023,32.1547513878239,43.1447278385953,23.9641802975486
3,YLDs (Years Lived with Disability),123,Perú,2,Female,16,55-59 years,9101,ACS de miembros inferiores,3,Rate,2023,28.6516306040345,38.4442967583055,21.353386730704
3,YLDs (Years Lived with Disability),123,Perú,1,Male,17,60-64 years,9101,ACS de miembros inferiores,3,Rate,2023,39.6916248919165,53.2575833903608,29.5812349391306
3,YLDs (Years Lived with Disability),123,Perú,2,Female,17,60-64 years,9101,ACS de miembros inferiores,3,Rate,2023,34.6146850172191,46.4454271866069,25.7975110020476
3,YLDs (Years Lived with Disability),123,Perú,1,Male,18,65-69 years,9101,ACS de miembros inferiores,3,Rate,2023,57.215059395402,76.7702457441001,42.6410387239245
3,YLDs (Years Lived with Disability),123,Perú,2,Female,18,65-69 years,9101,ACS de miembros inferiores,3,Rate,2023,47.6402393122194,63.9229062759785,35.5051504061295
3,YLDs (Years Lived with Disability),123,Perú,1,Male,19,70-74 years,9101,ACS de miembros inferiores,3,Rate,2023,67.7820561482978,90.9488718972368,50.5163729890154
3,YLDs (Years Lived with Disability),123,Perú,2,Female,19,70-74 years,9101,ACS de miembros inferiores,3,Rate,2023,57.3300793694865,76.9245776939269,42.7267604066562
3,YLDs (Years Lived with Disability),123,Perú,1,Male,20,75-79 years,9101,ACS de miembros inferiores,3,Rate,2023,80.5917545721628,108.136719053207,60.0631400868001
3,YLDs (Years Lived with Disability),123,Perú,2,Female,20,75-79 years,9101,ACS de miembros inferiores,3,Rate,2023,67.1459268001738,90.095323777274,50.0422807403415
3,YLDs (Years Lived with Disability),123,Perú,1,Male,30,80-84 years,9101,ACS de miembros inferiores,3,Rate,2023,81.2089773480788,108.964898638908,60.5231417116737
3,YLDs (Years Lived with Disability),123,Perú,2,Female,30,80-84 years,9101,ACS de miembros inferiores,3,Rate,2023,73.0114667690952,97.9656108938879,54.4137297887995
3,YLDs (Years Lived with Disability),123,Perú,1,Male,31,85-89 years,9101,ACS de miembros inferiores,3,Rate,2023,108.616775846731,145.740241499347,80.9495296149337
3,YLDs (Years Lived with Disability),123,Perú,2,Female,31,85-89 years,9101,ACS de miembros inferiores,3,Rate,2023,94.1947824231306,126.389042864769,70.2011569565747
3,YLDs (Years Lived with Disability),123,Perú,1,Male,32,90-94 years,9101,ACS de miembros inferiores,3,Rate,2023,123.428332740133,165.614150127162,91.9882347692612
3,YLDs (Years Lived with Disability),123,Perú,2,Female,32,90-94 years,9101,ACS de miembros inferiores,3,Rate,2023,106.144492808808,142.422971913753,79.1069951865755
3,YLDs (Years Lived with Disability),123,Perú,1,Male,235,95+ years,9101,ACS de miembros inferiores,3,Rate,2023,139.270464976171,186.870868161241,103.795003499116
3,YLDs (Years Lived with Disability),123,Perú,2,Female,235,95+ years,9101,ACS de miembros inferiores,3,Rate,2023,117.58605795051,157.775079853646,87.6341247120034
3,YLDs (Years Lived with Disability),123,Perú,1,Male,13,40-44 years,9102,ACS carotídea,3,Rate,2019,3.9801475552668,5.34049792387644,2.96631040541582
3,YLDs (Years Lived with Disability),123,Perú,2,Female,13,40-44 years,9102,ACS carotídea,3,Rate,2019,3.0067009317394,4.03434291334841,2.240823521226
3,YLDs (Years Lived with Disability),123,Perú,1,Male,14,45-49 years,9102,ACS carotídea,3,Rate,2019,5.18268019357305,6.95403686158994,3.86252971093875
3,YLDs (Years Lived with Disability),123,Perú,2,Female,14,45-49 years,9102,ACS carotídea,3,Rate,2019,4.43352100120593,5.94882711598759,3.30419897651889
3,YLDs (Years Lived with Disability),123,Perú,1,Male,15,50-54 years,9102,ACS carotídea,3,Rate,2019,8.08383301038735,10.8467570132695,6.02469070339492
3,YLDs (Years Lived with Disability),123,Perú,2,Female,15,50-54 years,9102,ACS carotídea,3,Rate,2019,6.2593139667506,8.39864672858382,4.66491955198186
3,YLDs (Years Lived with Disability),123,Perú,1,Male,16,55-59 years,9102,ACS carotídea,3,Rate,2019,10.8406050387931,14.5457493470636,8.07924808843413
3,YLDs (Years Lived with Disability),123,Perú,2,Female,16,55-59 years,9102,ACS carotídea,3,Rate,2019,8.49728106562432,11.4015149587888,6.33282381939598
3,YLDs (Years Lived with Disability),123,Perú,1,Male,17,60-64 years,9102,ACS carotídea,3,Rate,2019,13.7582016068949,18.4605334595367,10.2536642221561
3,YLDs (Years Lived with Disability),123,Perú,2,Female,17,60-64 years,9102,ACS carotídea,3,Rate,2019,10.6732239173123,14.321160052483,7.9545028734831
3,YLDs (Years Lived with Disability),123,Perú,1,Male,18,65-69 years,9102,ACS carotídea,3,Rate,2019,16.8399809072216,22.5956153193691,12.5504418865061
3,YLDs (Years Lived with Disability),123,Perú,2,Female,18,65-69 years,9102,ACS carotídea,3,Rate,2019,12.6855564724271,17.0212754837611,9.45424701977619
3,YLDs (Years Lived with Disability),123,Perú,1,Male,19,70-74 years,9102,ACS carotídea,3,Rate,2019,19.714175828737,26.4521638010598,14.6925117933372
3,YLDs (Years Lived with Disability),123,Perú,2,Female,19,70-74 years,9102,ACS carotídea,3,Rate,2019,16.8605710875401,22.6232428918941,12.5657872638521
3,YLDs (Years Lived with Disability),123,Perú,1,Male,20,75-79 years,9102,ACS carotídea,3,Rate,2019,24.5113579406833,32.8889455418284,18.267738846543
3,YLDs (Years Lived with Disability),123,Perú,2,Female,20,75-79 years,9102,ACS carotídea,3,Rate,2019,18.3275243559176,24.5915771748346,13.6590730488197
3,YLDs (Years Lived with Disability),123,Perú,1,Male,30,80-84 years,9102,ACS carotídea,3,Rate,2019,29.3961783069776,39.4433188816267,21.9082806304656
3,YLDs (Years Lived with Disability),123,Perú,2,Female,30,80-84 years,9102,ACS carotídea,3,Rate,2019,22.2701178436589,29.8816856553881,16.5973952905507
3,YLDs (Years Lived with Disability),123,Perú,1,Male,31,85-89 years,9102,ACS carotídea,3,Rate,2019,34.0881773773078,45.7389677102163,25.4051172354565
3,YLDs (Years Lived with Disability),123,Perú,2,Female,31,85-89 years,9102,ACS carotídea,3,Rate,2019,23.0755698474567,30.9624281892603,17.1976797339671
3,YLDs (Years Lived with Disability),123,Perú,1,Male,32,90-94 years,9102,ACS carotídea,3,Rate,2019,37.9660135290122,50.9421858396311,28.2951773569907
3,YLDs (Years Lived with Disability),123,Perú,2,Female,32,90-94 years,9102,ACS carotídea,3,Rate,2019,29.6521873192773,39.7868276535241,22.0990781289301
3,YLDs (Years Lived with Disability),123,Perú,1,Male,235,95+ years,9102,ACS carotídea,3,Rate,2019,42.1072836952236,56.4988754893898,31.3815686565835
3,YLDs (Years Lived with Disability),123,Perú,2,Female,235,95+ years,9102,ACS carotídea,3,Rate,2019,31.704548293353,42.5406525730531,23.6286545148644
3,YLDs (Years Lived with Disability),123,Perú,1,Male,13,40-44 years,9102,ACS carotídea,3,Rate,2023,4.03623322324363,5.41575277039416,3.00810973526585
3,YLDs (Years Lived with Disability),123,Perú,2,Female,13,40-44 years,9102,ACS carotídea,3,Rate,2023,3.10878012819462,4.17131113605129,2.3169007466095
3,YLDs (Years Lived with Disability),123,Perú,1,Male,14,45-49 years,9102,ACS carotídea,3,Rate,2023,6.07157251474148,8.14673827022691,4.52500026133003
3,YLDs (Years Lived with Disability),123,Perú,2,Female,14,45-49 years,9102,ACS carotídea,3,Rate,2023,4.90038061123851,6.57525182600155,3.65213846868056
3,YLDs (Years Lived with Disability),123,Perú,1,Male,15,50-54 years,9102,ACS carotídea,3,Rate,2023,7.78664169508463,10.4479904900867,5.80320100263869
3,YLDs (Years Lived with Disability),123,Perú,2,Female,15,50-54 years,9102,ACS carotídea,3,Rate,2023,6.36203363635148,8.53647432784426,4.74147410694422
3,YLDs (Years Lived with Disability),123,Perú,1,Male,16,55-59 years,9102,ACS carotídea,3,Rate,2023,11.1997740404276,15.027676532153,8.34692830180752
3,YLDs (Years Lived with Disability),123,Perú,2,Female,16,55-59 years,9102,ACS carotídea,3,Rate,2023,7.57329207601372,10.1617214053638,5.64419654708677
3,YLDs (Years Lived with Disability),123,Perú,1,Male,17,60-64 years,9102,ACS carotídea,3,Rate,2023,13.8170122329498,18.5394446109416,10.2974943992018
3,YLDs (Years Lived with Disability),123,Perú,2,Female,17,60-64 years,9102,ACS carotídea,3,Rate,2023,10.3570163821047,13.8968778715232,7.71884083107562
3,YLDs (Years Lived with Disability),123,Perú,1,Male,18,65-69 years,9102,ACS carotídea,3,Rate,2023,16.5379936478308,22.190413675606,12.3253778813667
3,YLDs (Years Lived with Disability),123,Perú,2,Female,18,65-69 years,9102,ACS carotídea,3,Rate,2023,13.1689238371827,17.669850033348,9.81448935345938
3,YLDs (Years Lived with Disability),123,Perú,1,Male,19,70-74 years,9102,ACS carotídea,3,Rate,2023,20.0251051347768,26.8693637390823,14.9242400956294
3,YLDs (Years Lived with Disability),123,Perú,2,Female,19,70-74 years,9102,ACS carotídea,3,Rate,2023,16.8061806888969,22.5502627304806,12.525251378383
3,YLDs (Years Lived with Disability),123,Perú,1,Male,20,75-79 years,9102,ACS carotídea,3,Rate,2023,23.1394169868925,31.0480972532505,17.2452635060345
3,YLDs (Years Lived with Disability),123,Perú,2,Female,20,75-79 years,9102,ACS carotídea,3,Rate,2023,20.2634393998107,27.1891568195971,15.1018650204646
3,YLDs (Years Lived with Disability),123,Perú,1,Male,30,80-84 years,9102,ACS carotídea,3,Rate,2023,27.8400878475129,37.3553817504672,20.7485629924673
3,YLDs (Years Lived with Disability),123,Perú,2,Female,30,80-84 years,9102,ACS carotídea,3,Rate,2023,24.2757637192886,32.5728290077641,18.0921560118177
3,YLDs (Years Lived with Disability),123,Perú,1,Male,31,85-89 years,9102,ACS carotídea,3,Rate,2023,33.8806823136205,45.4605541736703,25.2504760423998
3,YLDs (Years Lived with Disability),123,Perú,2,Female,31,85-89 years,9102,ACS carotídea,3,Rate,2023,29.3486925910767,39.3796033123768,21.8728906427253
3,YLDs (Years Lived with Disability),123,Perú,1,Male,32,90-94 years,9102,ACS carotídea,3,Rate,2023,36.7030875541796,49.2476120950778,27.3539483175148
3,YLDs (Years Lived with Disability),123,Perú,2,Female,32,90-94 years,9102,ACS carotídea,3,Rate,2023,29.2451457311476,39.2406658024487,21.7957196022574
3,YLDs (Years Lived with Disability),123,Perú,1,Male,235,95+ years,9102,ACS carotídea,3,Rate,2023,40.9389517896619,54.9312265443665,30.5108383531652
3,YLDs (Years Lived with Disability),123,Perú,2,Female,235,95+ years,9102,ACS carotídea,3,Rate,2023,28.5968603478702,38.3708069101845,21.3125677463544
3,YLDs (Years Lived with Disability),123,Perú,1,Male,13,40-44 years,9103,ACS renovascular,3,Rate,2019,2.0358594910406,2.73168349520591,1.51727821855426
3,YLDs (Years Lived with Disability),123,Perú,2,Female,13,40-44 years,9103,ACS renovascular,3,Rate,2019,1.76731074478841,2.37134911013477,1.31713515116593
3,YLDs (Years Lived with Disability),123,Perú,1,Male,14,45-49 years,9103,ACS renovascular,3,Rate,2019,2.97413570141197,3.99064741147587,2.21655342062454
3,YLDs (Years Lived with Disability),123,Perú,2,Female,14,45-49 years,9103,ACS renovascular,3,Rate,2019,2.5086201076163,3.36602608081485,1.86961559216836
3,YLDs (Years Lived with Disability),123,Perú,1,Male,15,50-54 years,9103,ACS renovascular,3,Rate,2019,3.91242331242875,5.24962662494831,2.91583711932783
3,YLDs (Years Lived with Disability),123,Perú,2,Female,15,50-54 years,9103,ACS renovascular,3,Rate,2019,3.60375558857944,4.83546124150579,2.68579432107563
3,YLDs (Years Lived with Disability),123,Perú,1,Male,16,55-59 years,9103,ACS renovascular,3,Rate,2019,4.50175664103098,6.04038459916127,3.3550533947591
3,YLDs (Years Lived with Disability),123,Perú,2,Female,16,55-59 years,9103,ACS renovascular,3,Rate,2019,4.08935249573562,5.48702735519841,3.0476982802967
3,YLDs (Years Lived with Disability),123,Perú,1,Male,17,60-64 years,9103,ACS renovascular,3,Rate,2019,5.58881871995429,7.49898699894731,4.1652152069201
3,YLDs (Years Lived with Disability),123,Perú,2,Female,17,60-64 years,9103,ACS renovascular,3,Rate,2019,5.12233042015171,6.87306050702324,3.81755244354389
3,YLDs (Years Lived with Disability),123,Perú,1,Male,18,65-69 years,9103,ACS renovascular,3,Rate,2019,6.42778509877996,8.62469858177336,4.79047712617018
3,YLDs (Years Lived with Disability),123,Perú,2,Female,18,65-69 years,9103,ACS renovascular,3,Rate,2019,6.69659710743082,8.98538620809347,4.99081639683531
3,YLDs (Years Lived with Disability),123,Perú,1,Male,19,70-74 years,9103,ACS renovascular,3,Rate,2019,6.75965465794591,9.06999581437929,5.03781170684221
3,YLDs (Years Lived with Disability),123,Perú,2,Female,19,70-74 years,9103,ACS renovascular,3,Rate,2019,6.40213031570544,8.59027540679191,4.77135721945167
3,YLDs (Years Lived with Disability),123,Perú,1,Male,20,75-79 years,9103,ACS renovascular,3,Rate,2019,8.61344793296744,11.5573857915293,6.41940025471142
3,YLDs (Years Lived with Disability),123,Perú,2,Female,20,75-79 years,9103,ACS renovascular,3,Rate,2019,7.25240328618706,9.73115799230724,5.40504567566127
3,YLDs (Years Lived with Disability),123,Perú,1,Male,30,80-84 years,9103,ACS renovascular,3,Rate,2019,8.90066635414458,11.9427708459014,6.6334573919242
3,YLDs (Years Lived with Disability),123,Perú,2,Female,30,80-84 years,9103,ACS renovascular,3,Rate,2019,7.92894082843431,10.638925176721,5.90925320147696
3,YLDs (Years Lived with Disability),123,Perú,1,Male,31,85-89 years,9103,ACS renovascular,3,Rate,2019,8.69353061105092,11.6648394399442,6.47908399205886
3,YLDs (Years Lived with Disability),123,Perú,2,Female,31,85-89 years,9103,ACS renovascular,3,Rate,2019,8.04145767611291,10.7898984718275,5.99310936294313
3,YLDs (Years Lived with Disability),123,Perú,1,Male,32,90-94 years,9103,ACS renovascular,3,Rate,2019,9.89719628524025,13.2798986669679,7.37614772258941
3,YLDs (Years Lived with Disability),123,Perú,2,Female,32,90-94 years,9103,ACS renovascular,3,Rate,2019,8.6299035449324,11.5794656667888,6.43166423546122
3,YLDs (Years Lived with Disability),123,Perú,1,Male,235,95+ years,9103,ACS renovascular,3,Rate,2019,10.4766478146411,14.0573974020732,7.80799932538273
3,YLDs (Years Lived with Disability),123,Perú,2,Female,235,95+ years,9103,ACS renovascular,3,Rate,2019,8.79335442290761,11.7987814238962,6.55348033232191
3,YLDs (Years Lived with Disability),123,Perú,1,Male,13,40-44 years,9103,ACS renovascular,3,Rate,2023,2.16166904642795,2.90049273155215,1.61104112258338
3,YLDs (Years Lived with Disability),123,Perú,2,Female,13,40-44 years,9103,ACS renovascular,3,Rate,2023,2.0657946970318,2.77185007275786,1.53958822384601
3,YLDs (Years Lived with Disability),123,Perú,1,Male,14,45-49 years,9103,ACS renovascular,3,Rate,2023,2.97657807802564,3.99392455310277,2.21837366649796
3,YLDs (Years Lived with Disability),123,Perú,2,Female,14,45-49 years,9103,ACS renovascular,3,Rate,2023,2.65419473066089,3.56135576679848,1.97810893647422
3,YLDs (Years Lived with Disability),123,Perú,1,Male,15,50-54 years,9103,ACS renovascular,3,Rate,2023,4.25503439603832,5.70933666215352,3.17117710564995
3,YLDs (Years Lived with Disability),123,Perú,2,Female,15,50-54 years,9103,ACS renovascular,3,Rate,2023,3.57561472279525,4.79770228076131,2.66482159535781
3,YLDs (Years Lived with Disability),123,Perú,1,Male,16,55-59 years,9103,ACS renovascular,3,Rate,2023,4.91666822928275,6.59710628972238,3.66427724751053
3,YLDs (Years Lived with Disability),123,Perú,2,Female,16,55-59 years,9103,ACS renovascular,3,Rate,2023,4.67457253015871,6.27226617749075,3.48384901427386
3,YLDs (Years Lived with Disability),123,Perú,1,Male,17,60-64 years,9103,ACS renovascular,3,Rate,2023,6.39190665449392,8.57655746274174,4.76373776509423
3,YLDs (Years Lived with Disability),123,Perú,2,Female,17,60-64 years,9103,ACS renovascular,3,Rate,2023,5.20975464235457,6.99036492116565,3.8827076611344
3,YLDs (Years Lived with Disability),123,Perú,1,Male,18,65-69 years,9103,ACS renovascular,3,Rate,2023,6.94286002077181,9.31581782128455,5.17435035686269
3,YLDs (Years Lived with Disability),123,Perú,2,Female,18,65-69 years,9103,ACS renovascular,3,Rate,2023,6.32664657066215,8.48899253270432,4.7151009587848
3,YLDs (Years Lived with Disability),123,Perú,1,Male,19,70-74 years,9103,ACS renovascular,3,Rate,2023,7.49889950117893,10.0619026458982,5.58875350992446
3,YLDs (Years Lived with Disability),123,Perú,2,Female,19,70-74 years,9103,ACS renovascular,3,Rate,2023,6.12170424087182,8.21400421341165,4.56236225829045
3,YLDs (Years Lived with Disability),123,Perú,1,Male,20,75-79 years,9103,ACS renovascular,3,Rate,2023,7.91248150894777,10.6168403267687,5.89698645759849
3,YLDs (Years Lived with Disability),123,Perú,2,Female,20,75-79 years,9103,ACS renovascular,3,Rate,2023,7.60896713409688,10.2095896240622,5.67078432920702
3,YLDs (Years Lived with Disability),123,Perú,1,Male,30,80-84 years,9103,ACS renovascular,3,Rate,2023,9.50578356881311,12.7547073843754,7.0844370265843
3,YLDs (Years Lived with Disability),123,Perú,2,Female,30,80-84 years,9103,ACS renovascular,3,Rate,2023,8.47150627671578,11.3669307619109,6.31361447515053
3,YLDs (Years Lived with Disability),123,Perú,1,Male,31,85-89 years,9103,ACS renovascular,3,Rate,2023,10.0279955575717,13.4554030251936,7.47362934535589
3,YLDs (Years Lived with Disability),123,Perú,2,Female,31,85-89 years,9103,ACS renovascular,3,Rate,2023,8.95007893883993,12.0090718566842,6.6702834296791
3,YLDs (Years Lived with Disability),123,Perú,1,Male,32,90-94 years,9103,ACS renovascular,3,Rate,2023,10.0758408650439,13.5196010886258,7.50928732824083
3,YLDs (Years Lived with Disability),123,Perú,2,Female,32,90-94 years,9103,ACS renovascular,3,Rate,2023,8.45208881450857,11.3408767236713,6.29914309704402
3,YLDs (Years Lived with Disability),123,Perú,1,Male,235,95+ years,9103,ACS renovascular,3,Rate,2023,10.5267844166126,14.1246698875831,7.84536495619294
3,YLDs (Years Lived with Disability),123,Perú,2,Female,235,95+ years,9103,ACS renovascular,3,Rate,2023,9.61898769288666,12.906602855886,7.16880539899074
5,Prevalence,123,Perú,1,Male,13,40-44 years,9100,Arteriopatía crónica sintética,3,Rate,2019,1151.00555681887,1544.40072917081,857.8173830177
5,Prevalence,123,Perú,2,Female,13,40-44 years,9100,Arteriopatía crónica sintética,3,Rate,2019,1004.68695723134,1348.07278743715,748.769570484204
5,Prevalence,123,Perú,1,Male,14,45-49 years,9100,Arteriopatía crónica sintética,3,Rate,2019,1683.50863729438,2258.90479120592,1254.67941051723
5,Prevalence,123,Perú,2,Female,14,45-49 years,9100,Arteriopatía crónica sintética,3,Rate,2019,1469.56869487997,1971.84362012282,1095.23500085504
5,Prevalence,123,Perú,1,Male,15,50-54 years,9100,Arteriopatía crónica sintética,3,Rate,2019,2462.30079737828,3303.87557590853,1835.0948991481
5,Prevalence,123,Perú,2,Female,15,50-54 years,9100,Arteriopatía crónica sintética,3,Rate,2019,2045.75623399892,2744.96278560611,1524.65402842295
5,Prevalence,123,Perú,1,Male,16,55-59 years,9100,Arteriopatía crónica sintética,3,Rate,2019,3080.23743689244,4133.01301229468,2295.62854977947
5,Prevalence,123,Perú,2,Female,16,55-59 years,9100,Arteriopatía crónica sintética,3,Rate,2019,2665.29017695313,3576.24345803741,1986.37811175789
5,Prevalence,123,Perú,1,Male,17,60-64 years,9100,Arteriopatía crónica sintética,3,Rate,2019,3956.92367495875,5309.33649509842,2949.00219338214
5,Prevalence,123,Perú,2,Female,17,60-64 years,9100,Arteriopatía crónica sintética,3,Rate,2019,3477.4468743404,4665.98224184697,2591.65940568884
5,Prevalence,123,Perú,1,Male,18,65-69 years,9100,Arteriopatía crónica sintética,3,Rate,2019,5112.90971314948,6860.41995400648,3810.53141208235
5,Prevalence,123,Perú,2,Female,18,65-69 years,9100,Arteriopatía crónica sintética,3,Rate,2019,4544.32425550897,6097.50113908532,3386.77803712636
5,Prevalence,123,Perú,1,Male,19,70-74 years,9100,Arteriopatía crónica sintética,3,Rate,2019,6276.7270498691,8422.01132322543,4677.89711347362
5,Prevalence,123,Perú,2,Female,19,70-74 years,9100,Arteriopatía crónica sintética,3,Rate,2019,5282.57874538837,7088.07913041538,3936.98175313593
5,Prevalence,123,Perú,1,Male,20,75-79 years,9100,Arteriopatía crónica sintética,3,Rate,2019,7778.68285038193,10437.3114403728,5797.26946278273
5,Prevalence,123,Perú,2,Female,20,75-79 years,9100,Arteriopatía crónica sintética,3,Rate,2019,6593.89813717919,8847.58638288666,4914.27726861134
5,Prevalence,123,Perú,1,Male,30,80-84 years,9100,Arteriopatía crónica sintética,3,Rate,2019,9900.24203294962,13283.985402219,7378.41764675607
5,Prevalence,123,Perú,2,Female,30,80-84 years,9100,Arteriopatía crónica sintética,3,Rate,2019,7881.90910926952,10575.8187729839,5874.20156683128
5,Prevalence,123,Perú,1,Male,31,85-89 years,9100,Arteriopatía crónica sintética,3,Rate,2019,11679.5284213435,15671.4032381796,8704.47796357102
5,Prevalence,123,Perú,2,Female,31,85-89 years,9100,Arteriopatía crónica sintética,3,Rate,2019,8565.26366558519,11492.7329171458,6383.48965297401
5,Prevalence,123,Perú,1,Male,32,90-94 years,9100,Arteriopatía crónica sintética,3,Rate,2019,12765.1456035849,17128.0668988554,9513.56292820248
5,Prevalence,123,Perú,2,Female,32,90-94 years,9100,Arteriopatía crónica sintética,3,Rate,2019,10895.7874060058,14619.7921591558,8120.37420945994
5,Prevalence,123,Perú,1,Male,235,95+ years,9100,Arteriopatía crónica sintética,3,Rate,2019,15434.7339545646,20710.0775776168,11503.1443680185
5,Prevalence,123,Perú,2,Female,235,95+ years,9100,Arteriopatía crónica sintética,3,Rate,2019,12526.4415913331,16807.7776974753,9335.66243945803
5,Prevalence,123,Perú,1,Male,13,40-44 years,9100,Arteriopatía crónica sintética,3,Rate,2023,1202.82968637924,1613.93751203646,896.440688468554
5,Prevalence,123,Perú,2,Female,13,40-44 years,9100,Arteriopatía crónica sintética,3,Rate,2023,970.947301056954,1302.80145986711,723.624197908057
5,Prevalence,123,Perú,1,Male,14,45-49 years,9100,Arteriopatía crónica sintética,3,Rate,2023,1801.80460750363,2417.63241990135,1342.84261614665
5,Prevalence,123,Perú,2,Female,14,45-49 years,9100,Arteriopatía crónica sintética,3,Rate,2023,1420.47541765044,1905.97105095798,1058.64693544796
5,Prevalence,123,Perú,1,Male,15,50-54 years,9100,Arteriopatía crónica sintética,3,Rate,2023,2543.8820844183,3413.34003369926,1895.89551452071
5,Prevalence,123,Perú,2,Female,15,50-54 years,9100,Arteriopatía crónica sintética,3,Rate,2023,2066.74965167506,2773.13141552692,1540.29992909203
5,Prevalence,123,Perú,1,Male,16,55-59 years,9100,Arteriopatía crónica sintética,3,Rate,2023,3206.83546826921,4302.88021303197,2389.97908642758
5,Prevalence,123,Perú,2,Female,16,55-59 years,9100,Arteriopatía crónica sintética,3,Rate,2023,2709.35850783878,3635.37363508124,2019.22120278411
5,Prevalence,123,Perú,1,Male,17,60-64 years,9100,Arteriopatía crónica sintética,3,Rate,2023,4099.92820982056,5501.21767812737,3055.58011138443
5,Prevalence,123,Perú,2,Female,17,60-64 years,9100,Arteriopatía crónica sintética,3,Rate,2023,3413.07417663138,4579.60799222538,2543.68394739552
5,Prevalence,123,Perú,1,Male,18,65-69 years,9100,Arteriopatía crónica sintética,3,Rate,2023,5542.91699979351,7437.39680968495,4131.00573396747
5,Prevalence,123,Perú,2,Female,18,65-69 years,9100,Arteriopatía crónica sintética,3,Rate,2023,4627.17017198151,6208.66245629272,3448.52115108542
5,Prevalence,123,Perú,1,Male,19,70-74 years,9100,Arteriopatía crónica sintética,3,Rate,2023,6804.33381245968,9129.94558473531,5071.11003035888
5,Prevalence,123,Perú,2,Female,19,70-74 years,9100,Arteriopatía crónica sintética,3,Rate,2023,5685.68935663932,7628.96645998926,4237.4106151526
5,Prevalence,123,Perú,1,Male,20,75-79 years,9100,Arteriopatía crónica sintética,3,Rate,2023,8157.5512485914,10945.6709586983,6079.63117331902
5,Prevalence,123,Perú,2,Female,20,75-79 years,9100,Arteriopatía crónica sintética,3,Rate,2023,6779.75072278062,9096.96039070155,5052.78883153404
5,Prevalence,123,Perú,1,Male,30,80-84 years,9100,Arteriopatía crónica sintética,3,Rate,2023,8837.53279852883,11858.0592571949,6586.40543710256
5,Prevalence,123,Perú,2,Female,30,80-84 years,9100,Arteriopatía crónica sintética,3,Rate,2023,7861.03137394858,10547.8053637853,5858.64188150201
5,Prevalence,123,Perú,1,Male,31,85-89 years,9100,Arteriopatía crónica sintética,3,Rate,2023,11608.0812485898,15575.5365718161,8651.2300653376
5,Prevalence,123,Perú,2,Female,31,85-89 years,9100,Arteriopatía crónica sintética,3,Rate,2023,10177.6403558718,13656.1940068202,7585.15609559576
5,Prevalence,123,Perú,1,Male,32,90-94 years,9100,Arteriopatía crónica sintética,3,Rate,2023,13296.7118722374,17841.3139618657,9909.72677187342
5,Prevalence,123,Perú,2,Female,32,90-94 years,9100,Arteriopatía crónica sintética,3,Rate,2023,11285.8917397872,15143.2278749746,8411.10979863743
5,Prevalence,123,Perú,1,Male,235,95+ years,9100,Arteriopatía crónica sintética,3,Rate,2023,15371.0546395285,20624.6336977049,11455.6856715309
5,Prevalence,123,Perú,2,Female,235,95+ years,9100,Arteriopatía crónica sintética,3,Rate,2023,12508.8830055598,16784.2178697135,9322.5764382582
5,Prevalence,123,Perú,1,Male,13,40-44 years,9101,ACS de miembros inferiores,3,Rate,2019,755.859423376524,1014.20000772162,563.324259078403
5,Prevalence,123,Perú,2,Female,13,40-44 years,9101,ACS de miembros inferiores,3,Rate,2019,687.414921350557,922.362276608675,512.314180749908
5,Prevalence,123,Perú,1,Male,14,45-49 years,9101,ACS de miembros inferiores,3,Rate,2019,1123.49312551224,1507.48499169281,837.313014742413
5,Prevalence,123,Perú,2,Female,14,45-49 years,9101,ACS de miembros inferiores,3,Rate,2019,998.381899217549,1339.61276208257,744.070558969342
5,Prevalence,123,Perú,1,Male,15,50-54 years,9101,ACS de miembros inferiores,3,Rate,2019,1630.68205288832,2188.02293056415,1215.30899903614
5,Prevalence,123,Perú,2,Female,15,50-54 years,9101,ACS de miembros inferiores,3,Rate,2019,1364.50548993912,1830.87150286552,1016.93386409693
5,Prevalence,123,Perú,1,Male,16,55-59 years,9101,ACS de miembros inferiores,3,Rate,2019,1985.14519968844,2663.6358753837,1479.48204942928
5,Prevalence,123,Perú,2,Female,16,55-59 years,9101,ACS de miembros inferiores,3,Rate,2019,1777.29049688853,2384.73978086531,1324.57282579658
5,Prevalence,123,Perú,1,Male,17,60-64 years,9101,ACS de miembros inferiores,3,Rate,2019,2545.71767337319,3415.80299741267,1897.26353581674
5,Prevalence,123,Perú,2,Female,17,60-64 years,9101,ACS de miembros inferiores,3,Rate,2019,2319.69011455784,3112.5228572091,1728.81050981335
5,Prevalence,123,Perú,1,Male,18,65-69 years,9101,ACS de miembros inferiores,3,Rate,2019,3383.94694464199,4540.52554118366,2521.97610613302
5,Prevalence,123,Perú,2,Female,18,65-69 years,9101,ACS de miembros inferiores,3,Rate,2019,3112.52446826494,4176.3352312875,2319.69131523988
5,Prevalence,123,Perú,1,Male,19,70-74 years,9101,ACS de miembros inferiores,3,Rate,2019,4237.2030372835,5685.4108319958,3157.88781315949
5,Prevalence,123,Perú,2,Female,19,70-74 years,9101,ACS de miembros inferiores,3,Rate,2019,3522.72622326893,4726.7373434078,2625.40503999314
5,Prevalence,123,Perú,1,Male,20,75-79 years,9101,ACS de miembros inferiores,3,Rate,2019,5216.76591167167,6999.7725294796,3887.93299533161
5,Prevalence,123,Perú,2,Female,20,75-79 years,9101,ACS de miembros inferiores,3,Rate,2019,4584.50781552588,6151.41879310805,3416.72589974946
5,Prevalence,123,Perú,1,Male,30,80-84 years,9101,ACS de miembros inferiores,3,Rate,2019,6799.70693863722,9123.73731991603,5067.66173007013
5,Prevalence,123,Perú,2,Female,30,80-84 years,9101,ACS de miembros inferiores,3,Rate,2019,5471.20919404533,7341.18043016476,4077.56359209036
5,Prevalence,123,Perú,1,Male,31,85-89 years,9101,ACS de miembros inferiores,3,Rate,2019,8099.98204397527,10868.4255265975,6036.72619848753
5,Prevalence,123,Perú,2,Female,31,85-89 years,9101,ACS de miembros inferiores,3,Rate,2019,5993.05797415117,8041.38872345903,4466.48521999161
5,Prevalence,123,Perú,1,Male,32,90-94 years,9101,ACS de miembros inferiores,3,Rate,2019,8704.36134089514,11679.3719389141,6487.15588039693
5,Prevalence,123,Perú,2,Female,32,90-94 years,9101,ACS de miembros inferiores,3,Rate,2019,7692.85802657704,10322.1530732563,5733.30623921868
5,Prevalence,123,Perú,1,Male,235,95+ years,9101,ACS de miembros inferiores,3,Rate,2019,10880.406440563,14599.1542273019,8108.91113749978
5,Prevalence,123,Perú,2,Female,235,95+ years,9101,ACS de miembros inferiores,3,Rate,2019,9038.45780959537,12127.6572028881,6736.15012439343
5,Prevalence,123,Perú,1,Male,13,40-44 years,9101,ACS de miembros inferiores,3,Rate,2023,787.442533900212,1056.57771705004,586.862408878363
5,Prevalence,123,Perú,2,Female,13,40-44 years,9101,ACS de miembros inferiores,3,Rate,2023,629.798130596972,845.052994194567,469.373741088854
5,Prevalence,123,Perú,1,Male,14,45-49 years,9101,ACS de miembros inferiores,3,Rate,2023,1191.34461940597,1598.52703403918,887.881138050721
5,Prevalence,123,Perú,2,Female,14,45-49 years,9101,ACS de miembros inferiores,3,Rate,2023,914.511789966014,1227.07719949007,681.564138209393
5,Prevalence,123,Perú,1,Male,15,50-54 years,9101,ACS de miembros inferiores,3,Rate,2023,1707.09741780324,2290.55583719984,1272.25957409229
5,Prevalence,123,Perú,2,Female,15,50-54 years,9101,ACS de miembros inferiores,3,Rate,2023,1380.6104771913,1852.48091552927,1028.93653249098
5,Prevalence,123,Perú,1,Male,16,55-59 years,9101,ACS de miembros inferiores,3,Rate,2023,2054.32461916516,2756.45970690259,1531.03984445698
5,Prevalence,123,Perú,2,Female,16,55-59 years,9101,ACS de miembros inferiores,3,Rate,2023,1838.21630325804,2466.48904716984,1369.979397006
5,Prevalence,123,Perú,1,Male,17,60-64 years,9101,ACS de miembros inferiores,3,Rate,2023,2636.66239179959,3537.83115672075,1965.04249648087
5,Prevalence,123,Perú,2,Female,17,60-64 years,9101,ACS de miembros inferiores,3,Rate,2023,2279.71580176542,3058.88596774409,1699.01859422756
5,Prevalence,123,Perú,1,Male,18,65-69 years,9101,ACS de miembros inferiores,3,Rate,2023,3800.71581108399,5099.73929772506,2832.58414465771
5,Prevalence,123,Perú,2,Female,18,65-69 years,9101,ACS de miembros inferiores,3,Rate,2023,3185.25556642309,4273.92464809212,2373.89609289401
5,Prevalence,123,Perú,1,Male,19,70-74 years,9101,ACS de miembros inferiores,3,Rate,2023,4704.81009510783,6312.83845542556,3506.38436058893
5,Prevalence,123,Perú,2,Female,19,70-74 years,9101,ACS de miembros inferiores,3,Rate,2023,3926.80420054522,5268.92266914342,2926.55485716711
5,Prevalence,123,Perú,1,Male,20,75-79 years,9101,ACS de miembros inferiores,3,Rate,2023,5704.53418214919,7654.25214352582,4251.45522059046
5,Prevalence,123,Perú,2,Female,20,75-79 years,9101,ACS de miembros inferiores,3,Rate,2023,4610.47076007451,6186.25545419521,3436.0754719702
5,Prevalence,123,Perú,1,Male,30,80-84 years,9101,ACS de miembros inferiores,3,Rate,2023,5881.79419116944,7892.09677039304,4383.56293818627
5,Prevalence,123,Perú,2,Female,30,80-84 years,9101,ACS de miembros inferiores,3,Rate,2023,5249.04159656301,7043.07952394663,3911.98730452636
5,Prevalence,123,Perú,1,Male,31,85-89 years,9101,ACS de miembros inferiores,3,Rate,2023,7980.80611673733,10708.5171857251,5947.90718157113
5,Prevalence,123,Perú,2,Female,31,85-89 years,9101,ACS de miembros inferiores,3,Rate,2023,7038.11075215784,9443.62371947083,5245.33848775748
5,Prevalence,123,Perú,1,Male,32,90-94 years,9101,ACS de miembros inferiores,3,Rate,2023,9310.4881896328,12492.6631881307,6938.88797159371
5,Prevalence,123,Perú,2,Female,32,90-94 years,9101,ACS de miembros inferiores,3,Rate,2023,8076.21255696174,10836.5320115243,6019.01135860267
5,Prevalence,123,Perú,1,Male,235,95+ years,9101,ACS de miembros inferiores,3,Rate,2023,10883.1379607372,14602.8193371042,8110.94687527149
5,Prevalence,123,Perú,2,Female,235,95+ years,9101,ACS de miembros inferiores,3,Rate,2023,9198.9358602626,12342.9840681652,6855.75064294836
5,Prevalence,123,Perú,1,Male,13,40-44 years,9102,ACS carotídea,3,Rate,2019,268.126262448741,359.767503104107,199.8282001416
5,Prevalence,123,Perú,2,Female,13,40-44 years,9102,ACS carotídea,3,Rate,2019,203.599015374899,273.185881632483,151.737559839913
5,Prevalence,123,Perú,1,Male,14,45-49 years,9102,ACS carotídea,3,Rate,2019,365.590232492116,490.543089295787,272.46580577766
5,Prevalence,123,Perú,2,Female,14,45-49 years,9102,ACS carotídea,3,Rate,2019,309.372239564077,415.110691288481,230.567857252268
5,Prevalence,123,Perú,1,Male,15,50-54 years,9102,ACS carotídea,3,Rate,2019,570.955794666031,766.099294988265,425.519931417914
5,Prevalence,123,Perú,2,Female,15,50-54 years,9102,ACS carotídea,3,Rate,2019,441.12221602001,591.890689005555,328.758017453082
5,Prevalence,123,Perú,1,Male,16,55-59 years,9102,ACS carotídea,3,Rate,2019,793.275194073539,1064.40388658617,591.209353388121
5,Prevalence,123,Perú,2,Female,16,55-59 years,9102,ACS carotídea,3,Rate,2019,608.553513264292,816.547308618012,453.540627221099
5,Prevalence,123,Perú,1,Male,17,60-64 years,9102,ACS carotídea,3,Rate,2019,1024.88546076427,1375.17481435581,763.823040329635
5,Prevalence,123,Perú,2,Female,17,60-64 years,9102,ACS carotídea,3,Rate,2019,799.352655931771,1072.55852708269,595.738742838704
5,Prevalence,123,Perú,1,Male,18,65-69 years,9102,ACS carotídea,3,Rate,2019,1274.49384984142,1710.09533303977,949.850304775866
5,Prevalence,123,Perú,2,Female,18,65-69 years,9102,ACS carotídea,3,Rate,2019,967.721522077014,1298.47316155504,721.220100667716
5,Prevalence,123,Perú,1,Male,19,70-74 years,9102,ACS carotídea,3,Rate,2019,1540.0363864457,2066.39603439429,1147.75291478525
5,Prevalence,123,Perú,2,Female,19,70-74 years,9102,ACS carotídea,3,Rate,2019,1301.9297937486,1746.90844095632,970.297668790437
5,Prevalence,123,Perú,1,Male,20,75-79 years,9102,ACS carotídea,3,Rate,2019,1919.4868381147,2575.53654268291,1430.54841608169
5,Prevalence,123,Perú,2,Female,20,75-79 years,9102,ACS carotídea,3,Rate,2019,1464.57294384534,1965.14040179782,1091.51178505182
5,Prevalence,123,Perú,1,Male,30,80-84 years,9102,ACS carotídea,3,Rate,2019,2418.5801412998,3245.21190332466,1802.51092198233
5,Prevalence,123,Perú,2,Female,30,80-84 years,9102,ACS carotídea,3,Rate,2019,1811.86429964394,2431.13035289108,1350.33986820999
5,Prevalence,123,Perú,1,Male,31,85-89 years,9102,ACS carotídea,3,Rate,2019,2891.56576386818,3879.85639835281,2155.01598727321
5,Prevalence,123,Perú,2,Female,31,85-89 years,9102,ACS carotídea,3,Rate,2019,1939.65243534789,2602.59441645824,1445.5773616355
5,Prevalence,123,Perú,1,Male,32,90-94 years,9102,ACS carotídea,3,Rate,2019,3267.07904919278,4383.71408021447,2434.87721105027
5,Prevalence,123,Perú,2,Female,32,90-94 years,9102,ACS carotídea,3,Rate,2019,2514.47772372954,3373.88573582947,1873.98113575346
5,Prevalence,123,Perú,1,Male,235,95+ years,9102,ACS carotídea,3,Rate,2019,3696.32138984179,4959.66454366965,2754.78143666807
5,Prevalence,123,Perú,2,Female,235,95+ years,9102,ACS carotídea,3,Rate,2019,2774.91703902966,3723.33901698121,2068.08043489422
5,Prevalence,123,Perú,1,Male,13,40-44 years,9102,ACS carotídea,3,Rate,2023,278.083339937275,373.127749405786,207.248975917284
5,Prevalence,123,Perú,2,Female,13,40-44 years,9102,ACS carotídea,3,Rate,2023,210.62794427415,282.617185289519,156.976055308551
5,Prevalence,123,Perú,1,Male,14,45-49 years,9102,ACS carotídea,3,Rate,2023,411.520183903999,552.171158796458,306.69631881807
5,Prevalence,123,Perú,2,Female,14,45-49 years,9102,ACS carotídea,3,Rate,2023,335.073855038688,449.596705230551,249.72266705761
5,Prevalence,123,Perú,1,Male,15,50-54 years,9102,ACS carotídea,3,Rate,2023,551.235708409905,739.639200670871,410.82301472199
5,Prevalence,123,Perú,2,Female,15,50-54 years,9102,ACS carotídea,3,Rate,2023,449.976348363808,603.771021265399,335.356794141042
5,Prevalence,123,Perú,1,Male,16,55-59 years,9102,ACS carotídea,3,Rate,2023,822.197593459487,1103.21149653766,612.764537726602
5,Prevalence,123,Perú,2,Female,16,55-59 years,9102,ACS carotídea,3,Rate,2023,550.735696983934,738.968293387853,410.45036796076
5,Prevalence,123,Perú,1,Male,17,60-64 years,9102,ACS carotídea,3,Rate,2023,1015.91641707496,1363.1402959022,757.13862291726
5,Prevalence,123,Perú,2,Female,17,60-64 years,9102,ACS carotídea,3,Rate,2023,767.439440170316,1029.73788785972,571.954573365334
5,Prevalence,123,Perú,1,Male,18,65-69 years,9102,ACS carotídea,3,Rate,2023,1249.38183817374,1676.40043999538,931.134912827093
5,Prevalence,123,Perú,2,Female,18,65-69 years,9102,ACS carotídea,3,Rate,2023,995.362861405078,1335.56186574123,741.820541060929
5,Prevalence,123,Perú,1,Male,19,70-74 years,9102,ACS carotídea,3,Rate,2023,1557.25421123547,2089.49863455336,1160.58495483486
5,Prevalence,123,Perú,2,Female,19,70-74 years,9102,ACS carotídea,3,Rate,2023,1301.56560543153,1746.41977893459,970.026247799274
5,Prevalence,123,Perú,1,Male,20,75-79 years,9102,ACS carotídea,3,Rate,2023,1865.84366270049,2503.55899337054,1390.56941851911
5,Prevalence,123,Perú,2,Female,20,75-79 years,9102,ACS carotídea,3,Rate,2023,1600.87906716324,2148.03376403703,1193.09753440043
5,Prevalence,123,Perú,1,Male,30,80-84 years,9102,ACS carotídea,3,Rate,2023,2238.37114493433,3003.41037270549,1668.20539344455
5,Prevalence,123,Perú,2,Female,30,80-84 years,9102,ACS carotídea,3,Rate,2023,1972.88331319881,2647.18307346332,1470.34355368782
5,Prevalence,123,Perú,1,Male,31,85-89 years,9102,ACS carotídea,3,Rate,2023,2843.46139348599,3815.31072847795,2119.16493089168
5,Prevalence,123,Perú,2,Female,31,85-89 years,9102,ACS carotídea,3,Rate,2023,2442.55799070892,3277.38499570637,1820.38104946232
5,Prevalence,123,Perú,1,Male,32,90-94 years,9102,ACS carotídea,3,Rate,2023,3169.95631093909,4253.39635334561,2362.4939174452
5,Prevalence,123,Perú,2,Female,32,90-94 years,9102,ACS carotídea,3,Rate,2023,2516.94715285584,3377.19917608238,1875.82154322858
5,Prevalence,123,Perú,1,Male,235,95+ years,9102,ACS carotídea,3,Rate,2023,3611.75110924723,4846.18950243926,2691.75319466618
5,Prevalence,123,Perú,2,Female,235,95+ years,9102,ACS carotídea,3,Rate,2023,2515.16984995686,3374.81441966059,1874.49696115979
5,Prevalence,123,Perú,1,Male,13,40-44 years,9103,ACS renovascular,3,Rate,2019,127.01987099361,170.433218345081,94.6649237976968
5,Prevalence,123,Perú,2,Female,13,40-44 years,9103,ACS renovascular,3,Rate,2019,113.67302050588,152.524629195996,84.7178298943835
5,Prevalence,123,Perú,1,Male,14,45-49 years,9103,ACS renovascular,3,Rate,2019,194.425279290031,260.876710217319,144.900589997156
5,Prevalence,123,Perú,2,Female,14,45-49 years,9103,ACS renovascular,3,Rate,2019,161.814556098341,217.12016675177,120.596584633425
5,Prevalence,123,Perú,1,Male,15,50-54 years,9103,ACS renovascular,3,Rate,2019,260.662949823934,349.753350356106,194.26596869404
5,Prevalence,123,Perú,2,Female,15,50-54 years,9103,ACS renovascular,3,Rate,2019,240.128528039789,322.200593735031,178.962146872935
5,Prevalence,123,Perú,1,Male,16,55-59 years,9103,ACS renovascular,3,Rate,2019,301.817043130464,404.973250324817,224.93714696206
5,Prevalence,123,Perú,2,Female,16,55-59 years,9103,ACS renovascular,3,Rate,2019,279.446166800308,374.956368554089,208.26465874021
5,Prevalence,123,Perú,1,Male,17,60-64 years,9103,ACS renovascular,3,Rate,2019,386.320540821297,518.358683329936,287.91561723577
5,Prevalence,123,Perú,2,Female,17,60-64 years,9103,ACS renovascular,3,Rate,2019,358.404103850794,480.900857555181,267.110153036796
5,Prevalence,123,Perú,1,Male,18,65-69 years,9103,ACS renovascular,3,Rate,2019,454.468918666059,609.799079783052,338.705001173466
5,Prevalence,123,Perú,2,Female,18,65-69 years,9103,ACS renovascular,3,Rate,2019,464.078265167008,622.692746242784,345.866621218756
5,Prevalence,123,Perú,1,Male,19,70-74 years,9103,ACS renovascular,3,Rate,2019,499.487626139893,670.204456835334,372.256385528876
5,Prevalence,123,Perú,2,Female,19,70-74 years,9103,ACS renovascular,3,Rate,2019,457.922728370844,614.433346051261,341.279044352361
5,Prevalence,123,Perú,1,Male,20,75-79 years,9103,ACS renovascular,3,Rate,2019,642.430100595563,862.002368210279,478.78805136942
5,Prevalence,123,Perú,2,Female,20,75-79 years,9103,ACS renovascular,3,Rate,2019,544.817377807972,731.027187980784,406.039583810058
5,Prevalence,123,Perú,1,Male,30,80-84 years,9103,ACS renovascular,3,Rate,2019,681.954953012608,915.036178978283,508.244994703609
5,Prevalence,123,Perú,2,Female,30,80-84 years,9103,ACS renovascular,3,Rate,2019,598.835615580245,803.507989928075,446.298106530927
5,Prevalence,123,Perú,1,Male,31,85-89 years,9103,ACS renovascular,3,Rate,2019,687.980613499997,923.121313229224,512.735777810279
5,Prevalence,123,Perú,2,Female,31,85-89 years,9103,ACS renovascular,3,Rate,2019,632.55325608613,848.749777228501,471.427071346899
5,Prevalence,123,Perú,1,Male,32,90-94 years,9103,ACS renovascular,3,Rate,2019,793.705213496996,1064.98087972683,591.529836755287
5,Prevalence,123,Perú,2,Female,32,90-94 years,9103,ACS renovascular,3,Rate,2019,688.451655699175,923.753350070028,513.086834487804
5,Prevalence,123,Perú,1,Male,235,95+ years,9103,ACS renovascular,3,Rate,2019,858.006124159775,1151.25880664527,639.451793850652
5,Prevalence,123,Perú,2,Female,235,95+ years,9103,ACS renovascular,3,Rate,2019,713.066742708093,956.781477605957,531.431880170382
5,Prevalence,123,Perú,1,Male,13,40-44 years,9103,ACS renovascular,3,Rate,2023,137.303812541757,184.232045580637,102.329303672908
5,Prevalence,123,Perú,2,Female,13,40-44 years,9103,ACS renovascular,3,Rate,2023,130.521226185831,175.131280383024,97.2744015106523
5,Prevalence,123,Perú,1,Male,14,45-49 years,9103,ACS renovascular,3,Rate,2023,198.939804193657,266.934227065708,148.265159277863
5,Prevalence,123,Perú,2,Female,14,45-49 years,9103,ACS renovascular,3,Rate,2023,170.889772645742,229.297146237364,127.36013018096
5,Prevalence,123,Perú,1,Male,15,50-54 years,9103,ACS renovascular,3,Rate,2023,285.548958205156,383.144995828551,212.812925706425
5,Prevalence,123,Perú,2,Female,15,50-54 years,9103,ACS renovascular,3,Rate,2023,236.162826119951,316.879478732252,176.006602460008
5,Prevalence,123,Perú,1,Male,16,55-59 years,9103,ACS renovascular,3,Rate,2023,330.313255644568,443.209009591714,246.174704243993
5,Prevalence,123,Perú,2,Female,16,55-59 years,9103,ACS renovascular,3,Rate,2023,320.406507596811,429.91629452355,238.791437817349
5,Prevalence,123,Perú,1,Male,17,60-64 years,9103,ACS renovascular,3,Rate,2023,447.349400946015,600.246225504426,333.398991986303
5,Prevalence,123,Perú,2,Female,17,60-64 years,9103,ACS renovascular,3,Rate,2023,365.918934695638,490.984136621572,272.710779802631
5,Prevalence,123,Perú,1,Male,18,65-69 years,9103,ACS renovascular,3,Rate,2023,492.819350535775,661.257071964513,367.286676482662
5,Prevalence,123,Perú,2,Female,18,65-69 years,9103,ACS renovascular,3,Rate,2023,446.551744153344,599.175942459368,332.804517130485
5,Prevalence,123,Perú,1,Male,19,70-74 years,9103,ACS renovascular,3,Rate,2023,542.269506116367,727.60849475638,404.140714935091
5,Prevalence,123,Perú,2,Female,19,70-74 years,9103,ACS renovascular,3,Rate,2023,457.319550662567,613.624011911244,340.829510186219
5,Prevalence,123,Perú,1,Male,20,75-79 years,9103,ACS renovascular,3,Rate,2023,587.173403741717,787.859821801984,437.606534209441
5,Prevalence,123,Perú,2,Female,20,75-79 years,9103,ACS renovascular,3,Rate,2023,568.400895542871,762.671172469315,423.615825163414
5,Prevalence,123,Perú,1,Male,30,80-84 years,9103,ACS renovascular,3,Rate,2023,717.367462425071,962.552114096381,534.637105471732
5,Prevalence,123,Perú,2,Female,30,80-84 years,9103,ACS renovascular,3,Rate,2023,639.106464186762,857.542766375308,476.311023287835
5,Prevalence,123,Perú,1,Male,31,85-89 years,9103,ACS renovascular,3,Rate,2023,783.813738366434,1051.70865761312,584.157952874784
5,Prevalence,123,Perú,2,Female,31,85-89 years,9103,ACS renovascular,3,Rate,2023,696.97161300504,935.185291642969,519.436558375966
5,Prevalence,123,Perú,1,Male,32,90-94 years,9103,ACS renovascular,3,Rate,2023,816.267371665524,1095.25442038934,608.344882834516
5,Prevalence,123,Perú,2,Female,32,90-94 years,9103,ACS renovascular,3,Rate,2023,692.732029969661,929.496687367837,516.276896806176
5,Prevalence,123,Perú,1,Male,235,95+ years,9103,ACS renovascular,3,Rate,2023,876.165569544073,1175.62485816144,652.985601593217
5,Prevalence,123,Perú,2,Female,235,95+ years,9103,ACS renovascular,3,Rate,2023,794.777295340356,1066.41938188766,592.328834150047
