location_id,location_level,year,sex_id,age_group_id,val,acquisition_id
123,0,2019,1,11,1174097,sintetico_poblacion_v1
123,0,2019,1,12,1009028,sintetico_poblacion_v1
123,0,2019,1,13,867349,sintetico_poblacion_v1
123,0,2019,1,14,745726,sintetico_poblacion_v1
123,0,2019,1,15,641295,sintetico_poblacion_v1
123,0,2019,1,16,551602,sintetico_poblacion_v1
123,0,2019,1,17,463657,sintetico_poblacion_v1
123,0,2019,1,18,389599,sintetico_poblacion_v1
123,0,2019,1,19,327240,sintetico_poblacion_v1
123,0,2019,1,20,274760,sintetico_poblacion_v1
123,0,2019,1,21,395356,sintetico_poblacion_v1
123,0,2019,1,30,187690,sintetico_poblacion_v1
123,0,2019,1,31,118995,sintetico_poblacion_v1
123,0,2019,1,32,63803,sintetico_poblacion_v1
123,0,2019,1,235,24868,sintetico_poblacion_v1
123,0,2019,2,11,1222019,sintetico_poblacion_v1
123,0,2019,2,12,1050209,sintetico_poblacion_v1
123,0,2019,2,13,902753,sintetico_poblacion_v1
123,0,2019,2,14,776163,sintetico_poblacion_v1
123,0,2019,2,15,667467,sintetico_poblacion_v1
123,0,2019,2,16,574116,sintetico_poblacion_v1
123,0,2019,2,17,504818,sintetico_poblacion_v1
123,0,2019,2,18,443770,sintetico_poblacion_v1
123,0,2019,2,19,390004,sintetico_poblacion_v1
123,0,2019,2,20,342672,sintetico_poblacion_v1
123,0,2019,2,21,536313,sintetico_poblacion_v1
123,0,2019,2,30,245019,sintetico_poblacion_v1
123,0,2019,2,31,162649,sintetico_poblacion_v1
123,0,2019,2,32,91343,sintetico_poblacion_v1
123,0,2019,2,235,37302,sintetico_poblacion_v1
123,0,2023,1,11,1235891,sintetico_poblacion_v1
123,0,2023,1,12,1062136,sintetico_poblacion_v1
123,0,2023,1,13,913000,sintetico_poblacion_v1
123,0,2023,1,14,784975,sintetico_poblacion_v1
123,0,2023,1,15,675047,sintetico_poblacion_v1
123,0,2023,1,16,580635,sintetico_poblacion_v1
123,0,2023,1,17,488059,sintetico_poblacion_v1
123,0,2023,1,18,410103,sintetico_poblacion_v1
123,0,2023,1,19,344464,sintetico_poblacion_v1
123,0,2023,1,20,289219,sintetico_poblacion_v1
123,0,2023,1,21,416163,sintetico_poblacion_v1
123,0,2023,1,30,197568,sintetico_poblacion_v1
123,0,2023,1,31,125257,sintetico_poblacion_v1
123,0,2023,1,32,67161,sintetico_poblacion_v1
123,0,2023,1,235,26177,sintetico_poblacion_v1
123,0,2023,2,11,1286335,sintetico_poblacion_v1
123,0,2023,2,12,1105485,sintetico_poblacion_v1
123,0,2023,2,13,950268,sintetico_poblacion_v1
123,0,2023,2,14,817014,sintetico_poblacion_v1
123,0,2023,2,15,702598,sintetico_poblacion_v1
123,0,2023,2,16,604334,sintetico_poblacion_v1
123,0,2023,2,17,531385,sintetico_poblacion_v1
123,0,2023,2,18,467125,sintetico_poblacion_v1
123,0,2023,2,19,410528,sintetico_poblacion_v1
123,0,2023,2,20,360708,sintetico_poblacion_v1
123,0,2023,2,21,564540,sintetico_poblacion_v1
123,0,2023,2,30,257916,sintetico_poblacion_v1
123,0,2023,2,31,171210,sintetico_poblacion_v1
123,0,2023,2,32,96151,sintetico_poblacion_v1
123,0,2023,2,235,39263,sintetico_poblacion_v1
123,0,2024,1,11,1248251,sintetico_poblacion_v1
123,0,2024,1,12,1072759,sintetico_poblacion_v1
123,0,2024,1,13,922132,sintetico_poblacion_v1
123,0,2024,1,14,792826,sintetico_poblacion_v1
123,0,2024,1,15,681796,sintetico_poblacion_v1
123,0,2024,1,16,586441,sintetico_poblacion_v1
123,0,2024,1,17,492940,sintetico_poblacion_v1
123,0,2024,1,18,414204,sintetico_poblacion_v1
123,0,2024,1,19,347907,sintetico_poblacion_v1
123,0,2024,1,20,292110,sintetico_poblacion_v1
123,0,2024,1,21,420320,sintetico_poblacion_v1
123,0,2024,1,30,199542,sintetico_poblacion_v1
123,0,2024,1,31,126507,sintetico_poblacion_v1
123,0,2024,1,32,67831,sintetico_poblacion_v1
123,0,2024,1,235,26440,sintetico_poblacion_v1
123,0,2024,2,11,1299197,sintetico_poblacion_v1
123,0,2024,2,12,1116540,sintetico_poblacion_v1
123,0,2024,2,13,959771,sintetico_poblacion_v1
123,0,2024,2,14,825186,sintetico_poblacion_v1
123,0,2024,2,15,709623,sintetico_poblacion_v1
123,0,2024,2,16,610377,sintetico_poblacion_v1
123,0,2024,2,17,536699,sintetico_poblacion_v1
123,0,2024,2,18,471795,sintetico_poblacion_v1
123,0,2024,2,19,414631,sintetico_poblacion_v1
123,0,2024,2,20,364316,sintetico_poblacion_v1
123,0,2024,2,21,570186,sintetico_poblacion_v1
123,0,2024,2,30,260498,sintetico_poblacion_v1
123,0,2024,2,31,172923,sintetico_poblacion_v1
123,0,2024,2,32,97111,sintetico_poblacion_v1
123,0,2024,2,235,39654,sintetico_poblacion_v1
01,1,2019,1,11,16573,sintetico_poblacion_v1
01,1,2019,1,12,13924,sintetico_poblacion_v1
01,1,2019,1,13,11698,sintetico_poblacion_v1
01,1,2019,1,14,9829,sintetico_poblacion_v1
01,1,2019,1,15,8257,sintetico_poblacion_v1
01,1,2019,1,16,6938,sintetico_poblacion_v1
01,1,2019,1,17,5694,sintetico_poblacion_v1
01,1,2019,1,18,4672,sintetico_poblacion_v1
01,1,2019,1,19,3830,sintetico_poblacion_v1
01,1,2019,1,20,3139,sintetico_poblacion_v1
01,1,2019,1,21,4321,sintetico_poblacion_v1
01,1,2019,1,30,2093,sintetico_poblacion_v1
01,1,2019,1,31,1294,sintetico_poblacion_v1
01,1,2019,1,32,677,sintetico_poblacion_v1
01,1,2019,1,235,257,sintetico_poblacion_v1
01,1,2019,2,11,17249,sintetico_poblacion_v1
01,1,2019,2,12,14492,sintetico_poblacion_v1
01,1,2019,2,13,12176,sintetico_poblacion_v1
01,1,2019,2,14,10230,sintetico_poblacion_v1
01,1,2019,2,15,8595,sintetico_poblacion_v1
01,1,2019,2,16,7221,sintetico_poblacion_v1
01,1,2019,2,17,6201,sintetico_poblacion_v1
01,1,2019,2,18,5322,sintetico_poblacion_v1
01,1,2019,2,19,4566,sintetico_poblacion_v1
01,1,2019,2,20,3915,sintetico_poblacion_v1
01,1,2019,2,21,5855,sintetico_poblacion_v1
01,1,2019,2,30,2731,sintetico_poblacion_v1
01,1,2019,2,31,1769,sintetico_poblacion_v1
01,1,2019,2,32,969,sintetico_poblacion_v1
01,1,2019,2,235,386,sintetico_poblacion_v1
01,1,2023,1,11,17445,sintetico_poblacion_v1
01,1,2023,1,12,14657,sintetico_poblacion_v1
01,1,2023,1,13,12314,sintetico_poblacion_v1
01,1,2023,1,14,10346,sintetico_poblacion_v1
01,1,2023,1,15,8692,sintetico_poblacion_v1
01,1,2023,1,16,7303,sintetico_poblacion_v1
01,1,2023,1,17,5994,sintetico_poblacion_v1
01,1,2023,1,18,4918,sintetico_poblacion_v1
01,1,2023,1,19,4032,sintetico_poblacion_v1
01,1,2023,1,20,3304,sintetico_poblacion_v1
01,1,2023,1,21,4549,sintetico_poblacion_v1
01,1,2023,1,30,2203,sintetico_poblacion_v1
01,1,2023,1,31,1362,sintetico_poblacion_v1
01,1,2023,1,32,713,sintetico_poblacion_v1
01,1,2023,1,235,271,sintetico_poblacion_v1
01,1,2023,2,11,18157,sintetico_poblacion_v1
01,1,2023,2,12,15255,sintetico_poblacion_v1
01,1,2023,2,13,12817,sintetico_poblacion_v1
01,1,2023,2,14,10768,sintetico_poblacion_v1
01,1,2023,2,15,9047,sintetico_poblacion_v1
01,1,2023,2,16,7601,sintetico_poblacion_v1
01,1,2023,2,17,6527,sintetico_poblacion_v1
01,1,2023,2,18,5602,sintetico_poblacion_v1
01,1,2023,2,19,4806,sintetico_poblacion_v1
01,1,2023,2,20,4121,sintetico_poblacion_v1
01,1,2023,2,21,6163,sintetico_poblacion_v1
01,1,2023,2,30,2875,sintetico_poblacion_v1
01,1,2023,2,31,1862,sintetico_poblacion_v1
01,1,2023,2,32,1020,sintetico_poblacion_v1
01,1,2023,2,235,406,sintetico_poblacion_v1
01,1,2024,1,11,17619,sintetico_poblacion_v1
01,1,2024,1,12,14804,sintetico_poblacion_v1
01,1,2024,1,13,12437,sintetico_poblacion_v1
01,1,2024,1,14,10449,sintetico_poblacion_v1
01,1,2024,1,15,8779,sintetico_poblacion_v1
01,1,2024,1,16,7376,sintetico_poblacion_v1
01,1,2024,1,17,6054,sintetico_poblacion_v1
01,1,2024,1,18,4967,sintetico_poblacion_v1
01,1,2024,1,19,4072,sintetico_poblacion_v1
01,1,2024,1,20,3337,sintetico_poblacion_v1
01,1,2024,1,21,4595,sintetico_poblacion_v1
01,1,2024,1,30,2225,sintetico_poblacion_v1
01,1,2024,1,31,1376,sintetico_poblacion_v1
01,1,2024,1,32,720,sintetico_poblacion_v1
01,1,2024,1,235,274,sintetico_poblacion_v1
01,1,2024,2,11,18339,sintetico_poblacion_v1
01,1,2024,2,12,15408,sintetico_poblacion_v1
01,1,2024,2,13,12945,sintetico_poblacion_v1
01,1,2024,2,14,10876,sintetico_poblacion_v1
01,1,2024,2,15,9137,sintetico_poblacion_v1
01,1,2024,2,16,7677,sintetico_poblacion_v1
01,1,2024,2,17,6592,sintetico_poblacion_v1
01,1,2024,2,18,5658,sintetico_poblacion_v1
01,1,2024,2,19,4854,sintetico_poblacion_v1
01,1,2024,2,20,4162,sintetico_poblacion_v1
01,1,2024,2,21,6225,sintetico_poblacion_v1
01,1,2024,2,30,2904,sintetico_poblacion_v1
01,1,2024,2,31,1881,sintetico_poblacion_v1
01,1,2024,2,32,1030,sintetico_poblacion_v1
01,1,2024,2,235,410,sintetico_poblacion_v1
02,1,2019,1,11,43401,sintetico_poblacion_v1
02,1,2019,1,12,37028,sintetico_poblacion_v1
02,1,2019,1,13,31592,sintetico_poblacion_v1
02,1,2019,1,14,26953,sintetico_poblacion_v1
02,1,2019,1,15,22997,sintetico_poblacion_v1
02,1,2019,1,16,19620,sintetico_poblacion_v1
02,1,2019,1,17,16355,sintetico_poblacion_v1
02,1,2019,1,18,13626,sintetico_poblacion_v1
02,1,2019,1,19,11346,sintetico_poblacion_v1
02,1,2019,1,20,9441,sintetico_poblacion_v1
02,1,2019,1,21,13360,sintetico_poblacion_v1
02,1,2019,1,30,6391,sintetico_poblacion_v1
02,1,2019,1,31,4014,sintetico_poblacion_v1
02,1,2019,1,32,2132,sintetico_poblacion_v1
02,1,2019,1,235,823,sintetico_poblacion_v1
02,1,2019,2,11,45172,sintetico_poblacion_v1
02,1,2019,2,12,38540,sintetico_poblacion_v1
02,1,2019,2,13,32881,sintetico_poblacion_v1
02,1,2019,2,14,28054,sintetico_poblacion_v1
02,1,2019,2,15,23935,sintetico_poblacion_v1
02,1,2019,2,16,20421,sintetico_poblacion_v1
02,1,2019,2,17,17807,sintetico_poblacion_v1
02,1,2019,2,18,15521,sintetico_poblacion_v1
02,1,2019,2,19,13521,sintetico_poblacion_v1
02,1,2019,2,20,11775,sintetico_poblacion_v1
02,1,2019,2,21,18116,sintetico_poblacion_v1
02,1,2019,2,30,8343,sintetico_poblacion_v1
02,1,2019,2,31,5487,sintetico_poblacion_v1
02,1,2019,2,32,3052,sintetico_poblacion_v1
02,1,2019,2,235,1234,sintetico_poblacion_v1
02,1,2023,1,11,45685,sintetico_poblacion_v1
02,1,2023,1,12,38977,sintetico_poblacion_v1
02,1,2023,1,13,33255,sintetico_poblacion_v1
02,1,2023,1,14,28372,sintetico_poblacion_v1
02,1,2023,1,15,24207,sintetico_poblacion_v1
02,1,2023,1,16,20653,sintetico_poblacion_v1
02,1,2023,1,17,17216,sintetico_poblacion_v1
02,1,2023,1,18,14343,sintetico_poblacion_v1
02,1,2023,1,19,11943,sintetico_poblacion_v1
02,1,2023,1,20,9938,sintetico_poblacion_v1
02,1,2023,1,21,14062,sintetico_poblacion_v1
02,1,2023,1,30,6727,sintetico_poblacion_v1
02,1,2023,1,31,4225,sintetico_poblacion_v1
02,1,2023,1,32,2244,sintetico_poblacion_v1
02,1,2023,1,235,866,sintetico_poblacion_v1
02,1,2023,2,11,47549,sintetico_poblacion_v1
02,1,2023,2,12,40568,sintetico_poblacion_v1
02,1,2023,2,13,34612,sintetico_poblacion_v1
02,1,2023,2,14,29531,sintetico_poblacion_v1
02,1,2023,2,15,25195,sintetico_poblacion_v1
02,1,2023,2,16,21496,sintetico_poblacion_v1
02,1,2023,2,17,18744,sintetico_poblacion_v1
02,1,2023,2,18,16338,sintetico_poblacion_v1
02,1,2023,2,19,14233,sintetico_poblacion_v1
02,1,2023,2,20,12395,sintetico_poblacion_v1
02,1,2023,2,21,19070,sintetico_poblacion_v1
02,1,2023,2,30,8782,sintetico_poblacion_v1
02,1,2023,2,31,5776,sintetico_poblacion_v1
02,1,2023,2,32,3213,sintetico_poblacion_v1
02,1,2023,2,235,1299,sintetico_poblacion_v1
02,1,2024,1,11,46142,sintetico_poblacion_v1
02,1,2024,1,12,39367,sintetico_poblacion_v1
02,1,2024,1,13,33588,sintetico_poblacion_v1
02,1,2024,1,14,28656,sintetico_poblacion_v1
02,1,2024,1,15,24449,sintetico_poblacion_v1
02,1,2024,1,16,20860,sintetico_poblacion_v1
02,1,2024,1,17,17388,sintetico_poblacion_v1
02,1,2024,1,18,14486,sintetico_poblacion_v1
02,1,2024,1,19,12062,sintetico_poblacion_v1
02,1,2024,1,20,10037,sintetico_poblacion_v1
02,1,2024,1,21,14202,sintetico_poblacion_v1
02,1,2024,1,30,6794,sintetico_poblacion_v1
02,1,2024,1,31,4267,sintetico_poblacion_v1
02,1,2024,1,32,2266,sintetico_poblacion_v1
02,1,2024,1,235,875,sintetico_poblacion_v1
02,1,2024,2,11,48024,sintetico_poblacion_v1
02,1,2024,2,12,40974,sintetico_poblacion_v1
02,1,2024,2,13,34958,sintetico_poblacion_v1
02,1,2024,2,14,29826,sintetico_poblacion_v1
02,1,2024,2,15,25447,sintetico_poblacion_v1
02,1,2024,2,16,21711,sintetico_poblacion_v1
02,1,2024,2,17,18931,sintetico_poblacion_v1
02,1,2024,2,18,16501,sintetico_poblacion_v1
02,1,2024,2,19,14375,sintetico_poblacion_v1
02,1,2024,2,20,12519,sintetico_poblacion_v1
02,1,2024,2,21,19261,sintetico_poblacion_v1
02,1,2024,2,30,8870,sintetico_poblacion_v1
02,1,2024,2,31,5834,sintetico_poblacion_v1
02,1,2024,2,32,3245,sintetico_poblacion_v1
02,1,2024,2,235,1312,sintetico_poblacion_v1
03,1,2019,1,11,15672,sintetico_poblacion_v1
03,1,2019,1,12,13371,sintetico_poblacion_v1
03,1,2019,1,13,11409,sintetico_poblacion_v1
03,1,2019,1,14,9734,sintetico_poblacion_v1
03,1,2019,1,15,8304,sintetico_poblacion_v1
03,1,2019,1,16,7085,sintetico_poblacion_v1
03,1,2019,1,17,5906,sintetico_poblacion_v1
03,1,2019,1,18,4921,sintetico_poblacion_v1
03,1,2019,1,19,4097,sintetico_poblacion_v1
03,1,2019,1,20,3410,sintetico_poblacion_v1
03,1,2019,1,21,4825,sintetico_poblacion_v1
03,1,2019,1,30,2308,sintetico_poblacion_v1
03,1,2019,1,31,1450,sintetico_poblacion_v1
03,1,2019,1,32,770,sintetico_poblacion_v1
03,1,2019,1,235,297,sintetico_poblacion_v1
03,1,2019,2,11,16312,sintetico_poblacion_v1
03,1,2019,2,12,13918,sintetico_poblacion_v1
03,1,2019,2,13,11874,sintetico_poblacion_v1
03,1,2019,2,14,10131,sintetico_poblacion_v1
03,1,2019,2,15,8643,sintetico_poblacion_v1
03,1,2019,2,16,7374,sintetico_poblacion_v1
03,1,2019,2,17,6431,sintetico_poblacion_v1
03,1,2019,2,18,5605,sintetico_poblacion_v1
03,1,2019,2,19,4883,sintetico_poblacion_v1
03,1,2019,2,20,4252,sintetico_poblacion_v1
03,1,2019,2,21,6542,sintetico_poblacion_v1
03,1,2019,2,30,3012,sintetico_poblacion_v1
03,1,2019,2,31,1982,sintetico_poblacion_v1
03,1,2019,2,32,1102,sintetico_poblacion_v1
03,1,2019,2,235,446,sintetico_poblacion_v1
03,1,2023,1,11,16497,sintetico_poblacion_v1
03,1,2023,1,12,14075,sintetico_poblacion_v1
03,1,2023,1,13,12009,sintetico_poblacion_v1
03,1,2023,1,14,10246,sintetico_poblacion_v1
03,1,2023,1,15,8741,sintetico_poblacion_v1
03,1,2023,1,16,7458,sintetico_poblacion_v1
03,1,2023,1,17,6217,sintetico_poblacion_v1
03,1,2023,1,18,5180,sintetico_poblacion_v1
03,1,2023,1,19,4313,sintetico_poblacion_v1
03,1,2023,1,20,3589,sintetico_poblacion_v1
03,1,2023,1,21,5078,sintetico_poblacion_v1
03,1,2023,1,30,2429,sintetico_poblacion_v1
03,1,2023,1,31,1526,sintetico_poblacion_v1
03,1,2023,1,32,810,sintetico_poblacion_v1
03,1,2023,1,235,313,sintetico_poblacion_v1
03,1,2023,2,11,17171,sintetico_poblacion_v1
03,1,2023,2,12,14650,sintetico_poblacion_v1
03,1,2023,2,13,12499,sintetico_poblacion_v1
03,1,2023,2,14,10664,sintetico_poblacion_v1
03,1,2023,2,15,9098,sintetico_poblacion_v1
03,1,2023,2,16,7762,sintetico_poblacion_v1
03,1,2023,2,17,6769,sintetico_poblacion_v1
03,1,2023,2,18,5900,sintetico_poblacion_v1
03,1,2023,2,19,5140,sintetico_poblacion_v1
03,1,2023,2,20,4476,sintetico_poblacion_v1
03,1,2023,2,21,6886,sintetico_poblacion_v1
03,1,2023,2,30,3171,sintetico_poblacion_v1
03,1,2023,2,31,2086,sintetico_poblacion_v1
03,1,2023,2,32,1160,sintetico_poblacion_v1
03,1,2023,2,235,469,sintetico_poblacion_v1
03,1,2024,1,11,16662,sintetico_poblacion_v1
03,1,2024,1,12,14216,sintetico_poblacion_v1
03,1,2024,1,13,12129,sintetico_poblacion_v1
03,1,2024,1,14,10348,sintetico_poblacion_v1
03,1,2024,1,15,8828,sintetico_poblacion_v1
03,1,2024,1,16,7533,sintetico_poblacion_v1
03,1,2024,1,17,6279,sintetico_poblacion_v1
03,1,2024,1,18,5232,sintetico_poblacion_v1
03,1,2024,1,19,4356,sintetico_poblacion_v1
03,1,2024,1,20,3625,sintetico_poblacion_v1
03,1,2024,1,21,5128,sintetico_poblacion_v1
03,1,2024,1,30,2453,sintetico_poblacion_v1
03,1,2024,1,31,1541,sintetico_poblacion_v1
03,1,2024,1,32,818,sintetico_poblacion_v1
03,1,2024,1,235,316,sintetico_poblacion_v1
03,1,2024,2,11,17343,sintetico_poblacion_v1
03,1,2024,2,12,14796,sintetico_poblacion_v1
03,1,2024,2,13,12624,sintetico_poblacion_v1
03,1,2024,2,14,10771,sintetico_poblacion_v1
03,1,2024,2,15,9189,sintetico_poblacion_v1
03,1,2024,2,16,7840,sintetico_poblacion_v1
03,1,2024,2,17,6837,sintetico_poblacion_v1
03,1,2024,2,18,5959,sintetico_poblacion_v1
03,1,2024,2,19,5191,sintetico_poblacion_v1
03,1,2024,2,20,4521,sintetico_poblacion_v1
03,1,2024,2,21,6956,sintetico_poblacion_v1
03,1,2024,2,30,3203,sintetico_poblacion_v1
03,1,2024,2,31,2107,sintetico_poblacion_v1
03,1,2024,2,32,1172,sintetico_poblacion_v1
03,1,2024,2,235,474,sintetico_poblacion_v1
04,1,2019,1,11,50570,sintetico_poblacion_v1
04,1,2019,1,12,43950,sintetico_poblacion_v1
04,1,2019,1,13,38196,sintetico_poblacion_v1
04,1,2019,1,14,33195,sintetico_poblacion_v1
04,1,2019,1,15,28850,sintetico_poblacion_v1
04,1,2019,1,16,25072,sintetico_poblacion_v1
04,1,2019,1,17,21290,sintetico_poblacion_v1
04,1,2019,1,18,18068,sintetico_poblacion_v1
04,1,2019,1,19,15324,sintetico_poblacion_v1
04,1,2019,1,20,12989,sintetico_poblacion_v1
04,1,2019,1,21,19006,sintetico_poblacion_v1
04,1,2019,1,30,8957,sintetico_poblacion_v1
04,1,2019,1,31,5730,sintetico_poblacion_v1
04,1,2019,1,32,3100,sintetico_poblacion_v1
04,1,2019,1,235,1219,sintetico_poblacion_v1
04,1,2019,2,11,52635,sintetico_poblacion_v1
04,1,2019,2,12,45743,sintetico_poblacion_v1
04,1,2019,2,13,39755,sintetico_poblacion_v1
04,1,2019,2,14,34551,sintetico_poblacion_v1
04,1,2019,2,15,30027,sintetico_poblacion_v1
04,1,2019,2,16,26096,sintetico_poblacion_v1
04,1,2019,2,17,23180,sintetico_poblacion_v1
04,1,2019,2,18,20580,sintetico_poblacion_v1
04,1,2019,2,19,18263,sintetico_poblacion_v1
04,1,2019,2,20,16200,sintetico_poblacion_v1
04,1,2019,2,21,25793,sintetico_poblacion_v1
04,1,2019,2,30,11693,sintetico_poblacion_v1
04,1,2019,2,31,7833,sintetico_poblacion_v1
04,1,2019,2,32,4438,sintetico_poblacion_v1
04,1,2019,2,235,1829,sintetico_poblacion_v1
04,1,2023,1,11,53232,sintetico_poblacion_v1
04,1,2023,1,12,46263,sintetico_poblacion_v1
04,1,2023,1,13,40206,sintetico_poblacion_v1
04,1,2023,1,14,34942,sintetico_poblacion_v1
04,1,2023,1,15,30368,sintetico_poblacion_v1
04,1,2023,1,16,26392,sintetico_poblacion_v1
04,1,2023,1,17,22410,sintetico_poblacion_v1
04,1,2023,1,18,19019,sintetico_poblacion_v1
04,1,2023,1,19,16131,sintetico_poblacion_v1
04,1,2023,1,20,13673,sintetico_poblacion_v1
04,1,2023,1,21,20006,sintetico_poblacion_v1
04,1,2023,1,30,9428,sintetico_poblacion_v1
04,1,2023,1,31,6032,sintetico_poblacion_v1
04,1,2023,1,32,3263,sintetico_poblacion_v1
04,1,2023,1,235,1283,sintetico_poblacion_v1
04,1,2023,2,11,55405,sintetico_poblacion_v1
04,1,2023,2,12,48151,sintetico_poblacion_v1
04,1,2023,2,13,41847,sintetico_poblacion_v1
04,1,2023,2,14,36369,sintetico_poblacion_v1
04,1,2023,2,15,31607,sintetico_poblacion_v1
04,1,2023,2,16,27469,sintetico_poblacion_v1
04,1,2023,2,17,24400,sintetico_poblacion_v1
04,1,2023,2,18,21663,sintetico_poblacion_v1
04,1,2023,2,19,19224,sintetico_poblacion_v1
04,1,2023,2,20,17053,sintetico_poblacion_v1
04,1,2023,2,21,27150,sintetico_poblacion_v1
04,1,2023,2,30,12308,sintetico_poblacion_v1
04,1,2023,2,31,8245,sintetico_poblacion_v1
04,1,2023,2,32,4672,sintetico_poblacion_v1
04,1,2023,2,235,1925,sintetico_poblacion_v1
04,1,2024,1,11,53764,sintetico_poblacion_v1
04,1,2024,1,12,46726,sintetico_poblacion_v1
04,1,2024,1,13,40608,sintetico_poblacion_v1
04,1,2024,1,14,35291,sintetico_poblacion_v1
04,1,2024,1,15,30672,sintetico_poblacion_v1
04,1,2024,1,16,26656,sintetico_poblacion_v1
04,1,2024,1,17,22634,sintetico_poblacion_v1
04,1,2024,1,18,19209,sintetico_poblacion_v1
04,1,2024,1,19,16292,sintetico_poblacion_v1
04,1,2024,1,20,13810,sintetico_poblacion_v1
04,1,2024,1,21,20206,sintetico_poblacion_v1
04,1,2024,1,30,9522,sintetico_poblacion_v1
04,1,2024,1,31,6092,sintetico_poblacion_v1
04,1,2024,1,32,3296,sintetico_poblacion_v1
04,1,2024,1,235,1296,sintetico_poblacion_v1
04,1,2024,2,11,55959,sintetico_poblacion_v1
04,1,2024,2,12,48633,sintetico_poblacion_v1
04,1,2024,2,13,42265,sintetico_poblacion_v1
04,1,2024,2,14,36733,sintetico_poblacion_v1
04,1,2024,2,15,31923,sintetico_poblacion_v1
04,1,2024,2,16,27744,sintetico_poblacion_v1
04,1,2024,2,17,24644,sintetico_poblacion_v1
04,1,2024,2,18,21880,sintetico_poblacion_v1
04,1,2024,2,19,19416,sintetico_poblacion_v1
04,1,2024,2,20,17224,sintetico_poblacion_v1
04,1,2024,2,21,27421,sintetico_poblacion_v1
04,1,2024,2,30,12431,sintetico_poblacion_v1
04,1,2024,2,31,8327,sintetico_poblacion_v1
04,1,2024,2,32,4719,sintetico_poblacion_v1
04,1,2024,2,235,1944,sintetico_poblacion_v1
05,1,2019,1,11,24111,sintetico_poblacion_v1
05,1,2019,1,12,20571,sintetico_poblacion_v1
05,1,2019,1,13,17551,sintetico_poblacion_v1
05,1,2019,1,14,14974,sintetico_poblacion_v1
05,1,2019,1,15,12776,sintetico_poblacion_v1
05,1,2019,1,16,10900,sintetico_poblacion_v1
05,1,2019,1,17,9087,sintetico_poblacion_v1
05,1,2019,1,18,7571,sintetico_poblacion_v1
05,1,2019,1,19,6303,sintetico_poblacion_v1
05,1,2019,1,20,5245,sintetico_poblacion_v1
05,1,2019,1,21,7422,sintetico_poblacion_v1
05,1,2019,1,30,3550,sintetico_poblacion_v1
05,1,2019,1,31,2230,sintetico_poblacion_v1
05,1,2019,1,32,1185,sintetico_poblacion_v1
05,1,2019,1,235,457,sintetico_poblacion_v1
05,1,2019,2,11,25095,sintetico_poblacion_v1
05,1,2019,2,12,21411,sintetico_poblacion_v1
05,1,2019,2,13,18268,sintetico_poblacion_v1
05,1,2019,2,14,15586,sintetico_poblacion_v1
05,1,2019,2,15,13297,sintetico_poblacion_v1
05,1,2019,2,16,11345,sintetico_poblacion_v1
05,1,2019,2,17,9893,sintetico_poblacion_v1
05,1,2019,2,18,8622,sintetico_poblacion_v1
05,1,2019,2,19,7512,sintetico_poblacion_v1
05,1,2019,2,20,6542,sintetico_poblacion_v1
05,1,2019,2,21,10066,sintetico_poblacion_v1
05,1,2019,2,30,4635,sintetico_poblacion_v1
05,1,2019,2,31,3049,sintetico_poblacion_v1
05,1,2019,2,32,1696,sintetico_poblacion_v1
05,1,2019,2,235,686,sintetico_poblacion_v1
05,1,2023,1,11,25380,sintetico_poblacion_v1
05,1,2023,1,12,21654,sintetico_poblacion_v1
05,1,2023,1,13,18475,sintetico_poblacion_v1
05,1,2023,1,14,15762,sintetico_poblacion_v1
05,1,2023,1,15,13448,sintetico_poblacion_v1
05,1,2023,1,16,11474,sintetico_poblacion_v1
05,1,2023,1,17,9565,sintetico_poblacion_v1
05,1,2023,1,18,7969,sintetico_poblacion_v1
05,1,2023,1,19,6635,sintetico_poblacion_v1
05,1,2023,1,20,5521,sintetico_poblacion_v1
05,1,2023,1,21,7812,sintetico_poblacion_v1
05,1,2023,1,30,3737,sintetico_poblacion_v1
05,1,2023,1,31,2347,sintetico_poblacion_v1
05,1,2023,1,32,1247,sintetico_poblacion_v1
05,1,2023,1,235,481,sintetico_poblacion_v1
05,1,2023,2,11,26416,sintetico_poblacion_v1
05,1,2023,2,12,22538,sintetico_poblacion_v1
05,1,2023,2,13,19229,sintetico_poblacion_v1
05,1,2023,2,14,16406,sintetico_poblacion_v1
05,1,2023,2,15,13997,sintetico_poblacion_v1
05,1,2023,2,16,11942,sintetico_poblacion_v1
05,1,2023,2,17,10414,sintetico_poblacion_v1
05,1,2023,2,18,9076,sintetico_poblacion_v1
05,1,2023,2,19,7907,sintetico_poblacion_v1
05,1,2023,2,20,6886,sintetico_poblacion_v1
05,1,2023,2,21,10595,sintetico_poblacion_v1
05,1,2023,2,30,4879,sintetico_poblacion_v1
05,1,2023,2,31,3209,sintetico_poblacion_v1
05,1,2023,2,32,1785,sintetico_poblacion_v1
05,1,2023,2,235,722,sintetico_poblacion_v1
05,1,2024,1,11,25634,sintetico_poblacion_v1
05,1,2024,1,12,21871,sintetico_poblacion_v1
05,1,2024,1,13,18660,sintetico_poblacion_v1
05,1,2024,1,14,15920,sintetico_poblacion_v1
05,1,2024,1,15,13582,sintetico_poblacion_v1
05,1,2024,1,16,11589,sintetico_poblacion_v1
05,1,2024,1,17,9661,sintetico_poblacion_v1
05,1,2024,1,18,8049,sintetico_poblacion_v1
05,1,2024,1,19,6701,sintetico_poblacion_v1
05,1,2024,1,20,5576,sintetico_poblacion_v1
05,1,2024,1,21,7889,sintetico_poblacion_v1
05,1,2024,1,30,3774,sintetico_poblacion_v1
05,1,2024,1,31,2370,sintetico_poblacion_v1
05,1,2024,1,32,1259,sintetico_poblacion_v1
05,1,2024,1,235,486,sintetico_poblacion_v1
05,1,2024,2,11,26680,sintetico_poblacion_v1
05,1,2024,2,12,22763,sintetico_poblacion_v1
05,1,2024,2,13,19421,sintetico_poblacion_v1
05,1,2024,2,14,16570,sintetico_poblacion_v1
05,1,2024,2,15,14137,sintetico_poblacion_v1
05,1,2024,2,16,12061,sintetico_poblacion_v1
05,1,2024,2,17,10518,sintetico_poblacion_v1
05,1,2024,2,18,9167,sintetico_poblacion_v1
05,1,2024,2,19,7986,sintetico_poblacion_v1
05,1,2024,2,20,6955,sintetico_poblacion_v1
05,1,2024,2,21,10701,sintetico_poblacion_v1
05,1,2024,2,30,4928,sintetico_poblacion_v1
05,1,2024,2,31,3241,sintetico_poblacion_v1
05,1,2024,2,32,1803,sintetico_poblacion_v1
05,1,2024,2,235,729,sintetico_poblacion_v1
06,1,2019,1,11,54251,sintetico_poblacion_v1
06,1,2019,1,12,46286,sintetico_poblacion_v1
06,1,2019,1,13,39491,sintetico_poblacion_v1
06,1,2019,1,14,33693,sintetico_poblacion_v1
06,1,2019,1,15,28746,sintetico_poblacion_v1
06,1,2019,1,16,24525,sintetico_poblacion_v1
06,1,2019,1,17,20444,sintetico_poblacion_v1
06,1,2019,1,18,17033,sintetico_poblacion_v1
06,1,2019,1,19,14183,sintetico_poblacion_v1
06,1,2019,1,20,11802,sintetico_poblacion_v1
06,1,2019,1,21,16701,sintetico_poblacion_v1
06,1,2019,1,30,7989,sintetico_poblacion_v1
06,1,2019,1,31,5018,sintetico_poblacion_v1
06,1,2019,1,32,2665,sintetico_poblacion_v1
06,1,2019,1,235,1029,sintetico_poblacion_v1
06,1,2019,2,11,56465,sintetico_poblacion_v1
06,1,2019,2,12,48174,sintetico_poblacion_v1
06,1,2019,2,13,41102,sintetico_poblacion_v1
06,1,2019,2,14,35067,sintetico_poblacion_v1
06,1,2019,2,15,29919,sintetico_poblacion_v1
06,1,2019,2,16,25526,sintetico_poblacion_v1
06,1,2019,2,17,22259,sintetico_poblacion_v1
06,1,2019,2,18,19401,sintetico_poblacion_v1
06,1,2019,2,19,16902,sintetico_poblacion_v1
06,1,2019,2,20,14719,sintetico_poblacion_v1
06,1,2019,2,21,22646,sintetico_poblacion_v1
06,1,2019,2,30,10429,sintetico_poblacion_v1
06,1,2019,2,31,6859,sintetico_poblacion_v1
06,1,2019,2,32,3815,sintetico_poblacion_v1
06,1,2019,2,235,1543,sintetico_poblacion_v1
06,1,2023,1,11,57106,sintetico_poblacion_v1
06,1,2023,1,12,48722,sintetico_poblacion_v1
06,1,2023,1,13,41569,sintetico_poblacion_v1
06,1,2023,1,14,35466,sintetico_poblacion_v1
06,1,2023,1,15,30259,sintetico_poblacion_v1
06,1,2023,1,16,25816,sintetico_poblacion_v1
06,1,2023,1,17,21520,sintetico_poblacion_v1
06,1,2023,1,18,17929,sintetico_poblacion_v1
06,1,2023,1,19,14929,sintetico_poblacion_v1
06,1,2023,1,20,12423,sintetico_poblacion_v1
06,1,2023,1,21,17579,sintetico_poblacion_v1
06,1,2023,1,30,8409,sintetico_poblacion_v1
06,1,2023,1,31,5282,sintetico_poblacion_v1
06,1,2023,1,32,2805,sintetico_poblacion_v1
06,1,2023,1,235,1083,sintetico_poblacion_v1
06,1,2023,2,11,59437,sintetico_poblacion_v1
06,1,2023,2,12,50710,sintetico_poblacion_v1
06,1,2023,2,13,43265,sintetico_poblacion_v1
06,1,2023,2,14,36913,sintetico_poblacion_v1
06,1,2023,2,15,31494,sintetico_poblacion_v1
06,1,2023,2,16,26870,sintetico_poblacion_v1
06,1,2023,2,17,23431,sintetico_poblacion_v1
06,1,2023,2,18,20422,sintetico_poblacion_v1
06,1,2023,2,19,17792,sintetico_poblacion_v1
06,1,2023,2,20,15494,sintetico_poblacion_v1
06,1,2023,2,21,23838,sintetico_poblacion_v1
06,1,2023,2,30,10978,sintetico_poblacion_v1
06,1,2023,2,31,7220,sintetico_poblacion_v1
06,1,2023,2,32,4016,sintetico_poblacion_v1
06,1,2023,2,235,1624,sintetico_poblacion_v1
06,1,2024,1,11,57677,sintetico_poblacion_v1
06,1,2024,1,12,49209,sintetico_poblacion_v1
06,1,2024,1,13,41985,sintetico_poblacion_v1
06,1,2024,1,14,35821,sintetico_poblacion_v1
06,1,2024,1,15,30562,sintetico_poblacion_v1
06,1,2024,1,16,26074,sintetico_poblacion_v1
06,1,2024,1,17,21735,sintetico_poblacion_v1
06,1,2024,1,18,18108,sintetico_poblacion_v1
06,1,2024,1,19,15078,sintetico_poblacion_v1
06,1,2024,1,20,12547,sintetico_poblacion_v1
06,1,2024,1,21,17755,sintetico_poblacion_v1
06,1,2024,1,30,8493,sintetico_poblacion_v1
06,1,2024,1,31,5335,sintetico_poblacion_v1
06,1,2024,1,32,2833,sintetico_poblacion_v1
06,1,2024,1,235,1094,sintetico_poblacion_v1
06,1,2024,2,11,60031,sintetico_poblacion_v1
06,1,2024,2,12,51217,sintetico_poblacion_v1
06,1,2024,2,13,43698,sintetico_poblacion_v1
06,1,2024,2,14,37282,sintetico_poblacion_v1
06,1,2024,2,15,31809,sintetico_poblacion_v1
06,1,2024,2,16,27139,sintetico_poblacion_v1
06,1,2024,2,17,23665,sintetico_poblacion_v1
06,1,2024,2,18,20626,sintetico_poblacion_v1
06,1,2024,2,19,17970,sintetico_poblacion_v1
06,1,2024,2,20,15649,sintetico_poblacion_v1
06,1,2024,2,21,24076,sintetico_poblacion_v1
06,1,2024,2,30,11088,sintetico_poblacion_v1
06,1,2024,2,31,7292,sintetico_poblacion_v1
06,1,2024,2,32,4056,sintetico_poblacion_v1
06,1,2024,2,235,1640,sintetico_poblacion_v1
07,1,2019,1,11,38209,sintetico_poblacion_v1
07,1,2019,1,12,33206,sintetico_poblacion_v1
07,1,2019,1,13,28859,sintetico_poblacion_v1
07,1,2019,1,14,25081,sintetico_poblacion_v1
07,1,2019,1,15,21798,sintetico_poblacion_v1
07,1,2019,1,16,18944,sintetico_poblacion_v1
07,1,2019,1,17,16085,sintetico_poblacion_v1
07,1,2019,1,18,13652,sintetico_poblacion_v1
07,1,2019,1,19,11579,sintetico_poblacion_v1
07,1,2019,1,20,9814,sintetico_poblacion_v1
07,1,2019,1,21,14361,sintetico_poblacion_v1
07,1,2019,1,30,6767,sintetico_poblacion_v1
07,1,2019,1,31,4330,sintetico_poblacion_v1
07,1,2019,1,32,2343,sintetico_poblacion_v1
07,1,2019,1,235,921,sintetico_poblacion_v1
07,1,2019,2,11,39768,sintetico_poblacion_v1
07,1,2019,2,12,34562,sintetico_poblacion_v1
07,1,2019,2,13,30037,sintetico_poblacion_v1
07,1,2019,2,14,26105,sintetico_poblacion_v1
07,1,2019,2,15,22687,sintetico_poblacion_v1
07,1,2019,2,16,19717,sintetico_poblacion_v1
07,1,2019,2,17,17513,sintetico_poblacion_v1
07,1,2019,2,18,15549,sintetico_poblacion_v1
07,1,2019,2,19,13799,sintetico_poblacion_v1
07,1,2019,2,20,12241,sintetico_poblacion_v1
07,1,2019,2,21,19487,sintetico_poblacion_v1
07,1,2019,2,30,8834,sintetico_poblacion_v1
07,1,2019,2,31,5918,sintetico_poblacion_v1
07,1,2019,2,32,3354,sintetico_poblacion_v1
07,1,2019,2,235,1381,sintetico_poblacion_v1
07,1,2023,1,11,40220,sintetico_poblacion_v1
07,1,2023,1,12,34954,sintetico_poblacion_v1
07,1,2023,1,13,30378,sintetico_poblacion_v1
07,1,2023,1,14,26401,sintetico_poblacion_v1
07,1,2023,1,15,22945,sintetico_poblacion_v1
07,1,2023,1,16,19941,sintetico_poblacion_v1
07,1,2023,1,17,16932,sintetico_poblacion_v1
07,1,2023,1,18,14370,sintetico_poblacion_v1
07,1,2023,1,19,12188,sintetico_poblacion_v1
07,1,2023,1,20,10331,sintetico_poblacion_v1
07,1,2023,1,21,15116,sintetico_poblacion_v1
07,1,2023,1,30,7123,sintetico_poblacion_v1
07,1,2023,1,31,4558,sintetico_poblacion_v1
07,1,2023,1,32,2466,sintetico_poblacion_v1
07,1,2023,1,235,969,sintetico_poblacion_v1
07,1,2023,2,11,41861,sintetico_poblacion_v1
07,1,2023,2,12,36381,sintetico_poblacion_v1
07,1,2023,2,13,31618,sintetico_poblacion_v1
07,1,2023,2,14,27479,sintetico_poblacion_v1
07,1,2023,2,15,23881,sintetico_poblacion_v1
07,1,2023,2,16,20755,sintetico_poblacion_v1
07,1,2023,2,17,18435,sintetico_poblacion_v1
07,1,2023,2,18,16367,sintetico_poblacion_v1
07,1,2023,2,19,14525,sintetico_poblacion_v1
07,1,2023,2,20,12885,sintetico_poblacion_v1
07,1,2023,2,21,20513,sintetico_poblacion_v1
07,1,2023,2,30,9299,sintetico_poblacion_v1
07,1,2023,2,31,6230,sintetico_poblacion_v1
07,1,2023,2,32,3530,sintetico_poblacion_v1
07,1,2023,2,235,1454,sintetico_poblacion_v1
07,1,2024,1,11,40622,sintetico_poblacion_v1
07,1,2024,1,12,35304,sintetico_poblacion_v1
07,1,2024,1,13,30682,sintetico_poblacion_v1
07,1,2024,1,14,26665,sintetico_poblacion_v1
07,1,2024,1,15,23174,sintetico_poblacion_v1
07,1,2024,1,16,20140,sintetico_poblacion_v1
07,1,2024,1,17,17101,sintetico_poblacion_v1
07,1,2024,1,18,14514,sintetico_poblacion_v1
07,1,2024,1,19,12310,sintetico_poblacion_v1
07,1,2024,1,20,10434,sintetico_poblacion_v1
07,1,2024,1,21,15268,sintetico_poblacion_v1
07,1,2024,1,30,7194,sintetico_poblacion_v1
07,1,2024,1,31,4604,sintetico_poblacion_v1
07,1,2024,1,32,2491,sintetico_poblacion_v1
07,1,2024,1,235,979,sintetico_poblacion_v1
07,1,2024,2,11,42280,sintetico_poblacion_v1
07,1,2024,2,12,36745,sintetico_poblacion_v1
07,1,2024,2,13,31934,sintetico_poblacion_v1
07,1,2024,2,14,27754,sintetico_poblacion_v1
07,1,2024,2,15,24120,sintetico_poblacion_v1
07,1,2024,2,16,20963,sintetico_poblacion_v1
07,1,2024,2,17,18619,sintetico_poblacion_v1
07,1,2024,2,18,16531,sintetico_poblacion_v1
07,1,2024,2,19,14670,sintetico_poblacion_v1
07,1,2024,2,20,13014,sintetico_poblacion_v1
07,1,2024,2,21,20718,sintetico_poblacion_v1
07,1,2024,2,30,9392,sintetico_poblacion_v1
07,1,2024,2,31,6292,sintetico_poblacion_v1
07,1,2024,2,32,3565,sintetico_poblacion_v1
07,1,2024,2,235,1469,sintetico_poblacion_v1
08,1,2019,1,11,50634,sintetico_poblacion_v1
08,1,2019,1,12,43200,sintetico_poblacion_v1
08,1,2019,1,13,36857,sintetico_poblacion_v1
08,1,2019,1,14,31446,sintetico_poblacion_v1
08,1,2019,1,15,26829,sintetico_poblacion_v1
08,1,2019,1,16,22890,sintetico_poblacion_v1
08,1,2019,1,17,19081,sintetico_poblacion_v1
08,1,2019,1,18,15897,sintetico_poblacion_v1
08,1,2019,1,19,13236,sintetico_poblacion_v1
08,1,2019,1,20,11015,sintetico_poblacion_v1
08,1,2019,1,21,15587,sintetico_poblacion_v1
08,1,2019,1,30,7456,sintetico_poblacion_v1
08,1,2019,1,31,4684,sintetico_poblacion_v1
08,1,2019,1,32,2487,sintetico_poblacion_v1
08,1,2019,1,235,960,sintetico_poblacion_v1
08,1,2019,2,11,52700,sintetico_poblacion_v1
08,1,2019,2,12,44964,sintetico_poblacion_v1
08,1,2019,2,13,38362,sintetico_poblacion_v1
08,1,2019,2,14,32729,sintetico_poblacion_v1
08,1,2019,2,15,27924,sintetico_poblacion_v1
08,1,2019,2,16,23825,sintetico_poblacion_v1
08,1,2019,2,17,20776,sintetico_poblacion_v1
08,1,2019,2,18,18108,sintetico_poblacion_v1
08,1,2019,2,19,15776,sintetico_poblacion_v1
08,1,2019,2,20,13738,sintetico_poblacion_v1
08,1,2019,2,21,21136,sintetico_poblacion_v1
08,1,2019,2,30,9734,sintetico_poblacion_v1
08,1,2019,2,31,6401,sintetico_poblacion_v1
08,1,2019,2,32,3561,sintetico_poblacion_v1
08,1,2019,2,235,1440,sintetico_poblacion_v1
08,1,2023,1,11,53299,sintetico_poblacion_v1
08,1,2023,1,12,45474,sintetico_poblacion_v1
08,1,2023,1,13,38797,sintetico_poblacion_v1
08,1,2023,1,14,33101,sintetico_poblacion_v1
08,1,2023,1,15,28241,sintetico_poblacion_v1
08,1,2023,1,16,24095,sintetico_poblacion_v1
08,1,2023,1,17,20085,sintetico_poblacion_v1
08,1,2023,1,18,16734,sintetico_poblacion_v1
08,1,2023,1,19,13933,sintetico_poblacion_v1
08,1,2023,1,20,11595,sintetico_poblacion_v1
08,1,2023,1,21,16407,sintetico_poblacion_v1
08,1,2023,1,30,7848,sintetico_poblacion_v1
08,1,2023,1,31,4930,sintetico_poblacion_v1
08,1,2023,1,32,2618,sintetico_poblacion_v1
08,1,2023,1,235,1011,sintetico_poblacion_v1
08,1,2023,2,11,55474,sintetico_poblacion_v1
08,1,2023,2,12,47330,sintetico_poblacion_v1
08,1,2023,2,13,40381,sintetico_poblacion_v1
08,1,2023,2,14,34452,sintetico_poblacion_v1
08,1,2023,2,15,29394,sintetico_poblacion_v1
08,1,2023,2,16,25079,sintetico_poblacion_v1
08,1,2023,2,17,21869,sintetico_poblacion_v1
08,1,2023,2,18,19061,sintetico_poblacion_v1
08,1,2023,2,19,16606,sintetico_poblacion_v1
08,1,2023,2,20,14461,sintetico_poblacion_v1
08,1,2023,2,21,22248,sintetico_poblacion_v1
08,1,2023,2,30,10246,sintetico_poblacion_v1
08,1,2023,2,31,6738,sintetico_poblacion_v1
08,1,2023,2,32,3748,sintetico_poblacion_v1
08,1,2023,2,235,1516,sintetico_poblacion_v1
08,1,2024,1,11,53832,sintetico_poblacion_v1
08,1,2024,1,12,45929,sintetico_poblacion_v1
08,1,2024,1,13,39185,sintetico_poblacion_v1
08,1,2024,1,14,33432,sintetico_poblacion_v1
08,1,2024,1,15,28523,sintetico_poblacion_v1
08,1,2024,1,16,24336,sintetico_poblacion_v1
08,1,2024,1,17,20286,sintetico_poblacion_v1
08,1,2024,1,18,16901,sintetico_poblacion_v1
08,1,2024,1,19,14072,sintetico_poblacion_v1
08,1,2024,1,20,11711,sintetico_poblacion_v1
08,1,2024,1,21,16570,sintetico_poblacion_v1
08,1,2024,1,30,7926,sintetico_poblacion_v1
08,1,2024,1,31,4979,sintetico_poblacion_v1
08,1,2024,1,32,2644,sintetico_poblacion_v1
08,1,2024,1,235,1021,sintetico_poblacion_v1
08,1,2024,2,11,56029,sintetico_poblacion_v1
08,1,2024,2,12,47803,sintetico_poblacion_v1
08,1,2024,2,13,40785,sintetico_poblacion_v1
08,1,2024,2,14,34797,sintetico_poblacion_v1
08,1,2024,2,15,29688,sintetico_poblacion_v1
08,1,2024,2,16,25330,sintetico_poblacion_v1
08,1,2024,2,17,22088,sintetico_poblacion_v1
08,1,2024,2,18,19252,sintetico_poblacion_v1
08,1,2024,2,19,16772,sintetico_poblacion_v1
08,1,2024,2,20,14606,sintetico_poblacion_v1
08,1,2024,2,21,22469,sintetico_poblacion_v1
08,1,2024,2,30,10348,sintetico_poblacion_v1
08,1,2024,2,31,6805,sintetico_poblacion_v1
08,1,2024,2,32,3785,sintetico_poblacion_v1
08,1,2024,2,235,1531,sintetico_poblacion_v1
09,1,2019,1,11,13261,sintetico_poblacion_v1
09,1,2019,1,12,11314,sintetico_poblacion_v1
09,1,2019,1,13,9653,sintetico_poblacion_v1
09,1,2019,1,14,8236,sintetico_poblacion_v1
09,1,2019,1,15,7027,sintetico_poblacion_v1
09,1,2019,1,16,5995,sintetico_poblacion_v1
09,1,2019,1,17,4997,sintetico_poblacion_v1
09,1,2019,1,18,4164,sintetico_poblacion_v1
09,1,2019,1,19,3467,sintetico_poblacion_v1
09,1,2019,1,20,2885,sintetico_poblacion_v1
09,1,2019,1,21,4083,sintetico_poblacion_v1
09,1,2019,1,30,1953,sintetico_poblacion_v1
09,1,2019,1,31,1226,sintetico_poblacion_v1
09,1,2019,1,32,652,sintetico_poblacion_v1
09,1,2019,1,235,252,sintetico_poblacion_v1
09,1,2019,2,11,13803,sintetico_poblacion_v1
09,1,2019,2,12,11776,sintetico_poblacion_v1
09,1,2019,2,13,10047,sintetico_poblacion_v1
09,1,2019,2,14,8572,sintetico_poblacion_v1
09,1,2019,2,15,7313,sintetico_poblacion_v1
09,1,2019,2,16,6240,sintetico_poblacion_v1
09,1,2019,2,17,5441,sintetico_poblacion_v1
09,1,2019,2,18,4742,sintetico_poblacion_v1
09,1,2019,2,19,4132,sintetico_poblacion_v1
09,1,2019,2,20,3598,sintetico_poblacion_v1
09,1,2019,2,21,5536,sintetico_poblacion_v1
09,1,2019,2,30,2549,sintetico_poblacion_v1
09,1,2019,2,31,1677,sintetico_poblacion_v1
09,1,2019,2,32,933,sintetico_poblacion_v1
09,1,2019,2,235,377,sintetico_poblacion_v1
09,1,2023,1,11,13959,sintetico_poblacion_v1
09,1,2023,1,12,11910,sintetico_poblacion_v1
09,1,2023,1,13,10161,sintetico_poblacion_v1
09,1,2023,1,14,8669,sintetico_poblacion_v1
09,1,2023,1,15,7397,sintetico_poblacion_v1
09,1,2023,1,16,6311,sintetico_poblacion_v1
09,1,2023,1,17,5260,sintetico_poblacion_v1
09,1,2023,1,18,4383,sintetico_poblacion_v1
09,1,2023,1,19,3649,sintetico_poblacion_v1
09,1,2023,1,20,3037,sintetico_poblacion_v1
09,1,2023,1,21,4298,sintetico_poblacion_v1
09,1,2023,1,30,2056,sintetico_poblacion_v1
09,1,2023,1,31,1291,sintetico_poblacion_v1
09,1,2023,1,32,686,sintetico_poblacion_v1
09,1,2023,1,235,265,sintetico_poblacion_v1
09,1,2023,2,11,14529,sintetico_poblacion_v1
09,1,2023,2,12,12396,sintetico_poblacion_v1
09,1,2023,2,13,10576,sintetico_poblacion_v1
09,1,2023,2,14,9023,sintetico_poblacion_v1
09,1,2023,2,15,7698,sintetico_poblacion_v1
09,1,2023,2,16,6568,sintetico_poblacion_v1
09,1,2023,2,17,5727,sintetico_poblacion_v1
09,1,2023,2,18,4992,sintetico_poblacion_v1
09,1,2023,2,19,4349,sintetico_poblacion_v1
09,1,2023,2,20,3787,sintetico_poblacion_v1
09,1,2023,2,21,5827,sintetico_poblacion_v1
09,1,2023,2,30,2683,sintetico_poblacion_v1
09,1,2023,2,31,1765,sintetico_poblacion_v1
09,1,2023,2,32,982,sintetico_poblacion_v1
09,1,2023,2,235,397,sintetico_poblacion_v1
09,1,2024,1,11,14099,sintetico_poblacion_v1
09,1,2024,1,12,12029,sintetico_poblacion_v1
09,1,2024,1,13,10263,sintetico_poblacion_v1
09,1,2024,1,14,8756,sintetico_poblacion_v1
09,1,2024,1,15,7471,sintetico_poblacion_v1
09,1,2024,1,16,6374,sintetico_poblacion_v1
09,1,2024,1,17,5313,sintetico_poblacion_v1
09,1,2024,1,18,4427,sintetico_poblacion_v1
09,1,2024,1,19,3685,sintetico_poblacion_v1
09,1,2024,1,20,3067,sintetico_poblacion_v1
09,1,2024,1,21,4342,sintetico_poblacion_v1
09,1,2024,1,30,2077,sintetico_poblacion_v1
09,1,2024,1,31,1304,sintetico_poblacion_v1
09,1,2024,1,32,693,sintetico_poblacion_v1
09,1,2024,1,235,268,sintetico_poblacion_v1
09,1,2024,2,11,14674,sintetico_poblacion_v1
09,1,2024,2,12,12520,sintetico_poblacion_v1
09,1,2024,2,13,10682,sintetico_poblacion_v1
09,1,2024,2,14,9113,sintetico_poblacion_v1
09,1,2024,2,15,7775,sintetico_poblacion_v1
09,1,2024,2,16,6634,sintetico_poblacion_v1
09,1,2024,2,17,5784,sintetico_poblacion_v1
09,1,2024,2,18,5042,sintetico_poblacion_v1
09,1,2024,2,19,4392,sintetico_poblacion_v1
09,1,2024,2,20,3825,sintetico_poblacion_v1
09,1,2024,2,21,5886,sintetico_poblacion_v1
09,1,2024,2,30,2710,sintetico_poblacion_v1
09,1,2024,2,31,1783,sintetico_poblacion_v1
09,1,2024,2,32,992,sintetico_poblacion_v1
09,1,2024,2,235,401,sintetico_poblacion_v1
10,1,2019,1,11,30140,sintetico_poblacion_v1
10,1,2019,1,12,25715,sintetico_poblacion_v1
10,1,2019,1,13,21939,sintetico_poblacion_v1
10,1,2019,1,14,18718,sintetico_poblacion_v1
10,1,2019,1,15,15970,sintetico_poblacion_v1
10,1,2019,1,16,13625,sintetico_poblacion_v1
10,1,2019,1,17,11358,sintetico_poblacion_v1
10,1,2019,1,18,9463,sintetico_poblacion_v1
10,1,2019,1,19,7879,sintetico_poblacion_v1
10,1,2019,1,20,6557,sintetico_poblacion_v1
10,1,2019,1,21,9277,sintetico_poblacion_v1
10,1,2019,1,30,4438,sintetico_poblacion_v1
10,1,2019,1,31,2787,sintetico_poblacion_v1
10,1,2019,1,32,1480,sintetico_poblacion_v1
10,1,2019,1,235,572,sintetico_poblacion_v1
10,1,2019,2,11,31369,sintetico_poblacion_v1
10,1,2019,2,12,26763,sintetico_poblacion_v1
10,1,2019,2,13,22834,sintetico_poblacion_v1
10,1,2019,2,14,19482,sintetico_poblacion_v1
10,1,2019,2,15,16621,sintetico_poblacion_v1
10,1,2019,2,16,14182,sintetico_poblacion_v1
10,1,2019,2,17,12366,sintetico_poblacion_v1
10,1,2019,2,18,10779,sintetico_poblacion_v1
10,1,2019,2,19,9390,sintetico_poblacion_v1
10,1,2019,2,20,8178,sintetico_poblacion_v1
10,1,2019,2,21,12580,sintetico_poblacion_v1
10,1,2019,2,30,5794,sintetico_poblacion_v1
10,1,2019,2,31,3810,sintetico_poblacion_v1
10,1,2019,2,32,2119,sintetico_poblacion_v1
10,1,2019,2,235,857,sintetico_poblacion_v1
10,1,2023,1,11,31726,sintetico_poblacion_v1
10,1,2023,1,12,27068,sintetico_poblacion_v1
10,1,2023,1,13,23094,sintetico_poblacion_v1
10,1,2023,1,14,19703,sintetico_poblacion_v1
10,1,2023,1,15,16810,sintetico_poblacion_v1
10,1,2023,1,16,14342,sintetico_poblacion_v1
10,1,2023,1,17,11956,sintetico_poblacion_v1
10,1,2023,1,18,9961,sintetico_poblacion_v1
10,1,2023,1,19,8294,sintetico_poblacion_v1
10,1,2023,1,20,6902,sintetico_poblacion_v1
10,1,2023,1,21,9766,sintetico_poblacion_v1
10,1,2023,1,30,4672,sintetico_poblacion_v1
10,1,2023,1,31,2934,sintetico_poblacion_v1
10,1,2023,1,32,1558,sintetico_poblacion_v1
10,1,2023,1,235,602,sintetico_poblacion_v1
10,1,2023,2,11,33020,sintetico_poblacion_v1
10,1,2023,2,12,28172,sintetico_poblacion_v1
10,1,2023,2,13,24036,sintetico_poblacion_v1
10,1,2023,2,14,20507,sintetico_poblacion_v1
10,1,2023,2,15,17496,sintetico_poblacion_v1
10,1,2023,2,16,14928,sintetico_poblacion_v1
10,1,2023,2,17,13017,sintetico_poblacion_v1
10,1,2023,2,18,11346,sintetico_poblacion_v1
10,1,2023,2,19,9884,sintetico_poblacion_v1
10,1,2023,2,20,8608,sintetico_poblacion_v1
10,1,2023,2,21,13243,sintetico_poblacion_v1
10,1,2023,2,30,6099,sintetico_poblacion_v1
10,1,2023,2,31,4011,sintetico_poblacion_v1
10,1,2023,2,32,2231,sintetico_poblacion_v1
10,1,2023,2,235,902,sintetico_poblacion_v1
10,1,2024,1,11,32043,sintetico_poblacion_v1
10,1,2024,1,12,27339,sintetico_poblacion_v1
10,1,2024,1,13,23325,sintetico_poblacion_v1
10,1,2024,1,14,19900,sintetico_poblacion_v1
10,1,2024,1,15,16978,sintetico_poblacion_v1
10,1,2024,1,16,14485,sintetico_poblacion_v1
10,1,2024,1,17,12076,sintetico_poblacion_v1
10,1,2024,1,18,10061,sintetico_poblacion_v1
10,1,2024,1,19,8377,sintetico_poblacion_v1
10,1,2024,1,20,6971,sintetico_poblacion_v1
10,1,2024,1,21,9864,sintetico_poblacion_v1
10,1,2024,1,30,4719,sintetico_poblacion_v1
10,1,2024,1,31,2963,sintetico_poblacion_v1
10,1,2024,1,32,1574,sintetico_poblacion_v1
10,1,2024,1,235,608,sintetico_poblacion_v1
10,1,2024,2,11,33350,sintetico_poblacion_v1
10,1,2024,2,12,28454,sintetico_poblacion_v1
10,1,2024,2,13,24276,sintetico_poblacion_v1
10,1,2024,2,14,20712,sintetico_poblacion_v1
10,1,2024,2,15,17671,sintetico_poblacion_v1
10,1,2024,2,16,15077,sintetico_poblacion_v1
10,1,2024,2,17,13147,sintetico_poblacion_v1
10,1,2024,2,18,11459,sintetico_poblacion_v1
10,1,2024,2,19,9983,sintetico_poblacion_v1
10,1,2024,2,20,8694,sintetico_poblacion_v1
10,1,2024,2,21,13375,sintetico_poblacion_v1
10,1,2024,2,30,6160,sintetico_poblacion_v1
10,1,2024,2,31,4051,sintetico_poblacion_v1
10,1,2024,2,32,2253,sintetico_poblacion_v1
10,1,2024,2,235,911,sintetico_poblacion_v1
11,1,2019,1,11,33770,sintetico_poblacion_v1
11,1,2019,1,12,29080,sintetico_poblacion_v1
11,1,2019,1,13,25040,sintetico_poblacion_v1
11,1,2019,1,14,21561,sintetico_poblacion_v1
11,1,2019,1,15,18567,sintetico_poblacion_v1
11,1,2019,1,16,15988,sintetico_poblacion_v1
11,1,2019,1,17,13451,sintetico_poblacion_v1
11,1,2019,1,18,11310,sintetico_poblacion_v1
11,1,2019,1,19,9505,sintetico_poblacion_v1
11,1,2019,1,20,7983,sintetico_poblacion_v1
11,1,2019,1,21,11486,sintetico_poblacion_v1
11,1,2019,1,30,5454,sintetico_poblacion_v1
11,1,2019,1,31,3457,sintetico_poblacion_v1
11,1,2019,1,32,1853,sintetico_poblacion_v1
11,1,2019,1,235,722,sintetico_poblacion_v1
11,1,2019,2,11,35148,sintetico_poblacion_v1
11,1,2019,2,12,30266,sintetico_poblacion_v1
11,1,2019,2,13,26062,sintetico_poblacion_v1
11,1,2019,2,14,22442,sintetico_poblacion_v1
11,1,2019,2,15,19325,sintetico_poblacion_v1
11,1,2019,2,16,16640,sintetico_poblacion_v1
11,1,2019,2,17,14645,sintetico_poblacion_v1
11,1,2019,2,18,12883,sintetico_poblacion_v1
11,1,2019,2,19,11328,sintetico_poblacion_v1
11,1,2019,2,20,9956,sintetico_poblacion_v1
11,1,2019,2,21,15580,sintetico_poblacion_v1
11,1,2019,2,30,7119,sintetico_poblacion_v1
11,1,2019,2,31,4725,sintetico_poblacion_v1
11,1,2019,2,32,2653,sintetico_poblacion_v1
11,1,2019,2,235,1083,sintetico_poblacion_v1
11,1,2023,1,11,35547,sintetico_poblacion_v1
11,1,2023,1,12,30610,sintetico_poblacion_v1
11,1,2023,1,13,26358,sintetico_poblacion_v1
11,1,2023,1,14,22696,sintetico_poblacion_v1
11,1,2023,1,15,19544,sintetico_poblacion_v1
11,1,2023,1,16,16829,sintetico_poblacion_v1
11,1,2023,1,17,14159,sintetico_poblacion_v1
11,1,2023,1,18,11905,sintetico_poblacion_v1
11,1,2023,1,19,10005,sintetico_poblacion_v1
11,1,2023,1,20,8403,sintetico_poblacion_v1
11,1,2023,1,21,12091,sintetico_poblacion_v1
11,1,2023,1,30,5741,sintetico_poblacion_v1
11,1,2023,1,31,3639,sintetico_poblacion_v1
11,1,2023,1,32,1951,sintetico_poblacion_v1
11,1,2023,1,235,760,sintetico_poblacion_v1
11,1,2023,2,11,36998,sintetico_poblacion_v1
11,1,2023,2,12,31859,sintetico_poblacion_v1
11,1,2023,2,13,27434,sintetico_poblacion_v1
11,1,2023,2,14,23623,sintetico_poblacion_v1
11,1,2023,2,15,20342,sintetico_poblacion_v1
11,1,2023,2,16,17516,sintetico_poblacion_v1
11,1,2023,2,17,15416,sintetico_poblacion_v1
11,1,2023,2,18,13561,sintetico_poblacion_v1
11,1,2023,2,19,11924,sintetico_poblacion_v1
11,1,2023,2,20,10480,sintetico_poblacion_v1
11,1,2023,2,21,16401,sintetico_poblacion_v1
11,1,2023,2,30,7494,sintetico_poblacion_v1
11,1,2023,2,31,4974,sintetico_poblacion_v1
11,1,2023,2,32,2793,sintetico_poblacion_v1
11,1,2023,2,235,1140,sintetico_poblacion_v1
11,1,2024,1,11,35902,sintetico_poblacion_v1
11,1,2024,1,12,30916,sintetico_poblacion_v1
11,1,2024,1,13,26622,sintetico_poblacion_v1
11,1,2024,1,14,22923,sintetico_poblacion_v1
11,1,2024,1,15,19739,sintetico_poblacion_v1
11,1,2024,1,16,16997,sintetico_poblacion_v1
11,1,2024,1,17,14301,sintetico_poblacion_v1
11,1,2024,1,18,12024,sintetico_poblacion_v1
11,1,2024,1,19,10105,sintetico_poblacion_v1
11,1,2024,1,20,8487,sintetico_poblacion_v1
11,1,2024,1,21,12212,sintetico_poblacion_v1
11,1,2024,1,30,5798,sintetico_poblacion_v1
11,1,2024,1,31,3675,sintetico_poblacion_v1
11,1,2024,1,32,1971,sintetico_poblacion_v1
11,1,2024,1,235,768,sintetico_poblacion_v1
11,1,2024,2,11,37368,sintetico_poblacion_v1
11,1,2024,2,12,32178,sintetico_poblacion_v1
11,1,2024,2,13,27708,sintetico_poblacion_v1
11,1,2024,2,14,23859,sintetico_poblacion_v1
11,1,2024,2,15,20545,sintetico_poblacion_v1
11,1,2024,2,16,17691,sintetico_poblacion_v1
11,1,2024,2,17,15570,sintetico_poblacion_v1
11,1,2024,2,18,13697,sintetico_poblacion_v1
11,1,2024,2,19,12043,sintetico_poblacion_v1
11,1,2024,2,20,10585,sintetico_poblacion_v1
11,1,2024,2,21,16565,sintetico_poblacion_v1
11,1,2024,2,30,7569,sintetico_poblacion_v1
11,1,2024,2,31,5024,sintetico_poblacion_v1
11,1,2024,2,32,2821,sintetico_poblacion_v1
11,1,2024,2,235,1151,sintetico_poblacion_v1
12,1,2019,1,11,50634,sintetico_poblacion_v1
12,1,2019,1,12,43200,sintetico_poblacion_v1
12,1,2019,1,13,36857,sintetico_poblacion_v1
12,1,2019,1,14,31446,sintetico_poblacion_v1
12,1,2019,1,15,26829,sintetico_poblacion_v1
12,1,2019,1,16,22890,sintetico_poblacion_v1
12,1,2019,1,17,19081,sintetico_poblacion_v1
12,1,2019,1,18,15897,sintetico_poblacion_v1
12,1,2019,1,19,13236,sintetico_poblacion_v1
12,1,2019,1,20,11015,sintetico_poblacion_v1
12,1,2019,1,21,15587,sintetico_poblacion_v1
12,1,2019,1,30,7456,sintetico_poblacion_v1
12,1,2019,1,31,4684,sintetico_poblacion_v1
12,1,2019,1,32,2487,sintetico_poblacion_v1
12,1,2019,1,235,960,sintetico_poblacion_v1
12,1,2019,2,11,52700,sintetico_poblacion_v1
12,1,2019,2,12,44964,sintetico_poblacion_v1
12,1,2019,2,13,38362,sintetico_poblacion_v1
12,1,2019,2,14,32729,sintetico_poblacion_v1
12,1,2019,2,15,27924,sintetico_poblacion_v1
12,1,2019,2,16,23825,sintetico_poblacion_v1
12,1,2019,2,17,20776,sintetico_poblacion_v1
12,1,2019,2,18,18108,sintetico_poblacion_v1
12,1,2019,2,19,15776,sintetico_poblacion_v1
12,1,2019,2,20,13738,sintetico_poblacion_v1
12,1,2019,2,21,21136,sintetico_poblacion_v1
12,1,2019,2,30,9734,sintetico_poblacion_v1
12,1,2019,2,31,6401,sintetico_poblacion_v1
12,1,2019,2,32,3561,sintetico_poblacion_v1
12,1,2019,2,235,1440,sintetico_poblacion_v1
12,1,2023,1,11,53299,sintetico_poblacion_v1
12,1,2023,1,12,45474,sintetico_poblacion_v1
12,1,2023,1,13,38797,sintetico_poblacion_v1
12,1,2023,1,14,33101,sintetico_poblacion_v1
12,1,2023,1,15,28241,sintetico_poblacion_v1
12,1,2023,1,16,24095,sintetico_poblacion_v1
12,1,2023,1,17,20085,sintetico_poblacion_v1
12,1,2023,1,18,16734,sintetico_poblacion_v1
12,1,2023,1,19,13933,sintetico_poblacion_v1
12,1,2023,1,20,11595,sintetico_poblacion_v1
12,1,2023,1,21,16407,sintetico_poblacion_v1
12,1,2023,1,30,7848,sintetico_poblacion_v1
12,1,2023,1,31,4930,sintetico_poblacion_v1
12,1,2023,1,32,2618,sintetico_poblacion_v1
12,1,2023,1,235,1011,sintetico_poblacion_v1
12,1,2023,2,11,55474,sintetico_poblacion_v1
12,1,2023,2,12,47330,sintetico_poblacion_v1
12,1,2023,2,13,40381,sintetico_poblacion_v1
12,1,2023,2,14,34452,sintetico_poblacion_v1
12,1,2023,2,15,29394,sintetico_poblacion_v1
12,1,2023,2,16,25079,sintetico_poblacion_v1
12,1,2023,2,17,21869,sintetico_poblacion_v1
12,1,2023,2,18,19061,sintetico_poblacion_v1
12,1,2023,2,19,16606,sintetico_poblacion_v1
12,1,2023,2,20,14461,sintetico_poblacion_v1
12,1,2023,2,21,22248,sintetico_poblacion_v1
12,1,2023,2,30,10246,sintetico_poblacion_v1
12,1,2023,2,31,6738,sintetico_poblacion_v1
12,1,2023,2,32,3748,sintetico_poblacion_v1
12,1,2023,2,235,1516,sintetico_poblacion_v1
12,1,2024,1,11,53832,sintetico_poblacion_v1
12,1,2024,1,12,45929,sintetico_poblacion_v1
12,1,2024,1,13,39185,sintetico_poblacion_v1
12,1,2024,1,14,33432,sintetico_poblacion_v1
12,1,2024,1,15,28523,sintetico_poblacion_v1
12,1,2024,1,16,24336,sintetico_poblacion_v1
12,1,2024,1,17,20286,sintetico_poblacion_v1
12,1,2024,1,18,16901,sintetico_poblacion_v1
12,1,2024,1,19,14072,sintetico_poblacion_v1
12,1,2024,1,20,11711,sintetico_poblacion_v1
12,1,2024,1,21,16570,sintetico_poblacion_v1
12,1,2024,1,30,7926,sintetico_poblacion_v1
12,1,2024,1,31,4979,sintetico_poblacion_v1
12,1,2024,1,32,2644,sintetico_poblacion_v1
12,1,2024,1,235,1021,sintetico_poblacion_v1
12,1,2024,2,11,56029,sintetico_poblacion_v1
12,1,2024,2,12,47803,sintetico_poblacion_v1
12,1,2024,2,13,40785,sintetico_poblacion_v1
12,1,2024,2,14,34797,sintetico_poblacion_v1
12,1,2024,2,15,29688,sintetico_poblacion_v1
12,1,2024,2,16,25330,sintetico_poblacion_v1
12,1,2024,2,17,22088,sintetico_poblacion_v1
12,1,2024,2,18,19252,sintetico_poblacion_v1
12,1,2024,2,19,16772,sintetico_poblacion_v1
12,1,2024,2,20,14606,sintetico_poblacion_v1
12,1,2024,2,21,22469,sintetico_poblacion_v1
12,1,2024,2,30,10348,sintetico_poblacion_v1
12,1,2024,2,31,6805,sintetico_poblacion_v1
12,1,2024,2,32,3785,sintetico_poblacion_v1
12,1,2024,2,235,1531,sintetico_poblacion_v1
13,1,2019,1,11,74223,sintetico_poblacion_v1
13,1,2019,1,12,63716,sintetico_poblacion_v1
13,1,2019,1,13,54697,sintetico_poblacion_v1
13,1,2019,1,14,46955,sintetico_poblacion_v1
13,1,2019,1,15,40308,sintetico_poblacion_v1
13,1,2019,1,16,34603,sintetico_poblacion_v1
13,1,2019,1,17,29022,sintetico_poblacion_v1
13,1,2019,1,18,24329,sintetico_poblacion_v1
13,1,2019,1,19,20382,sintetico_poblacion_v1
13,1,2019,1,20,17066,sintetico_poblacion_v1
13,1,2019,1,21,24418,sintetico_poblacion_v1
13,1,2019,1,30,11623,sintetico_poblacion_v1
13,1,2019,1,31,7345,sintetico_poblacion_v1
13,1,2019,1,32,3925,sintetico_poblacion_v1
13,1,2019,1,235,1525,sintetico_poblacion_v1
13,1,2019,2,11,77252,sintetico_poblacion_v1
13,1,2019,2,12,66317,sintetico_poblacion_v1
13,1,2019,2,13,56930,sintetico_poblacion_v1
13,1,2019,2,14,48871,sintetico_poblacion_v1
13,1,2019,2,15,41953,sintetico_poblacion_v1
13,1,2019,2,16,36014,sintetico_poblacion_v1
13,1,2019,2,17,31599,sintetico_poblacion_v1
13,1,2019,2,18,27712,sintetico_poblacion_v1
13,1,2019,2,19,24292,sintetico_poblacion_v1
13,1,2019,2,20,21285,sintetico_poblacion_v1
13,1,2019,2,21,33121,sintetico_poblacion_v1
13,1,2019,2,30,15173,sintetico_poblacion_v1
13,1,2019,2,31,10041,sintetico_poblacion_v1
13,1,2019,2,32,5620,sintetico_poblacion_v1
13,1,2019,2,235,2287,sintetico_poblacion_v1
13,1,2023,1,11,78129,sintetico_poblacion_v1
13,1,2023,1,12,67070,sintetico_poblacion_v1
13,1,2023,1,13,57576,sintetico_poblacion_v1
13,1,2023,1,14,49426,sintetico_poblacion_v1
13,1,2023,1,15,42430,sintetico_poblacion_v1
13,1,2023,1,16,36424,sintetico_poblacion_v1
13,1,2023,1,17,30550,sintetico_poblacion_v1
13,1,2023,1,18,25609,sintetico_poblacion_v1
13,1,2023,1,19,21455,sintetico_poblacion_v1
13,1,2023,1,20,17964,sintetico_poblacion_v1
13,1,2023,1,21,25704,sintetico_poblacion_v1
13,1,2023,1,30,12235,sintetico_poblacion_v1
13,1,2023,1,31,7732,sintetico_poblacion_v1
13,1,2023,1,32,4132,sintetico_poblacion_v1
13,1,2023,1,235,1605,sintetico_poblacion_v1
13,1,2023,2,11,81318,sintetico_poblacion_v1
13,1,2023,2,12,69807,sintetico_poblacion_v1
13,1,2023,2,13,59926,sintetico_poblacion_v1
13,1,2023,2,14,51443,sintetico_poblacion_v1
13,1,2023,2,15,44161,sintetico_poblacion_v1
13,1,2023,2,16,37910,sintetico_poblacion_v1
13,1,2023,2,17,33262,sintetico_poblacion_v1
13,1,2023,2,18,29170,sintetico_poblacion_v1
13,1,2023,2,19,25570,sintetico_poblacion_v1
13,1,2023,2,20,22405,sintetico_poblacion_v1
13,1,2023,2,21,34864,sintetico_poblacion_v1
13,1,2023,2,30,15972,sintetico_poblacion_v1
13,1,2023,2,31,10569,sintetico_poblacion_v1
13,1,2023,2,32,5916,sintetico_poblacion_v1
13,1,2023,2,235,2407,sintetico_poblacion_v1
13,1,2024,1,11,78910,sintetico_poblacion_v1
13,1,2024,1,12,67741,sintetico_poblacion_v1
13,1,2024,1,13,58152,sintetico_poblacion_v1
13,1,2024,1,14,49920,sintetico_poblacion_v1
13,1,2024,1,15,42854,sintetico_poblacion_v1
13,1,2024,1,16,36788,sintetico_poblacion_v1
13,1,2024,1,17,30856,sintetico_poblacion_v1
13,1,2024,1,18,25865,sintetico_poblacion_v1
13,1,2024,1,19,21670,sintetico_poblacion_v1
13,1,2024,1,20,18144,sintetico_poblacion_v1
13,1,2024,1,21,25960,sintetico_poblacion_v1
13,1,2024,1,30,12357,sintetico_poblacion_v1
13,1,2024,1,31,7809,sintetico_poblacion_v1
13,1,2024,1,32,4173,sintetico_poblacion_v1
13,1,2024,1,235,1621,sintetico_poblacion_v1
13,1,2024,2,11,82131,sintetico_poblacion_v1
13,1,2024,2,12,70505,sintetico_poblacion_v1
13,1,2024,2,13,60525,sintetico_poblacion_v1
13,1,2024,2,14,51957,sintetico_poblacion_v1
13,1,2024,2,15,44603,sintetico_poblacion_v1
13,1,2024,2,16,38289,sintetico_poblacion_v1
13,1,2024,2,17,33595,sintetico_poblacion_v1
13,1,2024,2,18,29462,sintetico_poblacion_v1
13,1,2024,2,19,25826,sintetico_poblacion_v1
13,1,2024,2,20,22629,sintetico_poblacion_v1
13,1,2024,2,21,35213,sintetico_poblacion_v1
13,1,2024,2,30,16132,sintetico_poblacion_v1
13,1,2024,2,31,10675,sintetico_poblacion_v1
13,1,2024,2,32,5975,sintetico_poblacion_v1
13,1,2024,2,235,2431,sintetico_poblacion_v1
14,1,2019,1,11,45681,sintetico_poblacion_v1
14,1,2019,1,12,39275,sintetico_poblacion_v1
14,1,2019,1,13,33768,sintetico_poblacion_v1
14,1,2019,1,14,29032,sintetico_poblacion_v1
14,1,2019,1,15,24961,sintetico_poblacion_v1
14,1,2019,1,16,21460,sintetico_poblacion_v1
14,1,2019,1,17,18028,sintetico_poblacion_v1
14,1,2019,1,18,15135,sintetico_poblacion_v1
14,1,2019,1,19,12700,sintetico_poblacion_v1
14,1,2019,1,20,10650,sintetico_poblacion_v1
14,1,2019,1,21,15282,sintetico_poblacion_v1
14,1,2019,1,30,7265,sintetico_poblacion_v1
14,1,2019,1,31,4598,sintetico_poblacion_v1
14,1,2019,1,32,2461,sintetico_poblacion_v1
14,1,2019,1,235,958,sintetico_poblacion_v1
14,1,2019,2,11,47546,sintetico_poblacion_v1
14,1,2019,2,12,40878,sintetico_poblacion_v1
14,1,2019,2,13,35146,sintetico_poblacion_v1
14,1,2019,2,14,30218,sintetico_poblacion_v1
14,1,2019,2,15,25980,sintetico_poblacion_v1
14,1,2019,2,16,22336,sintetico_poblacion_v1
14,1,2019,2,17,19628,sintetico_poblacion_v1
14,1,2019,2,18,17240,sintetico_poblacion_v1
14,1,2019,2,19,15135,sintetico_poblacion_v1
14,1,2019,2,20,13282,sintetico_poblacion_v1
14,1,2019,2,21,20728,sintetico_poblacion_v1
14,1,2019,2,30,9484,sintetico_poblacion_v1
14,1,2019,2,31,6285,sintetico_poblacion_v1
14,1,2019,2,32,3524,sintetico_poblacion_v1
14,1,2019,2,235,1435,sintetico_poblacion_v1
14,1,2023,1,11,48085,sintetico_poblacion_v1
14,1,2023,1,12,41342,sintetico_poblacion_v1
14,1,2023,1,13,35545,sintetico_poblacion_v1
14,1,2023,1,14,30560,sintetico_poblacion_v1
14,1,2023,1,15,26275,sintetico_poblacion_v1
14,1,2023,1,16,22590,sintetico_poblacion_v1
14,1,2023,1,17,18977,sintetico_poblacion_v1
14,1,2023,1,18,15932,sintetico_poblacion_v1
14,1,2023,1,19,13368,sintetico_poblacion_v1
14,1,2023,1,20,11210,sintetico_poblacion_v1
14,1,2023,1,21,16086,sintetico_poblacion_v1
14,1,2023,1,30,7647,sintetico_poblacion_v1
14,1,2023,1,31,4840,sintetico_poblacion_v1
14,1,2023,1,32,2591,sintetico_poblacion_v1
14,1,2023,1,235,1008,sintetico_poblacion_v1
14,1,2023,2,11,50048,sintetico_poblacion_v1
14,1,2023,2,12,43030,sintetico_poblacion_v1
14,1,2023,2,13,36996,sintetico_poblacion_v1
14,1,2023,2,14,31808,sintetico_poblacion_v1
14,1,2023,2,15,27347,sintetico_poblacion_v1
14,1,2023,2,16,23512,sintetico_poblacion_v1
14,1,2023,2,17,20661,sintetico_poblacion_v1
14,1,2023,2,18,18147,sintetico_poblacion_v1
14,1,2023,2,19,15932,sintetico_poblacion_v1
14,1,2023,2,20,13981,sintetico_poblacion_v1
14,1,2023,2,21,21819,sintetico_poblacion_v1
14,1,2023,2,30,9983,sintetico_poblacion_v1
14,1,2023,2,31,6616,sintetico_poblacion_v1
14,1,2023,2,32,3709,sintetico_poblacion_v1
14,1,2023,2,235,1511,sintetico_poblacion_v1
14,1,2024,1,11,48566,sintetico_poblacion_v1
14,1,2024,1,12,41755,sintetico_poblacion_v1
14,1,2024,1,13,35900,sintetico_poblacion_v1
14,1,2024,1,14,30866,sintetico_poblacion_v1
14,1,2024,1,15,26538,sintetico_poblacion_v1
14,1,2024,1,16,22816,sintetico_poblacion_v1
14,1,2024,1,17,19167,sintetico_poblacion_v1
14,1,2024,1,18,16091,sintetico_poblacion_v1
14,1,2024,1,19,13502,sintetico_poblacion_v1
14,1,2024,1,20,11322,sintetico_poblacion_v1
14,1,2024,1,21,16246,sintetico_poblacion_v1
14,1,2024,1,30,7723,sintetico_poblacion_v1
14,1,2024,1,31,4888,sintetico_poblacion_v1
14,1,2024,1,32,2617,sintetico_poblacion_v1
14,1,2024,1,235,1018,sintetico_poblacion_v1
14,1,2024,2,11,50548,sintetico_poblacion_v1
14,1,2024,2,12,43460,sintetico_poblacion_v1
14,1,2024,2,13,37366,sintetico_poblacion_v1
14,1,2024,2,14,32126,sintetico_poblacion_v1
14,1,2024,2,15,27620,sintetico_poblacion_v1
14,1,2024,2,16,23747,sintetico_poblacion_v1
14,1,2024,2,17,20868,sintetico_poblacion_v1
14,1,2024,2,18,18328,sintetico_poblacion_v1
14,1,2024,2,19,16091,sintetico_poblacion_v1
14,1,2024,2,20,14121,sintetico_poblacion_v1
14,1,2024,2,21,22037,sintetico_poblacion_v1
14,1,2024,2,30,10083,sintetico_poblacion_v1
14,1,2024,2,31,6682,sintetico_poblacion_v1
14,1,2024,2,32,3746,sintetico_poblacion_v1
14,1,2024,2,235,1526,sintetico_poblacion_v1
15,1,2019,1,11,364190,sintetico_poblacion_v1
15,1,2019,1,12,317974,sintetico_poblacion_v1
15,1,2019,1,13,277623,sintetico_poblacion_v1
15,1,2019,1,14,242393,sintetico_poblacion_v1
15,1,2019,1,15,211633,sintetico_poblacion_v1
15,1,2019,1,16,184777,sintetico_poblacion_v1
15,1,2019,1,17,157625,sintetico_poblacion_v1
15,1,2019,1,18,134388,sintetico_poblacion_v1
15,1,2019,1,19,114511,sintetico_poblacion_v1
15,1,2019,1,20,97515,sintetico_poblacion_v1
15,1,2019,1,21,143887,sintetico_poblacion_v1
15,1,2019,1,30,67548,sintetico_poblacion_v1
15,1,2019,1,31,43419,sintetico_poblacion_v1
15,1,2019,1,32,23599,sintetico_poblacion_v1
15,1,2019,1,235,9321,sintetico_poblacion_v1
15,1,2019,2,11,379055,sintetico_poblacion_v1
15,1,2019,2,12,330953,sintetico_poblacion_v1
15,1,2019,2,13,288955,sintetico_poblacion_v1
15,1,2019,2,14,252287,sintetico_poblacion_v1
15,1,2019,2,15,220272,sintetico_poblacion_v1
15,1,2019,2,16,192319,sintetico_poblacion_v1
15,1,2019,2,17,171618,sintetico_poblacion_v1
15,1,2019,2,18,153074,sintetico_poblacion_v1
15,1,2019,2,19,136472,sintetico_poblacion_v1
15,1,2019,2,20,121619,sintetico_poblacion_v1
15,1,2019,2,21,195294,sintetico_poblacion_v1
15,1,2019,2,30,88182,sintetico_poblacion_v1
15,1,2019,2,31,59347,sintetico_poblacion_v1
15,1,2019,2,32,33784,sintetico_poblacion_v1
15,1,2019,2,235,13981,sintetico_poblacion_v1
15,1,2023,1,11,383358,sintetico_poblacion_v1
15,1,2023,1,12,334710,sintetico_poblacion_v1
15,1,2023,1,13,292235,sintetico_poblacion_v1
15,1,2023,1,14,255151,sintetico_poblacion_v1
15,1,2023,1,15,222772,sintetico_poblacion_v1
15,1,2023,1,16,194502,sintetico_poblacion_v1
15,1,2023,1,17,165921,sintetico_poblacion_v1
15,1,2023,1,18,141461,sintetico_poblacion_v1
15,1,2023,1,19,120538,sintetico_poblacion_v1
15,1,2023,1,20,102647,sintetico_poblacion_v1
15,1,2023,1,21,151460,sintetico_poblacion_v1
15,1,2023,1,30,71103,sintetico_poblacion_v1
15,1,2023,1,31,45704,sintetico_poblacion_v1
15,1,2023,1,32,24841,sintetico_poblacion_v1
15,1,2023,1,235,9812,sintetico_poblacion_v1
15,1,2023,2,11,399005,sintetico_poblacion_v1
15,1,2023,2,12,348372,sintetico_poblacion_v1
15,1,2023,2,13,304163,sintetico_poblacion_v1
15,1,2023,2,14,265565,sintetico_poblacion_v1
15,1,2023,2,15,231865,sintetico_poblacion_v1
15,1,2023,2,16,202441,sintetico_poblacion_v1
15,1,2023,2,17,180650,sintetico_poblacion_v1
15,1,2023,2,18,161130,sintetico_poblacion_v1
15,1,2023,2,19,143655,sintetico_poblacion_v1
15,1,2023,2,20,128020,sintetico_poblacion_v1
15,1,2023,2,21,205573,sintetico_poblacion_v1
15,1,2023,2,30,92823,sintetico_poblacion_v1
15,1,2023,2,31,62471,sintetico_poblacion_v1
15,1,2023,2,32,35562,sintetico_poblacion_v1
15,1,2023,2,235,14717,sintetico_poblacion_v1
15,1,2024,1,11,387192,sintetico_poblacion_v1
15,1,2024,1,12,338057,sintetico_poblacion_v1
15,1,2024,1,13,295157,sintetico_poblacion_v1
15,1,2024,1,14,257703,sintetico_poblacion_v1
15,1,2024,1,15,225000,sintetico_poblacion_v1
15,1,2024,1,16,196447,sintetico_poblacion_v1
15,1,2024,1,17,167580,sintetico_poblacion_v1
15,1,2024,1,18,142876,sintetico_poblacion_v1
15,1,2024,1,19,121743,sintetico_poblacion_v1
15,1,2024,1,20,103673,sintetico_poblacion_v1
15,1,2024,1,21,152974,sintetico_poblacion_v1
15,1,2024,1,30,71814,sintetico_poblacion_v1
15,1,2024,1,31,46161,sintetico_poblacion_v1
15,1,2024,1,32,25089,sintetico_poblacion_v1
15,1,2024,1,235,9910,sintetico_poblacion_v1
15,1,2024,2,11,402995,sintetico_poblacion_v1
15,1,2024,2,12,351856,sintetico_poblacion_v1
15,1,2024,2,13,307205,sintetico_poblacion_v1
15,1,2024,2,14,268221,sintetico_poblacion_v1
15,1,2024,2,15,234184,sintetico_poblacion_v1
15,1,2024,2,16,204465,sintetico_poblacion_v1
15,1,2024,2,17,182456,sintetico_poblacion_v1
15,1,2024,2,18,162741,sintetico_poblacion_v1
15,1,2024,2,19,145092,sintetico_poblacion_v1
15,1,2024,2,20,129300,sintetico_poblacion_v1
15,1,2024,2,21,207629,sintetico_poblacion_v1
15,1,2024,2,30,93751,sintetico_poblacion_v1
15,1,2024,2,31,63096,sintetico_poblacion_v1
15,1,2024,2,32,35918,sintetico_poblacion_v1
15,1,2024,2,235,14864,sintetico_poblacion_v1
16,1,2019,1,11,40348,sintetico_poblacion_v1
16,1,2019,1,12,33382,sintetico_poblacion_v1
16,1,2019,1,13,27617,sintetico_poblacion_v1
16,1,2019,1,14,22849,sintetico_poblacion_v1
16,1,2019,1,15,18904,sintetico_poblacion_v1
16,1,2019,1,16,15640,sintetico_poblacion_v1
16,1,2019,1,17,12642,sintetico_poblacion_v1
16,1,2019,1,18,10213,sintetico_poblacion_v1
16,1,2019,1,19,8246,sintetico_poblacion_v1
16,1,2019,1,20,6655,sintetico_poblacion_v1
16,1,2019,1,21,8911,sintetico_poblacion_v1
16,1,2019,1,30,4368,sintetico_poblacion_v1
16,1,2019,1,31,2660,sintetico_poblacion_v1
16,1,2019,1,32,1370,sintetico_poblacion_v1
16,1,2019,1,235,513,sintetico_poblacion_v1
16,1,2019,2,11,41996,sintetico_poblacion_v1
16,1,2019,2,12,34744,sintetico_poblacion_v1
16,1,2019,2,13,28745,sintetico_poblacion_v1
16,1,2019,2,14,23781,sintetico_poblacion_v1
16,1,2019,2,15,19675,sintetico_poblacion_v1
16,1,2019,2,16,16278,sintetico_poblacion_v1
16,1,2019,2,17,13765,sintetico_poblacion_v1
16,1,2019,2,18,11634,sintetico_poblacion_v1
16,1,2019,2,19,9828,sintetico_poblacion_v1
16,1,2019,2,20,8299,sintetico_poblacion_v1
16,1,2019,2,21,12071,sintetico_poblacion_v1
16,1,2019,2,30,5702,sintetico_poblacion_v1
16,1,2019,2,31,3637,sintetico_poblacion_v1
16,1,2019,2,32,1962,sintetico_poblacion_v1
16,1,2019,2,235,770,sintetico_poblacion_v1
16,1,2023,1,11,42472,sintetico_poblacion_v1
16,1,2023,1,12,35139,sintetico_poblacion_v1
16,1,2023,1,13,29071,sintetico_poblacion_v1
16,1,2023,1,14,24052,sintetico_poblacion_v1
16,1,2023,1,15,19899,sintetico_poblacion_v1
16,1,2023,1,16,16463,sintetico_poblacion_v1
16,1,2023,1,17,13307,sintetico_poblacion_v1
16,1,2023,1,18,10751,sintetico_poblacion_v1
16,1,2023,1,19,8680,sintetico_poblacion_v1
16,1,2023,1,20,7005,sintetico_poblacion_v1
16,1,2023,1,21,9380,sintetico_poblacion_v1
16,1,2023,1,30,4598,sintetico_poblacion_v1
16,1,2023,1,31,2800,sintetico_poblacion_v1
16,1,2023,1,32,1442,sintetico_poblacion_v1
16,1,2023,1,235,540,sintetico_poblacion_v1
16,1,2023,2,11,44206,sintetico_poblacion_v1
16,1,2023,2,12,36573,sintetico_poblacion_v1
16,1,2023,2,13,30258,sintetico_poblacion_v1
16,1,2023,2,14,25033,sintetico_poblacion_v1
16,1,2023,2,15,20711,sintetico_poblacion_v1
16,1,2023,2,16,17135,sintetico_poblacion_v1
16,1,2023,2,17,14489,sintetico_poblacion_v1
16,1,2023,2,18,12246,sintetico_poblacion_v1
16,1,2023,2,19,10345,sintetico_poblacion_v1
16,1,2023,2,20,8736,sintetico_poblacion_v1
16,1,2023,2,21,12705,sintetico_poblacion_v1
16,1,2023,2,30,6002,sintetico_poblacion_v1
16,1,2023,2,31,3828,sintetico_poblacion_v1
16,1,2023,2,32,2065,sintetico_poblacion_v1
16,1,2023,2,235,810,sintetico_poblacion_v1
16,1,2024,1,11,42897,sintetico_poblacion_v1
16,1,2024,1,12,35490,sintetico_poblacion_v1
16,1,2024,1,13,29362,sintetico_poblacion_v1
16,1,2024,1,14,24293,sintetico_poblacion_v1
16,1,2024,1,15,20098,sintetico_poblacion_v1
16,1,2024,1,16,16628,sintetico_poblacion_v1
16,1,2024,1,17,13440,sintetico_poblacion_v1
16,1,2024,1,18,10859,sintetico_poblacion_v1
16,1,2024,1,19,8767,sintetico_poblacion_v1
16,1,2024,1,20,7075,sintetico_poblacion_v1
16,1,2024,1,21,9473,sintetico_poblacion_v1
16,1,2024,1,30,4644,sintetico_poblacion_v1
16,1,2024,1,31,2828,sintetico_poblacion_v1
16,1,2024,1,32,1456,sintetico_poblacion_v1
16,1,2024,1,235,545,sintetico_poblacion_v1
16,1,2024,2,11,44648,sintetico_poblacion_v1
16,1,2024,2,12,36939,sintetico_poblacion_v1
16,1,2024,2,13,30561,sintetico_poblacion_v1
16,1,2024,2,14,25283,sintetico_poblacion_v1
16,1,2024,2,15,20918,sintetico_poblacion_v1
16,1,2024,2,16,17306,sintetico_poblacion_v1
16,1,2024,2,17,14634,sintetico_poblacion_v1
16,1,2024,2,18,12368,sintetico_poblacion_v1
16,1,2024,2,19,10448,sintetico_poblacion_v1
16,1,2024,2,20,8823,sintetico_poblacion_v1
16,1,2024,2,21,12832,sintetico_poblacion_v1
16,1,2024,2,30,6062,sintetico_poblacion_v1
16,1,2024,2,31,3866,sintetico_poblacion_v1
16,1,2024,2,32,2086,sintetico_poblacion_v1
16,1,2024,2,235,818,sintetico_poblacion_v1
17,1,2019,1,11,6795,sintetico_poblacion_v1
17,1,2019,1,12,5605,sintetico_poblacion_v1
17,1,2019,1,13,4623,sintetico_poblacion_v1
17,1,2019,1,14,3812,sintetico_poblacion_v1
17,1,2019,1,15,3144,sintetico_poblacion_v1
17,1,2019,1,16,2594,sintetico_poblacion_v1
17,1,2019,1,17,2090,sintetico_poblacion_v1
17,1,2019,1,18,1683,sintetico_poblacion_v1
17,1,2019,1,19,1355,sintetico_poblacion_v1
17,1,2019,1,20,1090,sintetico_poblacion_v1
17,1,2019,1,21,1451,sintetico_poblacion_v1
17,1,2019,1,30,713,sintetico_poblacion_v1
17,1,2019,1,31,433,sintetico_poblacion_v1
17,1,2019,1,32,222,sintetico_poblacion_v1
17,1,2019,1,235,83,sintetico_poblacion_v1
17,1,2019,2,11,7073,sintetico_poblacion_v1
17,1,2019,2,12,5834,sintetico_poblacion_v1
17,1,2019,2,13,4812,sintetico_poblacion_v1
17,1,2019,2,14,3968,sintetico_poblacion_v1
17,1,2019,2,15,3273,sintetico_poblacion_v1
17,1,2019,2,16,2700,sintetico_poblacion_v1
17,1,2019,2,17,2275,sintetico_poblacion_v1
17,1,2019,2,18,1917,sintetico_poblacion_v1
17,1,2019,2,19,1615,sintetico_poblacion_v1
17,1,2019,2,20,1359,sintetico_poblacion_v1
17,1,2019,2,21,1965,sintetico_poblacion_v1
17,1,2019,2,30,931,sintetico_poblacion_v1
17,1,2019,2,31,592,sintetico_poblacion_v1
17,1,2019,2,32,318,sintetico_poblacion_v1
17,1,2019,2,235,124,sintetico_poblacion_v1
17,1,2023,1,11,7153,sintetico_poblacion_v1
17,1,2023,1,12,5900,sintetico_poblacion_v1
17,1,2023,1,13,4866,sintetico_poblacion_v1
17,1,2023,1,14,4013,sintetico_poblacion_v1
17,1,2023,1,15,3310,sintetico_poblacion_v1
17,1,2023,1,16,2730,sintetico_poblacion_v1
17,1,2023,1,17,2200,sintetico_poblacion_v1
17,1,2023,1,18,1772,sintetico_poblacion_v1
17,1,2023,1,19,1426,sintetico_poblacion_v1
17,1,2023,1,20,1147,sintetico_poblacion_v1
17,1,2023,1,21,1528,sintetico_poblacion_v1
17,1,2023,1,30,751,sintetico_poblacion_v1
17,1,2023,1,31,456,sintetico_poblacion_v1
17,1,2023,1,32,234,sintetico_poblacion_v1
17,1,2023,1,235,87,sintetico_poblacion_v1
17,1,2023,2,11,7445,sintetico_poblacion_v1
17,1,2023,2,12,6141,sintetico_poblacion_v1
17,1,2023,2,13,5065,sintetico_poblacion_v1
17,1,2023,2,14,4177,sintetico_poblacion_v1
17,1,2023,2,15,3445,sintetico_poblacion_v1
17,1,2023,2,16,2842,sintetico_poblacion_v1
17,1,2023,2,17,2395,sintetico_poblacion_v1
17,1,2023,2,18,2018,sintetico_poblacion_v1
17,1,2023,2,19,1700,sintetico_poblacion_v1
17,1,2023,2,20,1431,sintetico_poblacion_v1
17,1,2023,2,21,2069,sintetico_poblacion_v1
17,1,2023,2,30,980,sintetico_poblacion_v1
17,1,2023,2,31,623,sintetico_poblacion_v1
17,1,2023,2,32,335,sintetico_poblacion_v1
17,1,2023,2,235,131,sintetico_poblacion_v1
17,1,2024,1,11,7225,sintetico_poblacion_v1
17,1,2024,1,12,5959,sintetico_poblacion_v1
17,1,2024,1,13,4915,sintetico_poblacion_v1
17,1,2024,1,14,4053,sintetico_poblacion_v1
17,1,2024,1,15,3343,sintetico_poblacion_v1
17,1,2024,1,16,2757,sintetico_poblacion_v1
17,1,2024,1,17,2222,sintetico_poblacion_v1
17,1,2024,1,18,1790,sintetico_poblacion_v1
17,1,2024,1,19,1440,sintetico_poblacion_v1
17,1,2024,1,20,1158,sintetico_poblacion_v1
17,1,2024,1,21,1544,sintetico_poblacion_v1
17,1,2024,1,30,759,sintetico_poblacion_v1
17,1,2024,1,31,461,sintetico_poblacion_v1
17,1,2024,1,32,236,sintetico_poblacion_v1
17,1,2024,1,235,88,sintetico_poblacion_v1
17,1,2024,2,11,7519,sintetico_poblacion_v1
17,1,2024,2,12,6202,sintetico_poblacion_v1
17,1,2024,2,13,5116,sintetico_poblacion_v1
17,1,2024,2,14,4219,sintetico_poblacion_v1
17,1,2024,2,15,3479,sintetico_poblacion_v1
17,1,2024,2,16,2870,sintetico_poblacion_v1
17,1,2024,2,17,2419,sintetico_poblacion_v1
17,1,2024,2,18,2038,sintetico_poblacion_v1
17,1,2024,2,19,1717,sintetico_poblacion_v1
17,1,2024,2,20,1445,sintetico_poblacion_v1
17,1,2024,2,21,2089,sintetico_poblacion_v1
17,1,2024,2,30,990,sintetico_poblacion_v1
17,1,2024,2,31,629,sintetico_poblacion_v1
17,1,2024,2,32,338,sintetico_poblacion_v1
17,1,2024,2,235,132,sintetico_poblacion_v1
18,1,2019,1,11,6824,sintetico_poblacion_v1
18,1,2019,1,12,5912,sintetico_poblacion_v1
18,1,2019,1,13,5122,sintetico_poblacion_v1
18,1,2019,1,14,4438,sintetico_poblacion_v1
18,1,2019,1,15,3846,sintetico_poblacion_v1
18,1,2019,1,16,3332,sintetico_poblacion_v1
18,1,2019,1,17,2821,sintetico_poblacion_v1
18,1,2019,1,18,2386,sintetico_poblacion_v1
18,1,2019,1,19,2018,sintetico_poblacion_v1
18,1,2019,1,20,1705,sintetico_poblacion_v1
18,1,2019,1,21,2481,sintetico_poblacion_v1
18,1,2019,1,30,1172,sintetico_poblacion_v1
18,1,2019,1,31,748,sintetico_poblacion_v1
18,1,2019,1,32,403,sintetico_poblacion_v1
18,1,2019,1,235,158,sintetico_poblacion_v1
18,1,2019,2,11,7102,sintetico_poblacion_v1
18,1,2019,2,12,6153,sintetico_poblacion_v1
18,1,2019,2,13,5331,sintetico_poblacion_v1
18,1,2019,2,14,4619,sintetico_poblacion_v1
18,1,2019,2,15,4002,sintetico_poblacion_v1
18,1,2019,2,16,3468,sintetico_poblacion_v1
18,1,2019,2,17,3070,sintetico_poblacion_v1
18,1,2019,2,18,2718,sintetico_poblacion_v1
18,1,2019,2,19,2404,sintetico_poblacion_v1
18,1,2019,2,20,2126,sintetico_poblacion_v1
18,1,2019,2,21,3368,sintetico_poblacion_v1
18,1,2019,2,30,1530,sintetico_poblacion_v1
18,1,2019,2,31,1022,sintetico_poblacion_v1
18,1,2019,2,32,578,sintetico_poblacion_v1
18,1,2019,2,235,238,sintetico_poblacion_v1
18,1,2023,1,11,7183,sintetico_poblacion_v1
18,1,2023,1,12,6223,sintetico_poblacion_v1
18,1,2023,1,13,5392,sintetico_poblacion_v1
18,1,2023,1,14,4672,sintetico_poblacion_v1
18,1,2023,1,15,4048,sintetico_poblacion_v1
18,1,2023,1,16,3507,sintetico_poblacion_v1
18,1,2023,1,17,2969,sintetico_poblacion_v1
18,1,2023,1,18,2512,sintetico_poblacion_v1
18,1,2023,1,19,2124,sintetico_poblacion_v1
18,1,2023,1,20,1795,sintetico_poblacion_v1
18,1,2023,1,21,2611,sintetico_poblacion_v1
18,1,2023,1,30,1234,sintetico_poblacion_v1
18,1,2023,1,31,787,sintetico_poblacion_v1
18,1,2023,1,32,424,sintetico_poblacion_v1
18,1,2023,1,235,166,sintetico_poblacion_v1
18,1,2023,2,11,7476,sintetico_poblacion_v1
18,1,2023,2,12,6477,sintetico_poblacion_v1
18,1,2023,2,13,5612,sintetico_poblacion_v1
18,1,2023,2,14,4862,sintetico_poblacion_v1
18,1,2023,2,15,4213,sintetico_poblacion_v1
18,1,2023,2,16,3650,sintetico_poblacion_v1
18,1,2023,2,17,3232,sintetico_poblacion_v1
18,1,2023,2,18,2861,sintetico_poblacion_v1
18,1,2023,2,19,2531,sintetico_poblacion_v1
18,1,2023,2,20,2238,sintetico_poblacion_v1
18,1,2023,2,21,3544,sintetico_poblacion_v1
18,1,2023,2,30,1610,sintetico_poblacion_v1
18,1,2023,2,31,1076,sintetico_poblacion_v1
18,1,2023,2,32,608,sintetico_poblacion_v1
18,1,2023,2,235,250,sintetico_poblacion_v1
18,1,2024,1,11,7255,sintetico_poblacion_v1
18,1,2024,1,12,6285,sintetico_poblacion_v1
18,1,2024,1,13,5446,sintetico_poblacion_v1
18,1,2024,1,14,4719,sintetico_poblacion_v1
18,1,2024,1,15,4088,sintetico_poblacion_v1
18,1,2024,1,16,3542,sintetico_poblacion_v1
18,1,2024,1,17,2999,sintetico_poblacion_v1
18,1,2024,1,18,2537,sintetico_poblacion_v1
18,1,2024,1,19,2145,sintetico_poblacion_v1
18,1,2024,1,20,1813,sintetico_poblacion_v1
18,1,2024,1,21,2637,sintetico_poblacion_v1
18,1,2024,1,30,1246,sintetico_poblacion_v1
18,1,2024,1,31,795,sintetico_poblacion_v1
18,1,2024,1,32,428,sintetico_poblacion_v1
18,1,2024,1,235,168,sintetico_poblacion_v1
18,1,2024,2,11,7551,sintetico_poblacion_v1
18,1,2024,2,12,6542,sintetico_poblacion_v1
18,1,2024,2,13,5668,sintetico_poblacion_v1
18,1,2024,2,14,4911,sintetico_poblacion_v1
18,1,2024,2,15,4255,sintetico_poblacion_v1
18,1,2024,2,16,3686,sintetico_poblacion_v1
18,1,2024,2,17,3264,sintetico_poblacion_v1
18,1,2024,2,18,2890,sintetico_poblacion_v1
18,1,2024,2,19,2556,sintetico_poblacion_v1
18,1,2024,2,20,2260,sintetico_poblacion_v1
18,1,2024,2,21,3579,sintetico_poblacion_v1
18,1,2024,2,30,1626,sintetico_poblacion_v1
18,1,2024,2,31,1087,sintetico_poblacion_v1
18,1,2024,2,32,614,sintetico_poblacion_v1
18,1,2024,2,235,252,sintetico_poblacion_v1
19,1,2019,1,11,9644,sintetico_poblacion_v1
19,1,2019,1,12,8229,sintetico_poblacion_v1
19,1,2019,1,13,7020,sintetico_poblacion_v1
19,1,2019,1,14,5990,sintetico_poblacion_v1
19,1,2019,1,15,5110,sintetico_poblacion_v1
19,1,2019,1,16,4360,sintetico_poblacion_v1
19,1,2019,1,17,3635,sintetico_poblacion_v1
19,1,2019,1,18,3028,sintetico_poblacion_v1
19,1,2019,1,19,2521,sintetico_poblacion_v1
19,1,2019,1,20,2099,sintetico_poblacion_v1
19,1,2019,1,21,2968,sintetico_poblacion_v1
19,1,2019,1,30,1420,sintetico_poblacion_v1
19,1,2019,1,31,892,sintetico_poblacion_v1
19,1,2019,1,32,474,sintetico_poblacion_v1
19,1,2019,1,235,182,sintetico_poblacion_v1
19,1,2019,2,11,10039,sintetico_poblacion_v1
19,1,2019,2,12,8564,sintetico_poblacion_v1
19,1,2019,2,13,7307,sintetico_poblacion_v1
19,1,2019,2,14,6234,sintetico_poblacion_v1
19,1,2019,2,15,5319,sintetico_poblacion_v1
19,1,2019,2,16,4538,sintetico_poblacion_v1
19,1,2019,2,17,3957,sintetico_poblacion_v1
19,1,2019,2,18,3449,sintetico_poblacion_v1
19,1,2019,2,19,3005,sintetico_poblacion_v1
19,1,2019,2,20,2616,sintetico_poblacion_v1
19,1,2019,2,21,4026,sintetico_poblacion_v1
19,1,2019,2,30,1854,sintetico_poblacion_v1
19,1,2019,2,31,1219,sintetico_poblacion_v1
19,1,2019,2,32,678,sintetico_poblacion_v1
19,1,2019,2,235,275,sintetico_poblacion_v1
19,1,2023,1,11,10152,sintetico_poblacion_v1
19,1,2023,1,12,8662,sintetico_poblacion_v1
19,1,2023,1,13,7390,sintetico_poblacion_v1
19,1,2023,1,14,6305,sintetico_poblacion_v1
19,1,2023,1,15,5379,sintetico_poblacion_v1
19,1,2023,1,16,4590,sintetico_poblacion_v1
19,1,2023,1,17,3826,sintetico_poblacion_v1
19,1,2023,1,18,3187,sintetico_poblacion_v1
19,1,2023,1,19,2654,sintetico_poblacion_v1
19,1,2023,1,20,2209,sintetico_poblacion_v1
19,1,2023,1,21,3125,sintetico_poblacion_v1
19,1,2023,1,30,1495,sintetico_poblacion_v1
19,1,2023,1,31,939,sintetico_poblacion_v1
19,1,2023,1,32,499,sintetico_poblacion_v1
19,1,2023,1,235,192,sintetico_poblacion_v1
19,1,2023,2,11,10567,sintetico_poblacion_v1
19,1,2023,2,12,9015,sintetico_poblacion_v1
19,1,2023,2,13,7692,sintetico_poblacion_v1
19,1,2023,2,14,6562,sintetico_poblacion_v1
19,1,2023,2,15,5599,sintetico_poblacion_v1
19,1,2023,2,16,4777,sintetico_poblacion_v1
19,1,2023,2,17,4165,sintetico_poblacion_v1
19,1,2023,2,18,3631,sintetico_poblacion_v1
19,1,2023,2,19,3163,sintetico_poblacion_v1
19,1,2023,2,20,2754,sintetico_poblacion_v1
19,1,2023,2,21,4238,sintetico_poblacion_v1
19,1,2023,2,30,1952,sintetico_poblacion_v1
19,1,2023,2,31,1283,sintetico_poblacion_v1
19,1,2023,2,32,714,sintetico_poblacion_v1
19,1,2023,2,235,289,sintetico_poblacion_v1
19,1,2024,1,11,10254,sintetico_poblacion_v1
19,1,2024,1,12,8749,sintetico_poblacion_v1
19,1,2024,1,13,7464,sintetico_poblacion_v1
19,1,2024,1,14,6368,sintetico_poblacion_v1
19,1,2024,1,15,5433,sintetico_poblacion_v1
19,1,2024,1,16,4636,sintetico_poblacion_v1
19,1,2024,1,17,3864,sintetico_poblacion_v1
19,1,2024,1,18,3219,sintetico_poblacion_v1
19,1,2024,1,19,2681,sintetico_poblacion_v1
19,1,2024,1,20,2231,sintetico_poblacion_v1
19,1,2024,1,21,3156,sintetico_poblacion_v1
19,1,2024,1,30,1510,sintetico_poblacion_v1
19,1,2024,1,31,948,sintetico_poblacion_v1
19,1,2024,1,32,504,sintetico_poblacion_v1
19,1,2024,1,235,194,sintetico_poblacion_v1
19,1,2024,2,11,10673,sintetico_poblacion_v1
19,1,2024,2,12,9105,sintetico_poblacion_v1
19,1,2024,2,13,7769,sintetico_poblacion_v1
19,1,2024,2,14,6628,sintetico_poblacion_v1
19,1,2024,2,15,5655,sintetico_poblacion_v1
19,1,2024,2,16,4825,sintetico_poblacion_v1
19,1,2024,2,17,4207,sintetico_poblacion_v1
19,1,2024,2,18,3667,sintetico_poblacion_v1
19,1,2024,2,19,3195,sintetico_poblacion_v1
19,1,2024,2,20,2782,sintetico_poblacion_v1
19,1,2024,2,21,4281,sintetico_poblacion_v1
19,1,2024,2,30,1972,sintetico_poblacion_v1
19,1,2024,2,31,1296,sintetico_poblacion_v1
19,1,2024,2,32,721,sintetico_poblacion_v1
19,1,2024,2,235,292,sintetico_poblacion_v1
20,1,2019,1,11,75951,sintetico_poblacion_v1
20,1,2019,1,12,64800,sintetico_poblacion_v1
20,1,2019,1,13,55286,sintetico_poblacion_v1
20,1,2019,1,14,47169,sintetico_poblacion_v1
20,1,2019,1,15,40244,sintetico_poblacion_v1
20,1,2019,1,16,34336,sintetico_poblacion_v1
20,1,2019,1,17,28622,sintetico_poblacion_v1
20,1,2019,1,18,23846,sintetico_poblacion_v1
20,1,2019,1,19,19855,sintetico_poblacion_v1
20,1,2019,1,20,16522,sintetico_poblacion_v1
20,1,2019,1,21,23380,sintetico_poblacion_v1
20,1,2019,1,30,11184,sintetico_poblacion_v1
20,1,2019,1,31,7025,sintetico_poblacion_v1
20,1,2019,1,32,3731,sintetico_poblacion_v1
20,1,2019,1,235,1440,sintetico_poblacion_v1
20,1,2019,2,11,79051,sintetico_poblacion_v1
20,1,2019,2,12,67445,sintetico_poblacion_v1
20,1,2019,2,13,57542,sintetico_poblacion_v1
20,1,2019,2,14,49094,sintetico_poblacion_v1
20,1,2019,2,15,41886,sintetico_poblacion_v1
20,1,2019,2,16,35737,sintetico_poblacion_v1
20,1,2019,2,17,31163,sintetico_poblacion_v1
20,1,2019,2,18,27161,sintetico_poblacion_v1
20,1,2019,2,19,23663,sintetico_poblacion_v1
20,1,2019,2,20,20606,sintetico_poblacion_v1
20,1,2019,2,21,31704,sintetico_poblacion_v1
20,1,2019,2,30,14601,sintetico_poblacion_v1
20,1,2019,2,31,9602,sintetico_poblacion_v1
20,1,2019,2,32,5341,sintetico_poblacion_v1
20,1,2019,2,235,2160,sintetico_poblacion_v1
20,1,2023,1,11,79948,sintetico_poblacion_v1
20,1,2023,1,12,68211,sintetico_poblacion_v1
20,1,2023,1,13,58196,sintetico_poblacion_v1
20,1,2023,1,14,49652,sintetico_poblacion_v1
20,1,2023,1,15,42362,sintetico_poblacion_v1
20,1,2023,1,16,36143,sintetico_poblacion_v1
20,1,2023,1,17,30128,sintetico_poblacion_v1
20,1,2023,1,18,25101,sintetico_poblacion_v1
20,1,2023,1,19,20900,sintetico_poblacion_v1
20,1,2023,1,20,17392,sintetico_poblacion_v1
20,1,2023,1,21,24611,sintetico_poblacion_v1
20,1,2023,1,30,11773,sintetico_poblacion_v1
20,1,2023,1,31,7395,sintetico_poblacion_v1
20,1,2023,1,32,3927,sintetico_poblacion_v1
20,1,2023,1,235,1516,sintetico_poblacion_v1
20,1,2023,2,11,83212,sintetico_poblacion_v1
20,1,2023,2,12,70995,sintetico_poblacion_v1
20,1,2023,2,13,60571,sintetico_poblacion_v1
20,1,2023,2,14,51678,sintetico_poblacion_v1
20,1,2023,2,15,44091,sintetico_poblacion_v1
20,1,2023,2,16,37618,sintetico_poblacion_v1
20,1,2023,2,17,32803,sintetico_poblacion_v1
20,1,2023,2,18,28591,sintetico_poblacion_v1
20,1,2023,2,19,24908,sintetico_poblacion_v1
20,1,2023,2,20,21691,sintetico_poblacion_v1
20,1,2023,2,21,33372,sintetico_poblacion_v1
20,1,2023,2,30,15369,sintetico_poblacion_v1
20,1,2023,2,31,10107,sintetico_poblacion_v1
20,1,2023,2,32,5622,sintetico_poblacion_v1
20,1,2023,2,235,2274,sintetico_poblacion_v1
20,1,2024,1,11,80747,sintetico_poblacion_v1
20,1,2024,1,12,68893,sintetico_poblacion_v1
20,1,2024,1,13,58778,sintetico_poblacion_v1
20,1,2024,1,14,50149,sintetico_poblacion_v1
20,1,2024,1,15,42786,sintetico_poblacion_v1
20,1,2024,1,16,36504,sintetico_poblacion_v1
20,1,2024,1,17,30429,sintetico_poblacion_v1
20,1,2024,1,18,25352,sintetico_poblacion_v1
20,1,2024,1,19,21109,sintetico_poblacion_v1
20,1,2024,1,20,17566,sintetico_poblacion_v1
20,1,2024,1,21,24857,sintetico_poblacion_v1
20,1,2024,1,30,11891,sintetico_poblacion_v1
20,1,2024,1,31,7469,sintetico_poblacion_v1
20,1,2024,1,32,3966,sintetico_poblacion_v1
20,1,2024,1,235,1531,sintetico_poblacion_v1
20,1,2024,2,11,84044,sintetico_poblacion_v1
20,1,2024,2,12,71705,sintetico_poblacion_v1
20,1,2024,2,13,61177,sintetico_poblacion_v1
20,1,2024,2,14,52195,sintetico_poblacion_v1
20,1,2024,2,15,44532,sintetico_poblacion_v1
20,1,2024,2,16,37994,sintetico_poblacion_v1
20,1,2024,2,17,33131,sintetico_poblacion_v1
20,1,2024,2,18,28877,sintetico_poblacion_v1
20,1,2024,2,19,25157,sintetico_poblacion_v1
20,1,2024,2,20,21908,sintetico_poblacion_v1
20,1,2024,2,21,33706,sintetico_poblacion_v1
20,1,2024,2,30,15523,sintetico_poblacion_v1
20,1,2024,2,31,10208,sintetico_poblacion_v1
20,1,2024,2,32,5678,sintetico_poblacion_v1
20,1,2024,2,235,2297,sintetico_poblacion_v1
21,1,2019,1,11,47017,sintetico_poblacion_v1
21,1,2019,1,12,40115,sintetico_poblacion_v1
21,1,2019,1,13,34225,sintetico_poblacion_v1
21,1,2019,1,14,29200,sintetico_poblacion_v1
21,1,2019,1,15,24913,sintetico_poblacion_v1
21,1,2019,1,16,21255,sintetico_poblacion_v1
21,1,2019,1,17,17718,sintetico_poblacion_v1
21,1,2019,1,18,14762,sintetico_poblacion_v1
21,1,2019,1,19,12291,sintetico_poblacion_v1
21,1,2019,1,20,10228,sintetico_poblacion_v1
21,1,2019,1,21,14473,sintetico_poblacion_v1
21,1,2019,1,30,6924,sintetico_poblacion_v1
21,1,2019,1,31,4349,sintetico_poblacion_v1
21,1,2019,1,32,2309,sintetico_poblacion_v1
21,1,2019,1,235,891,sintetico_poblacion_v1
21,1,2019,2,11,48936,sintetico_poblacion_v1
21,1,2019,2,12,41752,sintetico_poblacion_v1
21,1,2019,2,13,35622,sintetico_poblacion_v1
21,1,2019,2,14,30391,sintetico_poblacion_v1
21,1,2019,2,15,25929,sintetico_poblacion_v1
21,1,2019,2,16,22123,sintetico_poblacion_v1
21,1,2019,2,17,19291,sintetico_poblacion_v1
21,1,2019,2,18,16814,sintetico_poblacion_v1
21,1,2019,2,19,14649,sintetico_poblacion_v1
21,1,2019,2,20,12757,sintetico_poblacion_v1
21,1,2019,2,21,19627,sintetico_poblacion_v1
21,1,2019,2,30,9038,sintetico_poblacion_v1
21,1,2019,2,31,5944,sintetico_poblacion_v1
21,1,2019,2,32,3307,sintetico_poblacion_v1
21,1,2019,2,235,1338,sintetico_poblacion_v1
21,1,2023,1,11,49492,sintetico_poblacion_v1
21,1,2023,1,12,42226,sintetico_poblacion_v1
21,1,2023,1,13,36026,sintetico_poblacion_v1
21,1,2023,1,14,30737,sintetico_poblacion_v1
21,1,2023,1,15,26224,sintetico_poblacion_v1
21,1,2023,1,16,22374,sintetico_poblacion_v1
21,1,2023,1,17,18651,sintetico_poblacion_v1
21,1,2023,1,18,15539,sintetico_poblacion_v1
21,1,2023,1,19,12938,sintetico_poblacion_v1
21,1,2023,1,20,10766,sintetico_poblacion_v1
21,1,2023,1,21,15235,sintetico_poblacion_v1
21,1,2023,1,30,7288,sintetico_poblacion_v1
21,1,2023,1,31,4578,sintetico_poblacion_v1
21,1,2023,1,32,2431,sintetico_poblacion_v1
21,1,2023,1,235,938,sintetico_poblacion_v1
21,1,2023,2,11,51512,sintetico_poblacion_v1
21,1,2023,2,12,43949,sintetico_poblacion_v1
21,1,2023,2,13,37497,sintetico_poblacion_v1
21,1,2023,2,14,31991,sintetico_poblacion_v1
21,1,2023,2,15,27294,sintetico_poblacion_v1
21,1,2023,2,16,23287,sintetico_poblacion_v1
21,1,2023,2,17,20306,sintetico_poblacion_v1
21,1,2023,2,18,17699,sintetico_poblacion_v1
21,1,2023,2,19,15420,sintetico_poblacion_v1
21,1,2023,2,20,13428,sintetico_poblacion_v1
21,1,2023,2,21,20660,sintetico_poblacion_v1
21,1,2023,2,30,9514,sintetico_poblacion_v1
21,1,2023,2,31,6257,sintetico_poblacion_v1
21,1,2023,2,32,3481,sintetico_poblacion_v1
21,1,2023,2,235,1408,sintetico_poblacion_v1
21,1,2024,1,11,49987,sintetico_poblacion_v1
21,1,2024,1,12,42648,sintetico_poblacion_v1
21,1,2024,1,13,36386,sintetico_poblacion_v1
21,1,2024,1,14,31044,sintetico_poblacion_v1
21,1,2024,1,15,26486,sintetico_poblacion_v1
21,1,2024,1,16,22598,sintetico_poblacion_v1
21,1,2024,1,17,18838,sintetico_poblacion_v1
21,1,2024,1,18,15694,sintetico_poblacion_v1
21,1,2024,1,19,13067,sintetico_poblacion_v1
21,1,2024,1,20,10874,sintetico_poblacion_v1
21,1,2024,1,21,15387,sintetico_poblacion_v1
21,1,2024,1,30,7361,sintetico_poblacion_v1
21,1,2024,1,31,4624,sintetico_poblacion_v1
21,1,2024,1,32,2455,sintetico_poblacion_v1
21,1,2024,1,235,947,sintetico_poblacion_v1
21,1,2024,2,11,52027,sintetico_poblacion_v1
21,1,2024,2,12,44388,sintetico_poblacion_v1
21,1,2024,2,13,37872,sintetico_poblacion_v1
21,1,2024,2,14,32311,sintetico_poblacion_v1
21,1,2024,2,15,27567,sintetico_poblacion_v1
21,1,2024,2,16,23520,sintetico_poblacion_v1
21,1,2024,2,17,20509,sintetico_poblacion_v1
21,1,2024,2,18,17876,sintetico_poblacion_v1
21,1,2024,2,19,15574,sintetico_poblacion_v1
21,1,2024,2,20,13562,sintetico_poblacion_v1
21,1,2024,2,21,20867,sintetico_poblacion_v1
21,1,2024,2,30,9609,sintetico_poblacion_v1
21,1,2024,2,31,6320,sintetico_poblacion_v1
21,1,2024,2,32,3516,sintetico_poblacion_v1
21,1,2024,2,235,1422,sintetico_poblacion_v1
22,1,2019,1,11,36087,sintetico_poblacion_v1
22,1,2019,1,12,30225,sintetico_poblacion_v1
22,1,2019,1,13,25316,sintetico_poblacion_v1
22,1,2019,1,14,21204,sintetico_poblacion_v1
22,1,2019,1,15,17760,sintetico_poblacion_v1
22,1,2019,1,16,14875,sintetico_poblacion_v1
22,1,2019,1,17,12173,sintetico_poblacion_v1
22,1,2019,1,18,9956,sintetico_poblacion_v1
22,1,2019,1,19,8139,sintetico_poblacion_v1
22,1,2019,1,20,6648,sintetico_poblacion_v1
22,1,2019,1,21,9102,sintetico_poblacion_v1
22,1,2019,1,30,4418,sintetico_poblacion_v1
22,1,2019,1,31,2725,sintetico_poblacion_v1
22,1,2019,1,32,1420,sintetico_poblacion_v1
22,1,2019,1,235,539,sintetico_poblacion_v1
22,1,2019,2,11,37559,sintetico_poblacion_v1
22,1,2019,2,12,31459,sintetico_poblacion_v1
22,1,2019,2,13,26349,sintetico_poblacion_v1
22,1,2019,2,14,22069,sintetico_poblacion_v1
22,1,2019,2,15,18485,sintetico_poblacion_v1
22,1,2019,2,16,15482,sintetico_poblacion_v1
22,1,2019,2,17,13253,sintetico_poblacion_v1
22,1,2019,2,18,11341,sintetico_poblacion_v1
22,1,2019,2,19,9700,sintetico_poblacion_v1
22,1,2019,2,20,8292,sintetico_poblacion_v1
22,1,2019,2,21,12333,sintetico_poblacion_v1
22,1,2019,2,30,5767,sintetico_poblacion_v1
22,1,2019,2,31,3724,sintetico_poblacion_v1
22,1,2019,2,32,2034,sintetico_poblacion_v1
22,1,2019,2,235,808,sintetico_poblacion_v1
22,1,2023,1,11,37986,sintetico_poblacion_v1
22,1,2023,1,12,31816,sintetico_poblacion_v1
22,1,2023,1,13,26648,sintetico_poblacion_v1
22,1,2023,1,14,22320,sintetico_poblacion_v1
22,1,2023,1,15,18695,sintetico_poblacion_v1
22,1,2023,1,16,15658,sintetico_poblacion_v1
22,1,2023,1,17,12814,sintetico_poblacion_v1
22,1,2023,1,18,10480,sintetico_poblacion_v1
22,1,2023,1,19,8567,sintetico_poblacion_v1
22,1,2023,1,20,6998,sintetico_poblacion_v1
22,1,2023,1,21,9581,sintetico_poblacion_v1
22,1,2023,1,30,4651,sintetico_poblacion_v1
22,1,2023,1,31,2868,sintetico_poblacion_v1
22,1,2023,1,32,1495,sintetico_poblacion_v1
22,1,2023,1,235,567,sintetico_poblacion_v1
22,1,2023,2,11,39536,sintetico_poblacion_v1
22,1,2023,2,12,33115,sintetico_poblacion_v1
22,1,2023,2,13,27736,sintetico_poblacion_v1
22,1,2023,2,14,23231,sintetico_poblacion_v1
22,1,2023,2,15,19458,sintetico_poblacion_v1
22,1,2023,2,16,16297,sintetico_poblacion_v1
22,1,2023,2,17,13951,sintetico_poblacion_v1
22,1,2023,2,18,11938,sintetico_poblacion_v1
22,1,2023,2,19,10210,sintetico_poblacion_v1
22,1,2023,2,20,8728,sintetico_poblacion_v1
22,1,2023,2,21,12982,sintetico_poblacion_v1
22,1,2023,2,30,6071,sintetico_poblacion_v1
22,1,2023,2,31,3920,sintetico_poblacion_v1
22,1,2023,2,32,2141,sintetico_poblacion_v1
22,1,2023,2,235,850,sintetico_poblacion_v1
22,1,2024,1,11,38366,sintetico_poblacion_v1
22,1,2024,1,12,32134,sintetico_poblacion_v1
22,1,2024,1,13,26914,sintetico_poblacion_v1
22,1,2024,1,14,22543,sintetico_poblacion_v1
22,1,2024,1,15,18882,sintetico_poblacion_v1
22,1,2024,1,16,15815,sintetico_poblacion_v1
22,1,2024,1,17,12942,sintetico_poblacion_v1
22,1,2024,1,18,10585,sintetico_poblacion_v1
22,1,2024,1,19,8653,sintetico_poblacion_v1
22,1,2024,1,20,7068,sintetico_poblacion_v1
22,1,2024,1,21,9678,sintetico_poblacion_v1
22,1,2024,1,30,4698,sintetico_poblacion_v1
22,1,2024,1,31,2897,sintetico_poblacion_v1
22,1,2024,1,32,1510,sintetico_poblacion_v1
22,1,2024,1,235,573,sintetico_poblacion_v1
22,1,2024,2,11,39931,sintetico_poblacion_v1
22,1,2024,2,12,33446,sintetico_poblacion_v1
22,1,2024,2,13,28013,sintetico_poblacion_v1
22,1,2024,2,14,23463,sintetico_poblacion_v1
22,1,2024,2,15,19653,sintetico_poblacion_v1
22,1,2024,2,16,16460,sintetico_poblacion_v1
22,1,2024,2,17,14091,sintetico_poblacion_v1
22,1,2024,2,18,12057,sintetico_poblacion_v1
22,1,2024,2,19,10312,sintetico_poblacion_v1
22,1,2024,2,20,8815,sintetico_poblacion_v1
22,1,2024,2,21,13111,sintetico_poblacion_v1
22,1,2024,2,30,6132,sintetico_poblacion_v1
22,1,2024,2,31,3959,sintetico_poblacion_v1
22,1,2024,2,32,2162,sintetico_poblacion_v1
22,1,2024,2,235,858,sintetico_poblacion_v1
23,1,2019,1,11,12511,sintetico_poblacion_v1
23,1,2019,1,12,10840,sintetico_poblacion_v1
23,1,2019,1,13,9391,sintetico_poblacion_v1
23,1,2019,1,14,8137,sintetico_poblacion_v1
23,1,2019,1,15,7050,sintetico_poblacion_v1
23,1,2019,1,16,6108,sintetico_poblacion_v1
23,1,2019,1,17,5171,sintetico_poblacion_v1
23,1,2019,1,18,4375,sintetico_poblacion_v1
23,1,2019,1,19,3698,sintetico_poblacion_v1
23,1,2019,1,20,3126,sintetico_poblacion_v1
23,1,2019,1,21,4549,sintetico_poblacion_v1
23,1,2019,1,30,2149,sintetico_poblacion_v1
23,1,2019,1,31,1371,sintetico_poblacion_v1
23,1,2019,1,32,739,sintetico_poblacion_v1
23,1,2019,1,235,290,sintetico_poblacion_v1
23,1,2019,2,11,13021,sintetico_poblacion_v1
23,1,2019,2,12,11281,sintetico_poblacion_v1
23,1,2019,2,13,9775,sintetico_poblacion_v1
23,1,2019,2,14,8468,sintetico_poblacion_v1
23,1,2019,2,15,7337,sintetico_poblacion_v1
23,1,2019,2,16,6357,sintetico_poblacion_v1
23,1,2019,2,17,5630,sintetico_poblacion_v1
23,1,2019,2,18,4983,sintetico_poblacion_v1
23,1,2019,2,19,4408,sintetico_poblacion_v1
23,1,2019,2,20,3898,sintetico_poblacion_v1
23,1,2019,2,21,6170,sintetico_poblacion_v1
23,1,2019,2,30,2805,sintetico_poblacion_v1
23,1,2019,2,31,1873,sintetico_poblacion_v1
23,1,2019,2,32,1058,sintetico_poblacion_v1
23,1,2019,2,235,434,sintetico_poblacion_v1
23,1,2023,1,11,13169,sintetico_poblacion_v1
23,1,2023,1,12,11410,sintetico_poblacion_v1
23,1,2023,1,13,9885,sintetico_poblacion_v1
23,1,2023,1,14,8565,sintetico_poblacion_v1
23,1,2023,1,15,7421,sintetico_poblacion_v1
23,1,2023,1,16,6429,sintetico_poblacion_v1
23,1,2023,1,17,5443,sintetico_poblacion_v1
23,1,2023,1,18,4605,sintetico_poblacion_v1
23,1,2023,1,19,3893,sintetico_poblacion_v1
23,1,2023,1,20,3290,sintetico_poblacion_v1
23,1,2023,1,21,4788,sintetico_poblacion_v1
23,1,2023,1,30,2262,sintetico_poblacion_v1
23,1,2023,1,31,1443,sintetico_poblacion_v1
23,1,2023,1,32,778,sintetico_poblacion_v1
23,1,2023,1,235,305,sintetico_poblacion_v1
23,1,2023,2,11,13706,sintetico_poblacion_v1
23,1,2023,2,12,11875,sintetico_poblacion_v1
23,1,2023,2,13,10289,sintetico_poblacion_v1
23,1,2023,2,14,8914,sintetico_poblacion_v1
23,1,2023,2,15,7723,sintetico_poblacion_v1
23,1,2023,2,16,6692,sintetico_poblacion_v1
23,1,2023,2,17,5926,sintetico_poblacion_v1
23,1,2023,2,18,5245,sintetico_poblacion_v1
23,1,2023,2,19,4640,sintetico_poblacion_v1
23,1,2023,2,20,4103,sintetico_poblacion_v1
23,1,2023,2,21,6496,sintetico_poblacion_v1
23,1,2023,2,30,2953,sintetico_poblacion_v1
23,1,2023,2,31,1972,sintetico_poblacion_v1
23,1,2023,2,32,1114,sintetico_poblacion_v1
23,1,2023,2,235,457,sintetico_poblacion_v1
23,1,2024,1,11,13301,sintetico_poblacion_v1
23,1,2024,1,12,11524,sintetico_poblacion_v1
23,1,2024,1,13,9984,sintetico_poblacion_v1
23,1,2024,1,14,8651,sintetico_poblacion_v1
23,1,2024,1,15,7495,sintetico_poblacion_v1
23,1,2024,1,16,6493,sintetico_poblacion_v1
23,1,2024,1,17,5497,sintetico_poblacion_v1
23,1,2024,1,18,4651,sintetico_poblacion_v1
23,1,2024,1,19,3932,sintetico_poblacion_v1
23,1,2024,1,20,3323,sintetico_poblacion_v1
23,1,2024,1,21,4836,sintetico_poblacion_v1
23,1,2024,1,30,2285,sintetico_poblacion_v1
23,1,2024,1,31,1457,sintetico_poblacion_v1
23,1,2024,1,32,786,sintetico_poblacion_v1
23,1,2024,1,235,308,sintetico_poblacion_v1
23,1,2024,2,11,13843,sintetico_poblacion_v1
23,1,2024,2,12,11994,sintetico_poblacion_v1
23,1,2024,2,13,10392,sintetico_poblacion_v1
23,1,2024,2,14,9003,sintetico_poblacion_v1
23,1,2024,2,15,7800,sintetico_poblacion_v1
23,1,2024,2,16,6759,sintetico_poblacion_v1
23,1,2024,2,17,5985,sintetico_poblacion_v1
23,1,2024,2,18,5297,sintetico_poblacion_v1
23,1,2024,2,19,4686,sintetico_poblacion_v1
23,1,2024,2,20,4144,sintetico_poblacion_v1
23,1,2024,2,21,6562,sintetico_poblacion_v1
23,1,2024,2,30,2983,sintetico_poblacion_v1
23,1,2024,2,31,1992,sintetico_poblacion_v1
23,1,2024,2,32,1125,sintetico_poblacion_v1
23,1,2024,2,235,462,sintetico_poblacion_v1
24,1,2019,1,11,9644,sintetico_poblacion_v1
24,1,2019,1,12,8229,sintetico_poblacion_v1
24,1,2019,1,13,7020,sintetico_poblacion_v1
24,1,2019,1,14,5990,sintetico_poblacion_v1
24,1,2019,1,15,5110,sintetico_poblacion_v1
24,1,2019,1,16,4360,sintetico_poblacion_v1
24,1,2019,1,17,3635,sintetico_poblacion_v1
24,1,2019,1,18,3028,sintetico_poblacion_v1
24,1,2019,1,19,2521,sintetico_poblacion_v1
24,1,2019,1,20,2099,sintetico_poblacion_v1
24,1,2019,1,21,2968,sintetico_poblacion_v1
24,1,2019,1,30,1420,sintetico_poblacion_v1
24,1,2019,1,31,892,sintetico_poblacion_v1
24,1,2019,1,32,474,sintetico_poblacion_v1
24,1,2019,1,235,182,sintetico_poblacion_v1
24,1,2019,2,11,10039,sintetico_poblacion_v1
24,1,2019,2,12,8564,sintetico_poblacion_v1
24,1,2019,2,13,7307,sintetico_poblacion_v1
24,1,2019,2,14,6234,sintetico_poblacion_v1
24,1,2019,2,15,5319,sintetico_poblacion_v1
24,1,2019,2,16,4538,sintetico_poblacion_v1
24,1,2019,2,17,3957,sintetico_poblacion_v1
24,1,2019,2,18,3449,sintetico_poblacion_v1
24,1,2019,2,19,3005,sintetico_poblacion_v1
24,1,2019,2,20,2616,sintetico_poblacion_v1
24,1,2019,2,21,4026,sintetico_poblacion_v1
24,1,2019,2,30,1854,sintetico_poblacion_v1
24,1,2019,2,31,1219,sintetico_poblacion_v1
24,1,2019,2,32,678,sintetico_poblacion_v1
24,1,2019,2,235,275,sintetico_poblacion_v1
24,1,2023,1,11,10152,sintetico_poblacion_v1
24,1,2023,1,12,8662,sintetico_poblacion_v1
24,1,2023,1,13,7390,sintetico_poblacion_v1
24,1,2023,1,14,6305,sintetico_poblacion_v1
24,1,2023,1,15,5379,sintetico_poblacion_v1
24,1,2023,1,16,4590,sintetico_poblacion_v1
24,1,2023,1,17,3826,sintetico_poblacion_v1
24,1,2023,1,18,3187,sintetico_poblacion_v1
24,1,2023,1,19,2654,sintetico_poblacion_v1
24,1,2023,1,20,2209,sintetico_poblacion_v1
24,1,2023,1,21,3125,sintetico_poblacion_v1
24,1,2023,1,30,1495,sintetico_poblacion_v1
24,1,2023,1,31,939,sintetico_poblacion_v1
24,1,2023,1,32,499,sintetico_poblacion_v1
24,1,2023,1,235,192,sintetico_poblacion_v1
24,1,2023,2,11,10567,sintetico_poblacion_v1
24,1,2023,2,12,9015,sintetico_poblacion_v1
24,1,2023,2,13,7692,sintetico_poblacion_v1
24,1,2023,2,14,6562,sintetico_poblacion_v1
24,1,2023,2,15,5599,sintetico_poblacion_v1
24,1,2023,2,16,4777,sintetico_poblacion_v1
24,1,2023,2,17,4165,sintetico_poblacion_v1
24,1,2023,2,18,3631,sintetico_poblacion_v1
24,1,2023,2,19,3163,sintetico_poblacion_v1
24,1,2023,2,20,2754,sintetico_poblacion_v1
24,1,2023,2,21,4238,sintetico_poblacion_v1
24,1,2023,2,30,1952,sintetico_poblacion_v1
24,1,2023,2,31,1283,sintetico_poblacion_v1
24,1,2023,2,32,714,sintetico_poblacion_v1
24,1,2023,2,235,289,sintetico_poblacion_v1
24,1,2024,1,11,10254,sintetico_poblacion_v1
24,1,2024,1,12,8749,sintetico_poblacion_v1
24,1,2024,1,13,7464,sintetico_poblacion_v1
24,1,2024,1,14,6368,sintetico_poblacion_v1
24,1,2024,1,15,5433,sintetico_poblacion_v1
24,1,2024,1,16,4636,sintetico_poblacion_v1
24,1,2024,1,17,3864,sintetico_poblacion_v1
24,1,2024,1,18,3219,sintetico_poblacion_v1
24,1,2024,1,19,2681,sintetico_poblacion_v1
24,1,2024,1,20,2231,sintetico_poblacion_v1
24,1,2024,1,21,3156,sintetico_poblacion_v1
24,1,2024,1,30,1510,sintetico_poblacion_v1
24,1,2024,1,31,948,sintetico_poblacion_v1
24,1,2024,1,32,504,sintetico_poblacion_v1
24,1,2024,1,235,194,sintetico_poblacion_v1
24,1,2024,2,11,10673,sintetico_poblacion_v1
24,1,2024,2,12,9105,sintetico_poblacion_v1
24,1,2024,2,13,7769,sintetico_poblacion_v1
24,1,2024,2,14,6628,sintetico_poblacion_v1
24,1,2024,2,15,5655,sintetico_poblacion_v1
24,1,2024,2,16,4825,sintetico_poblacion_v1
24,1,2024,2,17,4207,sintetico_poblacion_v1
24,1,2024,2,18,3667,sintetico_poblacion_v1
24,1,2024,2,19,3195,sintetico_poblacion_v1
24,1,2024,2,20,2782,sintetico_poblacion_v1
24,1,2024,2,21,4281,sintetico_poblacion_v1
24,1,2024,2,30,1972,sintetico_poblacion_v1
24,1,2024,2,31,1296,sintetico_poblacion_v1
24,1,2024,2,32,721,sintetico_poblacion_v1
24,1,2024,2,235,292,sintetico_poblacion_v1
25,1,2019,1,11,23956,sintetico_poblacion_v1
25,1,2019,1,12,19881,sintetico_poblacion_v1
25,1,2019,1,13,16499,sintetico_poblacion_v1
25,1,2019,1,14,13691,sintetico_poblacion_v1
25,1,2019,1,15,11362,sintetico_poblacion_v1
25,1,2019,1,16,9430,sintetico_poblacion_v1
25,1,2019,1,17,7646,sintetico_poblacion_v1
25,1,2019,1,18,6196,sintetico_poblacion_v1
25,1,2019,1,19,5018,sintetico_poblacion_v1
25,1,2019,1,20,4062,sintetico_poblacion_v1
25,1,2019,1,21,5470,sintetico_poblacion_v1
25,1,2019,1,30,2674,sintetico_poblacion_v1
25,1,2019,1,31,1634,sintetico_poblacion_v1
25,1,2019,1,32,845,sintetico_poblacion_v1
25,1,2019,1,235,317,sintetico_poblacion_v1
25,1,2019,2,11,24934,sintetico_poblacion_v1
25,1,2019,2,12,20692,sintetico_poblacion_v1
25,1,2019,2,13,17172,sintetico_poblacion_v1
25,1,2019,2,14,14251,sintetico_poblacion_v1
25,1,2019,2,15,11827,sintetico_poblacion_v1
25,1,2019,2,16,9814,sintetico_poblacion_v1
25,1,2019,2,17,8324,sintetico_poblacion_v1
25,1,2019,2,18,7058,sintetico_poblacion_v1
25,1,2019,2,19,5980,sintetico_poblacion_v1
25,1,2019,2,20,5065,sintetico_poblacion_v1
25,1,2019,2,21,7407,sintetico_poblacion_v1
25,1,2019,2,30,3491,sintetico_poblacion_v1
25,1,2019,2,31,2233,sintetico_poblacion_v1
25,1,2019,2,32,1208,sintetico_poblacion_v1
25,1,2019,2,235,475,sintetico_poblacion_v1
25,1,2023,1,11,25217,sintetico_poblacion_v1
25,1,2023,1,12,20927,sintetico_poblacion_v1
25,1,2023,1,13,17367,sintetico_poblacion_v1
25,1,2023,1,14,14412,sintetico_poblacion_v1
25,1,2023,1,15,11960,sintetico_poblacion_v1
25,1,2023,1,16,9926,sintetico_poblacion_v1
25,1,2023,1,17,8048,sintetico_poblacion_v1
25,1,2023,1,18,6522,sintetico_poblacion_v1
25,1,2023,1,19,5282,sintetico_poblacion_v1
25,1,2023,1,20,4276,sintetico_poblacion_v1
25,1,2023,1,21,5758,sintetico_poblacion_v1
25,1,2023,1,30,2815,sintetico_poblacion_v1
25,1,2023,1,31,1720,sintetico_poblacion_v1
25,1,2023,1,32,889,sintetico_poblacion_v1
25,1,2023,1,235,334,sintetico_poblacion_v1
25,1,2023,2,11,26246,sintetico_poblacion_v1
25,1,2023,2,12,21781,sintetico_poblacion_v1
25,1,2023,2,13,18076,sintetico_poblacion_v1
25,1,2023,2,14,15001,sintetico_poblacion_v1
25,1,2023,2,15,12449,sintetico_poblacion_v1
25,1,2023,2,16,10331,sintetico_poblacion_v1
25,1,2023,2,17,8762,sintetico_poblacion_v1
25,1,2023,2,18,7429,sintetico_poblacion_v1
25,1,2023,2,19,6295,sintetico_poblacion_v1
25,1,2023,2,20,5332,sintetico_poblacion_v1
25,1,2023,2,21,7798,sintetico_poblacion_v1
25,1,2023,2,30,3675,sintetico_poblacion_v1
25,1,2023,2,31,2351,sintetico_poblacion_v1
25,1,2023,2,32,1272,sintetico_poblacion_v1
25,1,2023,2,235,500,sintetico_poblacion_v1
25,1,2024,1,11,25469,sintetico_poblacion_v1
25,1,2024,1,12,21136,sintetico_poblacion_v1
25,1,2024,1,13,17541,sintetico_poblacion_v1
25,1,2024,1,14,14556,sintetico_poblacion_v1
25,1,2024,1,15,12080,sintetico_poblacion_v1
25,1,2024,1,16,10025,sintetico_poblacion_v1
25,1,2024,1,17,8128,sintetico_poblacion_v1
25,1,2024,1,18,6587,sintetico_poblacion_v1
25,1,2024,1,19,5335,sintetico_poblacion_v1
25,1,2024,1,20,4319,sintetico_poblacion_v1
25,1,2024,1,21,5815,sintetico_poblacion_v1
25,1,2024,1,30,2843,sintetico_poblacion_v1
25,1,2024,1,31,1737,sintetico_poblacion_v1
25,1,2024,1,32,898,sintetico_poblacion_v1
25,1,2024,1,235,337,sintetico_poblacion_v1
25,1,2024,2,11,26508,sintetico_poblacion_v1
25,1,2024,2,12,21999,sintetico_poblacion_v1
25,1,2024,2,13,18257,sintetico_poblacion_v1
25,1,2024,2,14,15151,sintetico_poblacion_v1
25,1,2024,2,15,12573,sintetico_poblacion_v1
25,1,2024,2,16,10434,sintetico_poblacion_v1
25,1,2024,2,17,8850,sintetico_poblacion_v1
25,1,2024,2,18,7503,sintetico_poblacion_v1
25,1,2024,2,19,6358,sintetico_poblacion_v1
25,1,2024,2,20,5385,sintetico_poblacion_v1
25,1,2024,2,21,7877,sintetico_poblacion_v1
25,1,2024,2,30,3712,sintetico_poblacion_v1
25,1,2024,2,31,2375,sintetico_poblacion_v1
25,1,2024,2,32,1285,sintetico_poblacion_v1
25,1,2024,2,235,505,sintetico_poblacion_v1
